id.exposure,id.outcome,outcome,exposure,egger_intercept,se,pval
0QP8sM,PauWr9,alcd,hipv2015,-0.01548286741415444,0.025486008244023268,0.5585306271978825
