id.exposure,id.outcome,outcome,exposure,method,nsnp,b,se,pval
0QP8sM,PauWr9,alcd,hipv2015,Inverse variance weighted (fixed effects),11,2.197323271753118e-4,3.0056638526020877e-4,0.4647419655741795
0QP8sM,PauWr9,alcd,hipv2015,Weighted median,11,2.046629172144057e-4,3.7114695868789284e-4,0.5813364476251976
0QP8sM,PauWr9,alcd,hipv2015,Weighted mode,11,1.4516513065344645e-4,6.500869179464366e-4,0.8277966218437943
0QP8sM,PauWr9,alcd,hipv2015,MR Egger,11,6.895400002503963e-4,8.296957645376696e-4,0.4274280746856568
