id.exposure,id.outcome,outcome,exposure,method,nsnp,b,se,pval
raH2l5,AmMekM,hipv,alcc,Inverse variance weighted (fixed effects),12,-0.15742125062665915,0.16683721334605883,0.3453935309215944
raH2l5,AmMekM,hipv,alcc,Weighted median,12,-0.16727073030800987,0.2064701371643106,0.41785689644252355
raH2l5,AmMekM,hipv,alcc,Weighted mode,12,-0.1761455793684703,0.18686450468563603,0.36610863891430945
raH2l5,AmMekM,hipv,alcc,MR Egger,12,-0.5983807515079808,0.7851132045790712,0.46356259531022703
