id.exposure,id.outcome,outcome,exposure,method,nsnp,b,se,pval
EcvAs1,eT2V6z,hipv,alcc,Inverse variance weighted (fixed effects),51,-0.05685196343458093,0.09807613670389775,0.5621360137418856
EcvAs1,eT2V6z,hipv,alcc,Weighted median,51,-0.16835041762197567,0.1366875808744047,0.21808215515507223
EcvAs1,eT2V6z,hipv,alcc,Weighted mode,51,-0.1935257129903336,0.16908357271033791,0.2578424838180242
EcvAs1,eT2V6z,hipv,alcc,MR Egger,51,-0.5510088383038652,0.4753257669545752,0.25198306706392737
