id.exposure,id.outcome,outcome,exposure,method,nsnp,b,se,pval
tzvy8Y,ygie0S,hipv,alcc,Inverse variance weighted (fixed effects),12,-0.15742125062665915,0.16683721334605883,0.3453935309215944
tzvy8Y,ygie0S,hipv,alcc,Weighted median,12,-0.16727073030800987,0.19774569140132295,0.3976151628110889
tzvy8Y,ygie0S,hipv,alcc,Weighted mode,12,-0.1761455793684703,0.20087287072026622,0.3992867260425441
tzvy8Y,ygie0S,hipv,alcc,MR Egger,12,-0.5983807515079808,0.7851132045790712,0.46356259531022703
