id.exposure,id.outcome,outcome,exposure,method,nsnp,b,se,pval
PiUaDy,SRP0fi,hipv,alcc,Inverse variance weighted (fixed effects),52,-0.055169284888544515,0.0980587708019217,0.5736974260059549
PiUaDy,SRP0fi,hipv,alcc,Weighted median,52,-0.1682937200442143,0.1367005323898006,0.21828082970820128
PiUaDy,SRP0fi,hipv,alcc,Weighted mode,52,-0.18221526096600904,0.17172312037597837,0.2936440793860732
PiUaDy,SRP0fi,hipv,alcc,MR Egger,52,-0.5559668746518562,0.47384912888287156,0.2462348901515624
