id.exposure,id.outcome,outcome,exposure,method,nsnp,b,se,pval
jNlOu0,gySBEV,hipv,alcc,Inverse variance weighted (fixed effects),12,-0.15742125062665913,0.16683721334605883,0.3453935309215946
jNlOu0,gySBEV,hipv,alcc,Weighted median,12,-0.16727073030800987,0.20970545211770347,0.42507590655280864
jNlOu0,gySBEV,hipv,alcc,Weighted mode,12,-0.1761455793684703,0.19536378689881667,0.3865702553920112
jNlOu0,gySBEV,hipv,alcc,MR Egger,12,-0.5983807515079808,0.7851132045790712,0.46356259531022703
