id.exposure,id.outcome,outcome,exposure,method,nsnp,b,se,pval
niqtKK,mh9Vlu,hipv,alcc,Inverse variance weighted (fixed effects),52,-0.055169284888544515,0.0980587708019217,0.5736974260059549
niqtKK,mh9Vlu,hipv,alcc,Weighted median,52,-0.1682937200442143,0.1381538230798413,0.22316246474443188
niqtKK,mh9Vlu,hipv,alcc,Weighted mode,52,-0.18221526096600904,0.16667745903537648,0.2794338709965005
niqtKK,mh9Vlu,hipv,alcc,MR Egger,52,-0.5559668746518562,0.47384912888287156,0.2462348901515624
