id.exposure,id.outcome,outcome,exposure,method,nsnp,b,se,pval
jNlOu0,gySBEV,hipv,alcc,Inverse variance weighted (fixed effects),12,-0.15742125062665913,0.16683721334605883,0.3453935309215946
jNlOu0,gySBEV,hipv,alcc,Weighted median,12,-0.16727073030800987,0.21084442608664128,0.427581378581146
jNlOu0,gySBEV,hipv,alcc,Weighted mode,12,-0.1761455793684703,0.20365948646263374,0.4055594640812804
jNlOu0,gySBEV,hipv,alcc,MR Egger,12,-0.5983807515079808,0.7851132045790712,0.46356259531022703
