target_snp,proxy_snp,ld.r2,Dprime,PHASE,X12,CHR,POS,Effect_allele.proxy,Non_Effect_allele.proxy,EAF,Beta,SE,P,r2,N,ref,ref.proxy,alt,alt.proxy,Effect_allele,Non_Effect_allele,proxy.outcome
rs451162,rs388631,1,1,GT/CC,NA,1,4834229,T,C,0.208,-0.0144,0.0192,0.4517,6.831931392e-5,54162,G,T,C,C,G,C,TRUE
rs182589382,rs140311383,0.988707,1,TT/CC,NA,2,60417210,T,C,0.1059,-0.0635,0.0424,0.1338,7.635887147549999e-4,54162,T,T,C,C,T,C,TRUE
rs1518367,rs7557203,1,1,TA/AG,NA,2,198795650,A,G,0.3155,-0.0121,0.0165,0.4629,6.3237333995e-5,54162,T,A,A,G,T,A,TRUE
rs73104582,rs76019009,0.917268,1,TG/GT,NA,4,10136710,G,T,0.7777,0.0044,0.0251,0.8597,6.694018531200002e-6,54162,T,G,G,T,T,G,TRUE
rs34215985,rs11725865,0.948403,1,CC/GT,NA,4,42036634,C,T,0.7926,-0.013,0.0189,0.4913,5.556221112e-5,54162,C,C,G,T,C,G,TRUE
rs3094005,rs1800628,0.934626,0.98632,TA/GG,NA,6,31546850,A,G,0.0963,-0.0223,0.0294,0.4477,8.655462739980001e-5,54162,T,A,G,G,T,G,TRUE
rs1403175,rs10268609,1,1,AG/TT,NA,7,1962163,G,T,0.8182,0.0387,0.0208,0.06331,4.455590607287999e-4,54162,A,G,T,T,A,T,TRUE
rs2342502,rs6970287,0.891248,0.974692,GC/CT,NA,7,4150914,C,T,0.5648,0.0108,0.0165,0.5133,5.7340447948800005e-5,54162,G,C,C,T,G,C,TRUE
rs12672058,rs10226944,0.987622,0.995848,CT/GC,NA,7,82956889,T,C,0.4285,-0.0029,0.0158,0.8552,4.119011954999999e-6,54162,C,T,G,C,C,G,TRUE
rs6999559,rs6997208,0.901347,1,AA/GG,NA,8,61742302,A,G,0.2353,0.0055,0.0182,0.7619,1.0886001554999999e-5,54162,A,A,G,G,A,G,TRUE
rs2447670,rs2761593,0.83892,1,TG/GT,NA,11,31326752,G,T,0.6599,-0.0145,0.0163,0.373,9.437365179500001e-5,54162,T,G,G,T,T,G,TRUE
rs77741769,rs61946383,0.995827,1,TG/CA,NA,12,121356075,G,A,0.6555,-0.0211,0.0181,0.2428,2.0107442179500003e-4,54162,T,G,C,A,T,C,TRUE
rs415551,rs238859,0.914814,0.977561,TT/GC,NA,22,34157814,T,C,0.1259,-0.0182,0.0232,0.4333,7.29053873912e-5,54162,T,T,G,C,T,G,TRUE
rs2267983,rs1076650,0.991179,1,AA/CG,NA,22,50697636,A,G,0.3314,-0.0328,0.0181,0.06956,4.767564303872001e-4,54162,A,A,C,G,A,C,TRUE
rs76485002,NA,NA,NA,NA,NA,NA,NA,NA,NA,NA,NA,NA,NA,NA,NA,NA,NA,NA,NA,NA,NA,NA
rs80315381,NA,NA,NA,NA,NA,NA,NA,NA,NA,NA,NA,NA,NA,NA,NA,NA,NA,NA,NA,NA,NA,NA
rs142091199,NA,NA,NA,NA,NA,NA,NA,NA,NA,NA,NA,NA,NA,NA,NA,NA,NA,NA,NA,NA,NA,NA
