id.exposure,id.outcome,outcome,exposure,method,nsnp,b,se,pval
dEv6fb,x1c4Vk,hipv,bmi,Inverse variance weighted (fixed effects),1610,0.0310214175921702,0.017165839388211035,0.07073734220488767
dEv6fb,x1c4Vk,hipv,bmi,Weighted median,1610,0.07766744420506456,0.029390384070635708,0.00822687337719702
dEv6fb,x1c4Vk,hipv,bmi,Weighted mode,1610,0.16731674740691505,0.0815343572893339,0.04032133869410719
dEv6fb,x1c4Vk,hipv,bmi,MR Egger,1610,0.13216722341888545,0.05880737884640168,0.024745743692609432
