id.exposure,id.outcome,outcome,exposure,method,nsnp,b,se,pval
EteNUe,eJQ72p,hipv,bmi,Inverse variance weighted (fixed effects),3287,0.018008224612243842,0.014114206518204647,0.20199316265564807
EteNUe,eJQ72p,hipv,bmi,Weighted median,3287,0.055932458557084064,0.023949325158618025,0.019519909510780885
EteNUe,eJQ72p,hipv,bmi,Weighted mode,3287,0.13534296923721012,0.07640534957591776,0.07659006881363616
EteNUe,eJQ72p,hipv,bmi,MR Egger,3287,0.10421281104059835,0.04586257992928358,0.023133714939052346
