target_snp,proxy_snp,ld.r2,Dprime,PHASE,X12,CHR,POS,Effect_allele.proxy,Non_Effect_allele.proxy,EAF,Beta,SE,P,r2,N,ref,ref.proxy,alt,alt.proxy,Effect_allele,Non_Effect_allele,proxy.outcome
rs6878122,rs7708285,0.955243,0.990741,GG/AA,NA,5,76425867,A,G,0.6943,-0.0611,0.05,0.2217,0.0015847290536142,4914,G,G,A,A,A,G,TRUE
rs2842356,rs2842359,0.842963,0.985973,GG/CA,NA,6,7265235,A,G,0.6119,-0.0204,0.0458,0.6567,1.9765801356480002e-4,4914,G,G,C,A,C,G,TRUE
rs72892910,rs62405437,0.972828,1,TC/GT,NA,6,50813729,T,C,0.8157,-0.0105,0.0565,0.8526,3.3148538955e-5,4914,T,C,G,T,G,T,TRUE
rs13234269,rs6973807,0.995991,1,AG/TA,NA,7,130423972,A,G,0.5201,0.0737,0.0445,0.09791,0.0027114560858462,4914,A,G,T,A,T,A,TRUE
rs17411031,rs17411045,1,1,GC/CT,NA,8,19852362,T,C,0.7309,0.0242,0.0486,0.6188,2.3037342934320002e-4,4914,G,C,C,T,C,G,TRUE
rs2466321,rs2464579,1,1,CC/GT,NA,8,118216638,T,C,0.8567,0.0345,0.0622,0.579,2.92242344355e-4,4914,C,C,G,T,G,C,TRUE
rs1758632,rs2486675,1,1,CT/GG,NA,9,33845079,T,G,0.3728,0.0078,0.0452,0.8623,2.8451237068799998e-5,4914,C,T,G,G,C,G,TRUE
rs11591741,rs11597086,1,1,CC/GA,NA,10,101953705,A,C,0.5669,0.0657,0.0442,0.1374,0.0021196071483821997,4914,C,C,G,A,G,C,TRUE
rs7932966,rs6483215,0.994519,1,AA/TG,NA,11,92792115,A,G,0.2284,0.0307,0.0515,0.5515,3.321965097312001e-4,4914,A,A,T,G,A,T,TRUE
rs2915640,rs25643,0.925582,0.983423,AC/TT,NA,12,121660787,T,C,0.5566,-0.0563,0.0439,0.1998,0.0015645364158072001,4914,A,C,T,T,T,A,TRUE
rs963740,rs9316500,1,1,TG/AT,NA,13,51094114,T,G,0.7002,-0.0121,0.0476,0.79990000000000006,6.146876268719999e-5,4914,T,G,A,T,A,T,TRUE
rs4932143,rs7111,0.994944,1,GT/CC,NA,15,90373873,T,C,0.2695,-0.0068,0.0483,0.8884,1.8206514479999996e-5,4914,G,T,C,C,G,C,TRUE
rs9844972,NA,NA,NA,NA,NA,NA,NA,NA,NA,NA,NA,NA,NA,NA,NA,NA,NA,NA,NA,NA,NA,NA
rs10830963,NA,NA,NA,NA,NA,NA,NA,NA,NA,NA,NA,NA,NA,NA,NA,NA,NA,NA,NA,NA,NA,NA
