id.exposure,id.outcome,outcome,exposure,method,nsnp,b,se,pval
XsOoXt,kcq8cx,hipv2015,mvpa,Inverse variance weighted (fixed effects),128,-61.94076169460108,37.725500331888846,0.10061478088433647
XsOoXt,kcq8cx,hipv2015,mvpa,Weighted median,128,-0.21678627093480074,58.90288917561903,0.9970634712404842
XsOoXt,kcq8cx,hipv2015,mvpa,Weighted mode,128,129.58931735665965,186.8249610860882,0.48917455195190884
XsOoXt,kcq8cx,hipv2015,mvpa,MR Egger,128,-6.035338580226831,198.57489508212106,0.9758015091061278
