id.exposure,id.outcome,outcome,exposure,method,nsnp,b,se,pval
mGK90p,0aBgZT,hipv2015,mvpa,Inverse variance weighted (fixed effects),28,-29.783617518283734,71.25920651354102,0.675975136204979
mGK90p,0aBgZT,hipv2015,mvpa,Weighted median,28,99.61371870567527,114.84676450878115,0.3857436988489693
mGK90p,0aBgZT,hipv2015,mvpa,Weighted mode,28,210.27972566023777,219.94100720694382,0.3475179050710816
mGK90p,0aBgZT,hipv2015,mvpa,MR Egger,28,162.85487880292177,481.8722807783826,0.7381049632968585
