id.exposure,id.outcome,outcome,exposure,method,nsnp,b,se,pval
7aGGRY,knJxkK,hipv2015,mvpa,Inverse variance weighted (fixed effects),128,-61.940761694601086,37.725500331888846,0.10061478088433641
7aGGRY,knJxkK,hipv2015,mvpa,Weighted median,128,-0.21678627093480074,57.914883044923464,0.9970133753958933
7aGGRY,knJxkK,hipv2015,mvpa,Weighted mode,128,129.58931735665965,186.5702274948479,0.4885826921814407
7aGGRY,knJxkK,hipv2015,mvpa,MR Egger,128,-6.03533858022671,198.57489508212103,0.9758015091061283
