id.exposure,id.outcome,outcome,exposure,method,nsnp,b,se,pval
X0w1sn,Iyb2Nc,hipv2015,mvpa,Inverse variance weighted (fixed effects),27,-89.04149011523123,71.54496699742943,0.21329617377263038
X0w1sn,Iyb2Nc,hipv2015,mvpa,Weighted median,27,99.25508976484087,117.50937467590083,0.39830249836814935
X0w1sn,Iyb2Nc,hipv2015,mvpa,Weighted mode,27,180.96372621214664,196.24979414332088,0.3649497756128285
X0w1sn,Iyb2Nc,hipv2015,mvpa,MR Egger,27,-32.60388339272306,612.1500644091665,0.9579470750027237
