id.exposure,id.outcome,outcome,exposure,method,nsnp,b,se,pval
T1hqWx,TG6IPM,hipv2015,mvpa,Inverse variance weighted (fixed effects),28,-29.78361751828372,71.25920651354102,0.6759751362049791
T1hqWx,TG6IPM,hipv2015,mvpa,Weighted median,28,99.61371870567527,116.6114408181059,0.39297410733191795
T1hqWx,TG6IPM,hipv2015,mvpa,Weighted mode,28,210.27972566023777,201.52161814588132,0.30598848289419306
T1hqWx,TG6IPM,hipv2015,mvpa,MR Egger,28,162.8548788029219,481.87228077838245,0.7381049632968583
