id.exposure,id.outcome,outcome,exposure,method,nsnp,b,se,pval
mGK90p,0aBgZT,hipv2015,mvpa,Inverse variance weighted (fixed effects),29,-84.41951812901107,69.4491078996803,0.22415279606584942
mGK90p,0aBgZT,hipv2015,mvpa,Weighted median,29,99.2852455837285,110.62778566331603,0.3694675633702535
mGK90p,0aBgZT,hipv2015,mvpa,Weighted mode,29,207.51475007119734,199.8824448090875,0.30806722356083627
mGK90p,0aBgZT,hipv2015,mvpa,MR Egger,29,-208.7693486002263,491.46637521180065,0.674356867538258
