id.exposure,id.outcome,outcome,exposure,method,nsnp,b,se,pval
T1hqWx,TG6IPM,hipv2015,mvpa,Inverse variance weighted (fixed effects),29,-84.419518129011,69.44910789968027,0.22415279606584965
T1hqWx,TG6IPM,hipv2015,mvpa,Weighted median,29,99.2852455837285,114.55256225892647,0.386094253975173
T1hqWx,TG6IPM,hipv2015,mvpa,Weighted mode,29,207.51475007119734,219.4116049005512,0.35235252717083376
T1hqWx,TG6IPM,hipv2015,mvpa,MR Egger,29,-208.7693486002263,491.46637521180065,0.674356867538258
