id.exposure,id.outcome,outcome,exposure,method,nsnp,b,se,pval
veSd8f,cTm1ay,hipv2015,mvpa,Inverse variance weighted (fixed effects),128,-62.62420554491621,37.72234692534044,0.09688720591262562
veSd8f,cTm1ay,hipv2015,mvpa,Weighted median,128,-0.12894333539697644,58.731302262637215,0.9982482626824616
veSd8f,cTm1ay,hipv2015,mvpa,Weighted mode,128,109.01037471465088,167.6158307628975,0.5166354872836654
veSd8f,cTm1ay,hipv2015,mvpa,MR Egger,128,-6.491702531722427,198.53443886487872,0.9739670648728256
