target_snp,proxy_snp,ld.r2,Dprime,PHASE,X12,CHR,POS,Effect_allele.proxy,Non_Effect_allele.proxy,EAF,Beta,SE,P,r2,N,ref,ref.proxy,alt,alt.proxy,Effect_allele,Non_Effect_allele,proxy.outcome
rs6835022,rs71606156,0.993836,1,TA/AG,NA,4,39361863,A,G,0.1836,-0.0507,0.0586,0.3871,7.705868388192002e-4,4914,T,A,A,G,T,A,TRUE
rs144502847,rs138283763,1,1,AT/TC,NA,4,98394739,T,C,0.0154,-0.0265,0.2563,0.9177,2.129620878e-5,4914,A,T,T,C,A,T,TRUE
rs143092959,rs140184756,1,1,GG/AA,NA,4,99161352,A,G,0.9836,0.0646,0.2705,0.8113,1.3463482177279978e-4,4914,G,G,A,A,A,G,TRUE
rs28601761,rs112875651,0.804853,0.941059,GA/CG,NA,8,126506694,A,G,0.3872,0.0167,0.0467,0.72,1.323478965248e-4,4914,G,A,C,G,G,C,TRUE
rs2049045,rs6265,0.962549,1,CT/GC,NA,11,27679916,T,C,0.1957,-0.0433,0.0549,0.4299,5.902210341678e-4,4914,C,T,G,C,C,G,TRUE
rs34704785,rs12871346,1,1,CC/TT,NA,13,68100360,T,C,0.5277,0.0343,0.0438,0.4343,5.864395819757999e-4,4914,C,C,T,T,T,C,TRUE
rs1123285,rs2274794,0.939305,0.982019,GT/CC,NA,14,57283934,T,C,0.3248,0.0251,0.0472,0.595,2.7632863569920004e-4,4914,G,T,C,C,G,C,TRUE
rs79616692,rs11648570,0.969235,1,CC/GT,NA,16,72356964,T,C,0.8942,0.0091,0.0728,0.9005,1.56687053432e-5,4914,C,C,G,T,G,C,TRUE
rs13332432,rs3794666,0.911587,0.97073,GT/CC,NA,16,85723042,T,C,0.2845,0.0526,0.0529,0.3195,0.00112640194782,4914,G,T,C,C,G,C,TRUE
rs76640332,rs62062290,0.946138,1,AA/GC,NA,17,44099129,A,C,0.2121,0.0573,0.0543,0.2917,0.0010973647578222,4914,A,A,G,C,A,G,TRUE
rs17288033,NA,NA,NA,NA,NA,NA,NA,NA,NA,NA,NA,NA,NA,NA,NA,NA,NA,NA,NA,NA,NA,NA
rs55938136,NA,NA,NA,NA,NA,NA,NA,NA,NA,NA,NA,NA,NA,NA,NA,NA,NA,NA,NA,NA,NA,NA
