target_snp,proxy_snp,ld.r2,Dprime,PHASE,X12,CHR,POS,Effect_allele.proxy,Non_Effect_allele.proxy,EAF,Beta,SE,P,r2,N,ref,ref.proxy,alt,alt.proxy,Effect_allele,Non_Effect_allele,proxy.outcome
rs1321257,rs2281718,1,1,GA/AT,NA,1,230297778,A,T,0.412427,0.002739,0.004189,0.5132,3.6359925130383446e-6,3100,G,A,A,T,G,A,TRUE
rs10440120,rs73029206,0.84919,0.982569,AG/CA,NA,3,12494894,G,A,0.149646,0.001992,0.006122,0.7448,1.0098887529577835e-6,2670,A,G,C,A,A,C,TRUE
rs6882076,rs12657266,1,1,TC/CT,NA,5,156396003,C,T,0.36627699999999996,-0.002925,0.004322,0.4987,3.971831852825898e-6,2656,T,C,C,T,T,C,TRUE
rs11752643,rs117317274,0.834431,1,TT/CC,NA,6,32650159,T,C,0.0294888,0.01211,0.01171,0.3011,8.39413469153328e-6,3072,T,T,C,C,T,C,TRUE
rs998584,rs1358980,0.825889,0.92152,CC/AT,NA,6,43764551,T,C,0.478118,-0.003899,0.004039,0.3344,7.58654220573629e-6,3115,C,C,A,T,A,C,TRUE
rs719726,rs1936789,0.814701,0.977383,CG/TA,NA,6,127419737,G,A,0.482615,4.118e-4,0.004111,0.9202,8.46871133430111e-8,3031,C,G,T,A,C,T,TRUE
rs6831256,NA,NA,NA,NA,NA,NA,NA,NA,NA,NA,NA,NA,NA,NA,NA,NA,NA,NA,NA,NA,NA,NA
rs9686661,NA,NA,NA,NA,NA,NA,NA,NA,NA,NA,NA,NA,NA,NA,NA,NA,NA,NA,NA,NA,NA,NA
rs4804311,NA,NA,NA,NA,NA,NA,NA,NA,NA,NA,NA,NA,NA,NA,NA,NA,NA,NA,NA,NA,NA,NA
