SNP,rsID,ld.r2,Dprime,ref.proxy,alt.proxy,CHR,POS,Effect_allele.proxy,Non_Effect_allele.proxy,EAF,Beta,SE,P,r2,N,ref,alt,Effect_allele,Non_Effect_allele
rs115141604,NA,NA,NA,NA,NA,NA,NA,NA,NA,NA,NA,NA,NA,NA,NA,NA,NA,NA,NA
rs62313278,rs17090295,0.97,0.98,G,T,4,61738470,G,T,0.90369,0.0055,0.0085,0.9577,5.26558022595e-6,91013,A,G,A,G
rs3931206,rs6452368,0.88,0.99,G,T,5,26892346,T,G,0.5462,0.0047,0.0047,0.5281,1.09507004408e-5,91013,A,G,G,A
rs141162384,rs6860508,0.91,1,C,T,5,65118738,T,C,0.03034,0.0192,0.0136,0.1754,2.1690397458431995e-5,83204,G,T,T,G
rs76881547,NA,NA,NA,NA,NA,NA,NA,NA,NA,NA,NA,NA,NA,NA,NA,NA,NA,NA,NA
rs147636938,rs77301115,0.9,0.95,G,A,19,45396973,A,G,0.02639,0.10780000000000001,0.015,9.499e-12,5.97161683190072e-4,80272.09,C,T,T,C
rs113321260,rs1048699,0.99,1,C,T,19,45650386,T,C,0.1029,0.0041,0.0053,0.3899,3.1035156558000008e-6,176153.88,G,A,A,G
