query_snp_rsid,rsID,ld.r2,Dprime,ref.proxy,alt.proxy,CHR,POS,Effect_allele.proxy,Non_Effect_allele.proxy,EAF,Beta,SE,P,r2,N,ref,alt,Effect_allele,Non_Effect_allele
rs10993864,NA,NA,NA,NA,NA,NA,NA,NA,NA,NA,NA,NA,NA,NA,NA,NA,NA,NA,NA
rs17717563,NA,NA,NA,NA,NA,NA,NA,NA,NA,NA,NA,NA,NA,NA,NA,NA,NA,NA,NA
rs1801272,rs117824460,0.92,0.96,A,G,19,41371480,A,G,0.9619,-0.3397,0.3799,0.3713,0.008458161821590206,4914,A,T,A,T
rs2644899,rs2604893,0.87,1,A,G,19,41293543,A,G,0.2617,-0.1537,0.1004,0.126,0.009128813229151801,4914,G,T,G,T
rs3025327,rs75596189,1,1,C,T,9,136468701,T,C,0.1083,0.003,0.1467,0.9839,1.7382799800000002e-6,4914,G,C,C,G
rs34919890,NA,NA,NA,NA,NA,NA,NA,NA,NA,NA,NA,NA,NA,NA,NA,NA,NA,NA,NA
rs4791905,NA,NA,NA,NA,NA,NA,NA,NA,NA,NA,NA,NA,NA,NA,NA,NA,NA,NA,NA
rs56049603,rs56324858,0.94,0.98,A,G,3,49544229,A,G,0.7773,-0.1211,0.1069,0.2572,0.0050772338482782,4914,C,G,C,G
rs5758461,rs1983576,1,1,G,A,22,42166486,A,G,0.8144,-0.1074,0.1106,0.3317,0.0034870188515328,4914,G,C,C,G
rs59586387,rs7247903,0.91,0.96,A,G,19,41372475,A,G,0.9399,-0.005,0.3643,0.989,2.824399500000002e-6,4914,C,G,C,G
rs60749569,rs71521595,0.81,1,T,C,8,42573091,T,C,0.897,0.0447,0.1539,0.7713,3.692110663799999e-4,4914,A,T,A,T
rs6089904,NA,NA,NA,NA,NA,NA,NA,NA,NA,NA,NA,NA,NA,NA,NA,NA,NA,NA,NA
rs727334,NA,NA,NA,NA,NA,NA,NA,NA,NA,NA,NA,NA,NA,NA,NA,NA,NA,NA,NA
