id.exposure,id.outcome,outcome,exposure,method,nsnp,b,se,pval
E4nDmm,BClHKX,pp,load,Inverse variance weighted (fixed effects),78,0.07596198488372324,0.014055429015713163,6.500441775562338e-8
E4nDmm,BClHKX,pp,load,Weighted median,78,0.055617689706088935,0.03254581345886314,0.087468625860913
E4nDmm,BClHKX,pp,load,Weighted mode,78,-0.071448786332024,0.03385076687712336,0.03804437698717978
E4nDmm,BClHKX,pp,load,MR Egger,78,0.012024544649726188,0.04375796403532268,0.7842180626317972
