id.exposure,id.outcome,outcome,exposure,method,nsnp,b,se,pval
E4nDmm,BClHKX,pp,load,Inverse variance weighted (fixed effects),73,0.10230281339204018,0.017574946361318542,5.851548119153086e-9
E4nDmm,BClHKX,pp,load,Weighted median,73,0.09525714399618236,0.027828117853536977,6.192182499739986e-4
E4nDmm,BClHKX,pp,load,Weighted mode,73,0.12689270758618476,0.03178670544193182,1.5602735499294665e-4
E4nDmm,BClHKX,pp,load,MR Egger,73,0.09646568360347145,0.04494037911741267,0.035248956196840514
