id.exposure,id.outcome,outcome,exposure,method,nsnp,b,se,pval
P4UJ3V,48CwBa,pp,load,Inverse variance weighted (fixed effects),36,0.06518442187547033,0.015312195586397775,2.0716383884659852e-5
P4UJ3V,48CwBa,pp,load,Weighted median,36,0.04865363632441445,0.034639797669856434,0.16015248362363
P4UJ3V,48CwBa,pp,load,Weighted mode,36,-0.1216012999832331,0.037075538299200884,0.0023549040156862744
P4UJ3V,48CwBa,pp,load,MR Egger,36,0.0308034863107949,0.059136659951412276,0.6058219754164633
