id.exposure,id.outcome,outcome,exposure,method,nsnp,b,se,pval
P4UJ3V,48CwBa,pp,load,Inverse variance weighted (fixed effects),33,0.10591355871462212,0.020138672125925745,1.4467352867391892e-7
P4UJ3V,48CwBa,pp,load,Weighted median,33,0.10523817544010063,0.02919006976257133,3.118247474097048e-4
P4UJ3V,48CwBa,pp,load,Weighted mode,33,0.14007292860317,0.032854158066792795,1.6615412721635917e-4
P4UJ3V,48CwBa,pp,load,MR Egger,33,0.14998533275708242,0.05051391559018907,0.005717399041430587
