id.exposure,id.outcome,outcome,exposure,method,nsnp,b,se,pval
NYJt8w,beopz3,vbiany,hdl,Inverse variance weighted (fixed effects),352,0.027503691936024355,0.10044475965635835,0.784223658128564
NYJt8w,beopz3,vbiany,hdl,Weighted median,352,0.2052552252658076,0.1686046698660915,0.22346131039881725
NYJt8w,beopz3,vbiany,hdl,Weighted mode,352,0.18255961159112033,0.1854411489167936,0.3255669146885348
NYJt8w,beopz3,vbiany,hdl,MR Egger,352,0.3478856632109637,0.18928100633294342,0.0669197717460062
