target_snp,proxy_snp,ld.r2,Dprime,PHASE,X12,CHR,POS,Effect_allele.proxy,Non_Effect_allele.proxy,EAF,Beta,SE,P,r2,N,ref,ref.proxy,alt,alt.proxy,Effect_allele,Non_Effect_allele,proxy.outcome
rs12592721,rs11634450,1,1,CG/GA,NA,15,79093201,A,G,0.5681,-0.1437,0.0881,0.1029,0.010133314582318198,4914,C,G,G,A,G,C,TRUE
rs35405967,rs73048928,0.954405,0.99523,GT/CG,NA,19,41323793,T,G,0.3126,0.0053,0.1069,0.9606,1.20720280632e-5,4914,G,T,C,G,G,C,TRUE
rs28399459,rs4803380,1,1,GT/CC,NA,19,41351169,T,C,0.0146,0.5526,0.5778,0.3388,0.0087865254348768,4914,G,T,C,C,G,C,TRUE
rs3844442,rs10419589,0.917072,1,TT/AC,NA,19,41416750,T,C,0.4084,0.0184,0.094,0.8444,1.6359858401280002e-4,4914,T,T,A,C,T,A,TRUE
