id.exposure,id.outcome,outcome,exposure,method,nsnp,b,se,pval
wrQ1Yg,cv9ERi,hipv,sbp,Inverse variance weighted (fixed effects),1435,-0.0012119533311684657,9.961136065961029e-4,0.22372529283503195
wrQ1Yg,cv9ERi,hipv,sbp,Weighted median,1435,6.37203721597505e-4,0.001610719950974539,0.692398804565026
wrQ1Yg,cv9ERi,hipv,sbp,Weighted mode,1435,0.005632299644416361,0.005264615764136476,0.2848711086188168
wrQ1Yg,cv9ERi,hipv,sbp,MR Egger,1435,0.0037615753210338827,0.0028886891990377826,0.19306624504848427
