id.exposure,id.outcome,outcome,exposure,method,nsnp,b,se,pval
jCP7KU,Uk2TJC,hipv,sbp,Inverse variance weighted (fixed effects),2802,-7.970620431821564e-4,8.398823357448898e-4,0.3426123119703757
jCP7KU,Uk2TJC,hipv,sbp,Weighted median,2802,8.811859795582254e-4,0.0014066888339417088,0.5310357839988671
jCP7KU,Uk2TJC,hipv,sbp,Weighted mode,2802,0.0067546032012917034,0.004407767643218866,0.12552885202455175
jCP7KU,Uk2TJC,hipv,sbp,MR Egger,2802,0.003974706015503323,0.002315890414366331,0.08622223628638392
