id.exposure,id.outcome,outcome,exposure,method,nsnp,b,se,pval
XvqV8v,hGVbW2,hipv,sbp,Inverse variance weighted (fixed effects),1428,-0.0012604734085075928,9.984488933084223e-4,0.20679353359876743
XvqV8v,hGVbW2,hipv,sbp,Weighted median,1428,4.905776812225356e-4,0.0016006258835177369,0.7592307107096937
XvqV8v,hGVbW2,hipv,sbp,Weighted mode,1428,0.006105411277715245,0.0051048573733502335,0.2318951065770081
XvqV8v,hGVbW2,hipv,sbp,MR Egger,1428,0.0035508147741943035,0.002910405197970122,0.22265091713178523
