id.exposure,id.outcome,outcome,exposure,method,nsnp,b,se,pval
XvqV8v,hGVbW2,hipv,sbp,Inverse variance weighted (fixed effects),1427,-0.001363538381548791,9.987447450106718e-4,0.17217382172084367
XvqV8v,hGVbW2,hipv,sbp,Weighted median,1427,4.748641508060345e-4,0.001637285379439757,0.7717922251380436
XvqV8v,hGVbW2,hipv,sbp,Weighted mode,1427,0.00610620627401498,0.005021366378923076,0.22416912993569657
XvqV8v,hGVbW2,hipv,sbp,MR Egger,1427,0.0037179969571651357,0.002895707966593925,0.1993618026321385
