target_snp,proxy_snp,ld.r2,Dprime,PHASE,X12,CHR,POS,Effect_allele.proxy,Non_Effect_allele.proxy,EAF,Beta,SE,P,r2,N,ref,ref.proxy,alt,alt.proxy,Effect_allele,Non_Effect_allele,proxy.outcome
rs6878122,rs7708285,0.955243,0.990741,GG/AA,NA,5,76425867,A,G,0.692,0.0028,0.0986,0.9772,3.34197248e-6,4914,G,G,A,A,A,G,TRUE
rs2842356,rs2842359,0.842963,0.985973,GG/CA,NA,6,7265235,A,G,0.6144,0.088,0.0931,0.3444,0.00366930296832,4914,G,G,C,A,C,G,TRUE
rs72892910,rs62405437,0.972828,1,TC/GT,NA,6,50813729,T,C,0.8135,-0.0488,0.1122,0.6635,7.226134371200001e-4,4914,T,C,G,T,G,T,TRUE
rs13234269,rs6973807,0.995991,1,AG/TA,NA,7,130423972,A,G,0.5081,-0.0888,0.0904,0.3263,0.003941685272563201,4914,A,G,T,A,T,A,TRUE
rs17411031,rs17411045,1,1,GC/CT,NA,8,19852362,T,C,0.7348,-0.0556,0.0969,0.5661,0.0012048202163712,4914,G,C,C,T,C,G,TRUE
rs2466321,rs2464579,1,1,CC/GT,NA,8,118216638,T,C,0.8571,0.0017,0.1267,0.9895,7.079320302e-7,4914,C,C,G,T,G,C,TRUE
rs10814041,rs11523735,1,1,CA/GG,NA,9,33743488,A,G,0.2777,0.013,0.0989,0.8957,6.779695598e-5,4914,C,A,G,G,C,G,TRUE
rs1758632,rs2486675,1,1,CT/GG,NA,9,33845079,T,G,0.3794,-0.0287,0.0913,0.7529,3.8788491222320004e-4,4914,C,T,G,G,C,G,TRUE
rs11591741,rs11597086,1,1,CC/GA,NA,10,101953705,A,C,0.5721,0.1883,0.0895,0.03546,0.017359806096910197,4914,C,C,G,A,G,C,TRUE
rs7909016,rs7098884,0.994944,1,GG/AA,NA,10,114719994,A,G,0.7271,0.0847,0.122,0.4873,0.0028470460819262,4914,G,G,A,A,A,G,TRUE
rs7932966,rs6483215,0.994519,1,AA/TG,NA,11,92792115,A,G,0.2255,0.0515,0.103,0.617,9.264295988749998e-4,4914,A,A,T,G,A,T,TRUE
rs2915640,rs25643,0.925582,0.983423,AC/TT,NA,12,121660787,T,C,0.5474,0.0161,0.088,0.8551,1.284402346808e-4,4914,A,C,T,T,T,A,TRUE
rs963740,rs9316500,1,1,TG/AT,NA,13,51094114,T,G,0.7008,0.1115,0.0972,0.2514,0.00521357244672,4914,T,G,A,T,A,T,TRUE
rs4932143,rs7111,0.994944,1,GT/CC,NA,15,90373873,T,C,0.2645,0.1154,0.0971,0.2346,0.00518143395422,4914,G,T,C,C,G,C,TRUE
rs9844972,NA,NA,NA,NA,NA,NA,NA,NA,NA,NA,NA,NA,NA,NA,NA,NA,NA,NA,NA,NA,NA,NA
rs10830963,NA,NA,NA,NA,NA,NA,NA,NA,NA,NA,NA,NA,NA,NA,NA,NA,NA,NA,NA,NA,NA,NA
