id.exposure,id.outcome,outcome,exposure,method,nsnp,b,se,pval
T6zEoS,W3KRaT,ptau,sbp,Inverse variance weighted (fixed effects),1236,-5.053288842398779e-4,6.725527019057666e-4,0.452436309566756
T6zEoS,W3KRaT,ptau,sbp,Weighted median,1236,-2.9905029063424614e-4,0.001053532803432293,0.7765216948631206
T6zEoS,W3KRaT,ptau,sbp,Weighted mode,1236,0.0011985580190970735,0.0034887825600925086,0.7312460599399164
T6zEoS,W3KRaT,ptau,sbp,MR Egger,1236,-0.0031099236101690183,0.001889215717988842,0.09998848351828575
