id.exposure,id.outcome,outcome,exposure,method,nsnp,b,se,pval
zsHL0J,AyLs7c,ptau,sbp,Inverse variance weighted (fixed effects),2300,-1.8546318329408282e-4,5.766439193741072e-4,0.7477366934157597
zsHL0J,AyLs7c,ptau,sbp,Weighted median,2300,-2.9284358250028703e-4,9.435633680859122e-4,0.7562878085497051
zsHL0J,AyLs7c,ptau,sbp,Weighted mode,2300,8.262138757716975e-4,0.0034293995627162816,0.8096379407342902
zsHL0J,AyLs7c,ptau,sbp,MR Egger,2300,-0.0026188927036885547,0.001537336392856706,0.08860486050074848
