id.exposure,id.outcome,outcome,exposure,method,nsnp,b,se,pval
tH3sYQ,S4pNfk,ptau,sbp,Inverse variance weighted (fixed effects),1157,-7.003224388163752e-4,6.948182035976036e-4,0.3134919883439704
tH3sYQ,S4pNfk,ptau,sbp,Weighted median,1157,-3.176516698429676e-4,0.0011523626429034023,0.7828149644207172
tH3sYQ,S4pNfk,ptau,sbp,Weighted mode,1157,6.961653894841102e-4,0.003588553991299275,0.8462130382635275
tH3sYQ,S4pNfk,ptau,sbp,MR Egger,1157,-0.0035192813667706824,0.0019495111395382823,0.07130179956641398
