query_snp_rsid,rsID,ld.r2,Dprime,ref.proxy,alt.proxy,CHR,POS,Effect_allele.proxy,Non_Effect_allele.proxy,EAF,Beta,SE,P,r2,N,ref,alt,Effect_allele,Non_Effect_allele
rs11057418,NA,NA,NA,NA,NA,NA,NA,NA,NA,NA,NA,NA,NA,NA,NA,NA,NA,NA,NA
rs116974927,NA,NA,NA,NA,NA,NA,NA,NA,NA,NA,NA,NA,NA,NA,NA,NA,NA,NA,NA
rs117877390,NA,NA,NA,NA,NA,NA,NA,NA,NA,NA,NA,NA,NA,NA,NA,NA,NA,NA,NA
rs12302651,rs10846559,1,1,A,G,12,124274474,A,G,0.3398,0.1123,0.0597,0.06004,0.0056583316979768,4914,G,C,G,C
rs13263584,rs13254048,0.91,1,C,T,8,18212931,T,C,0.0613,0.0362,0.1248,0.7716,1.5081148943280002e-4,4914,A,T,T,A
rs13277396,NA,NA,NA,NA,NA,NA,NA,NA,NA,NA,NA,NA,NA,NA,NA,NA,NA,NA,NA
rs17625826,NA,NA,NA,NA,NA,NA,NA,NA,NA,NA,NA,NA,NA,NA,NA,NA,NA,NA,NA
rs2072915,rs9277934,1,1,C,T,6,33153528,T,C,0.3224,-0.0343,0.0627,0.5847,5.140278695551999e-4,4914,T,A,A,T
rs2180314,rs4715315,0.99,1,G,A,6,52625891,A,G,0.5832,0.0428,0.0599,0.4753,8.905591277567999e-4,4914,C,G,G,C
rs2353082,NA,NA,NA,NA,NA,NA,NA,NA,NA,NA,NA,NA,NA,NA,NA,NA,NA,NA,NA
rs3810444,rs73006914,0.9,1,C,T,19,19110422,T,C,0.0489,0.2095,0.1775,0.2379,0.004082564840595,4914,T,A,A,T
rs4738684,rs10107182,0.98,1,C,T,8,59392737,T,C,0.661,0.0153,0.0615,0.8033,1.0490930622e-4,4914,A,G,G,A
rs6547456,rs55968391,1,1,A,G,2,27388883,A,G,0.949,0.0603,0.1417,0.6706,3.519662398200003e-4,4914,T,C,T,C
rs6547811,NA,NA,NA,NA,NA,NA,NA,NA,NA,NA,NA,NA,NA,NA,NA,NA,NA,NA,NA
rs7112577,rs117279127,0.93,1,C,T,11,117072074,T,C,0.0359,0.2289,0.1583,0.1482,0.0036269211367997998,4914,C,G,G,C
rs72959041,NA,NA,NA,NA,NA,NA,NA,NA,NA,NA,NA,NA,NA,NA,NA,NA,NA,NA,NA
rs78152104,NA,NA,NA,NA,NA,NA,NA,NA,NA,NA,NA,NA,NA,NA,NA,NA,NA,NA,NA
rs7928525,rs1056136,0.98,0.99,T,G,11,117120998,T,G,0.8194,-0.0341,0.077,0.6576,3.4415371285679994e-4,4914,A,T,A,T
rs8179228,NA,NA,NA,NA,NA,NA,NA,NA,NA,NA,NA,NA,NA,NA,NA,NA,NA,NA,NA
rs947988,rs10892007,0.94,1,C,T,11,116527609,T,C,0.0883,-0.0391,0.1083,0.7178,2.4614791919820003e-4,4914,G,C,C,G
