id.exposure,id.outcome,outcome,exposure,method,nsnp,b,se,pval
akYCMc,KOZqR3,bmi,nft4,Inverse variance weighted (fixed effects),8,-0.017108851743513575,0.0019596387810183664,2.5329150228654436e-18
akYCMc,KOZqR3,bmi,nft4,Weighted median,8,-0.007266343346470399,0.0045809123549022425,0.11268898912930655
akYCMc,KOZqR3,bmi,nft4,Weighted mode,8,-0.0025785888360016634,0.011325555716494684,0.826403167180387
akYCMc,KOZqR3,bmi,nft4,MR Egger,8,-0.036576180054698516,0.010768828190273888,0.0145587898526345
