id.exposure,id.outcome,outcome,exposure,method,nsnp,b,se,pval
7CBXPj,2DQvrM,ab42,mvpa,Inverse variance weighted (fixed effects),27,0.26125856705133543,0.06293703932021992,3.308668304732854e-5
7CBXPj,2DQvrM,ab42,mvpa,Weighted median,27,0.22339403762718604,0.0911107383566453,0.014210580212192356
7CBXPj,2DQvrM,ab42,mvpa,Weighted mode,27,-0.0300323687182239,0.21540027380292798,0.8901880491467162
7CBXPj,2DQvrM,ab42,mvpa,MR Egger,27,1.2563292814019686,0.39353030761045443,0.003785257480592597
