id.exposure,id.outcome,outcome,exposure,egger_intercept,se,pval
7CBXPj,2DQvrM,ab42,mvpa,0.03455684631831333,0.022603468991180646,0.13793897256526474
