id.exposure,id.outcome,outcome,exposure,method,nsnp,b,se,pval
8KEZc1,oTOIcd,ab42,mvpa,Inverse variance weighted (fixed effects),112,0.01131032249542336,0.034252477566597155,0.7412454409720672
8KEZc1,oTOIcd,ab42,mvpa,Weighted median,112,0.09190974657935899,0.052830019192635774,0.08190717955163658
8KEZc1,oTOIcd,ab42,mvpa,Weighted mode,112,-0.016309184024914103,0.15359172743666274,0.9156269974853153
8KEZc1,oTOIcd,ab42,mvpa,MR Egger,112,-0.48913479696151074,0.3602509052099596,0.17731815770105833
