id.exposure,id.outcome,outcome,exposure,egger_intercept,se,pval
9FHQJV,2V2DW7,ab42,mvpa,-0.01057693532536996,0.007541549393720813,0.17778133548609215
