id.exposure,id.outcome,outcome,exposure,method,nsnp,b,se,pval
7CBXPj,2DQvrM,ab42,mvpa,Inverse variance weighted (fixed effects),29,-0.09175921194028422,0.059523923448764525,0.12318254359723506
7CBXPj,2DQvrM,ab42,mvpa,Weighted median,29,0.24760582513016155,0.0941597719114102,0.00854766042405672
7CBXPj,2DQvrM,ab42,mvpa,Weighted mode,29,0.03388984256719407,0.1960413565335154,0.8639965002223657
7CBXPj,2DQvrM,ab42,mvpa,MR Egger,29,-2.203795605890258,1.4035520171730687,0.12802538199414942
