id.exposure,id.outcome,outcome,exposure,egger_intercept,se,pval
4c8ktX,7Cedjd,ab42,mvpa,-0.0011880819921676177,0.002982610016845362,0.6914050976630486
