id.exposure,id.outcome,outcome,exposure,egger_intercept,se,pval
mT7Ran,qh8eGg,ab42,mvpa,-0.0011880819921676177,0.002982610016845362,0.6914050976630486
