id.exposure,id.outcome,outcome,exposure,egger_intercept,se,pval
aw433c,TsRYYv,ab42,mvpa,0.007252565477977199,0.004980293135838729,0.14817116225212845
