id.exposure,id.outcome,outcome,exposure,method,nsnp,b,se,pval
Be8tOw,SUFQAA,ab42,mvpa,Inverse variance weighted (fixed effects),29,-0.09175921194028412,0.059523923448764525,0.1231825435972355
Be8tOw,SUFQAA,ab42,mvpa,Weighted median,29,0.24760582513016155,0.09954800817087694,0.012871657064300745
Be8tOw,SUFQAA,ab42,mvpa,Weighted mode,29,0.03388984256719407,0.18855226307208386,0.8586533797514497
Be8tOw,SUFQAA,ab42,mvpa,MR Egger,29,-2.2037956058902575,1.4035520171730687,0.12802538199414948
