id.exposure,id.outcome,outcome,exposure,method,nsnp,b,se,pval
aw433c,TsRYYv,ab42,mvpa,Inverse variance weighted (fixed effects),112,0.014240169907395465,0.03424102814424677,0.6774975774329944
aw433c,TsRYYv,ab42,mvpa,Weighted median,112,0.10228692821915497,0.053451379681352294,0.055665620171910735
aw433c,TsRYYv,ab42,mvpa,Weighted mode,112,-0.003280161161097972,0.14799623609077034,0.9823570757367655
aw433c,TsRYYv,ab42,mvpa,MR Egger,112,-0.49718135306054984,0.36021479997544026,0.17031266166896603
