id.exposure,id.outcome,outcome,exposure,method,nsnp,b,se,pval
8KEZc1,oTOIcd,ab42,mvpa,Inverse variance weighted (fixed effects),111,0.1309484243753877,0.034696217602105464,1.6055980672678193e-4
8KEZc1,oTOIcd,ab42,mvpa,Weighted median,111,0.09372918769643059,0.05297648275320436,0.07685044558391912
8KEZc1,oTOIcd,ab42,mvpa,Weighted mode,111,-0.022480349685934486,0.1499233821980015,0.8810821364506987
8KEZc1,oTOIcd,ab42,mvpa,MR Egger,111,0.46942221179624694,0.18240860347858343,0.011411748160512214
