id.exposure,id.outcome,outcome,exposure,egger_intercept,se,pval
8KEZc1,oTOIcd,ab42,mvpa,0.007097705510297942,0.004981237846560637,0.1570207212236827
