id.exposure,id.outcome,outcome,exposure,method,nsnp,b,se,pval
hsWpEX,4sXJDe,ab42,mvpa,Inverse variance weighted (fixed effects),29,-0.09155351605332902,0.05954260595215563,0.12414313923152757
hsWpEX,4sXJDe,ab42,mvpa,Weighted median,29,0.25422914807132885,0.09804757683227455,0.00951659621126337
hsWpEX,4sXJDe,ab42,mvpa,Weighted mode,29,0.03388984256719407,0.18904660021901923,0.8590189013192758
hsWpEX,4sXJDe,ab42,mvpa,MR Egger,29,-2.2049861318286643,1.403397003639214,0.12778788644055286
