id.exposure,id.outcome,outcome,exposure,method,nsnp,b,se,pval
mT7Ran,qh8eGg,ab42,mvpa,Inverse variance weighted (fixed effects),85,0.1027366393674971,0.039548811178796814,0.009384566279753896
mT7Ran,qh8eGg,ab42,mvpa,Weighted median,85,0.08412483105241542,0.05724269499537312,0.14166554484939325
mT7Ran,qh8eGg,ab42,mvpa,Weighted mode,85,0.018897989869781417,0.14923819448145695,0.8995360994179687
mT7Ran,qh8eGg,ab42,mvpa,MR Egger,85,0.1875568020319863,0.21778341871473356,0.3916046801925611
