id.exposure,id.outcome,outcome,exposure,egger_intercept,se,pval
e1KKzU,ekvK8x,ab42,insom,0.002128039477084355,0.0042079054853745405,0.6199461960452076
