id.exposure,id.outcome,outcome,exposure,method,nsnp,b,se,pval
e1KKzU,ekvK8x,ab42,insom,Inverse variance weighted (fixed effects),18,0.01471999857720656,0.016980721609765784,0.38601581020265735
e1KKzU,ekvK8x,ab42,insom,Weighted median,18,0.012643842361171987,0.022439065437235922,0.573111783482956
e1KKzU,ekvK8x,ab42,insom,Weighted mode,18,0.0053732482969563455,0.038059524142769176,0.8893871187308791
e1KKzU,ekvK8x,ab42,insom,MR Egger,18,-0.012945821563094302,0.057280195860028686,0.824056483315544
