id.exposure,id.outcome,outcome,exposure,egger_intercept,se,pval
3Q07V9,Gdt5Zr,npany,mdd,0.02699452463386252,0.07853652419018456,0.7327324271554863
