id.exposure,id.outcome,outcome,exposure,method,nsnp,b,se,pval
Txn3QE,hK6jQB,vbiany,mvpa,Inverse variance weighted (fixed effects),148,-0.0525122638181201,0.4635016790572718,0.9097969529444739
Txn3QE,hK6jQB,vbiany,mvpa,Weighted median,148,-0.6616438564225074,0.6329337702596372,0.2958564629795676
Txn3QE,hK6jQB,vbiany,mvpa,Weighted mode,148,-0.6526804267591988,1.6470744628561034,0.6924830500336574
Txn3QE,hK6jQB,vbiany,mvpa,MR Egger,148,0.2916157547119254,2.051904776928373,0.8871815165371347
