id.exposure,id.outcome,outcome,exposure,method,nsnp,b,se,pval
vp88Q0,8itngZ,vbiany,mvpa,Inverse variance weighted (fixed effects),37,-0.8470129802399491,0.858700504975749,0.3239421192942913
vp88Q0,8itngZ,vbiany,mvpa,Weighted median,37,-0.7121307836630497,1.2055555952424186,0.5547163930106479
vp88Q0,8itngZ,vbiany,mvpa,Weighted mode,37,-0.517566173081125,2.023561242453725,0.7995842874644431
vp88Q0,8itngZ,vbiany,mvpa,MR Egger,37,-9.625470798916277,4.2201698591864965,0.028757661104889604
