id.exposure,id.outcome,outcome,exposure,method,nsnp,b,se,pval
vqjrlt,40KyfA,vbiany,mvpa,Inverse variance weighted (fixed effects),148,-0.052512263818120096,0.4635016790572718,0.9097969529444739
vqjrlt,40KyfA,vbiany,mvpa,Weighted median,148,-0.6616438564225074,0.6633300171085095,0.3185422328692912
vqjrlt,40KyfA,vbiany,mvpa,Weighted mode,148,-0.6526804267591988,1.5699580807840607,0.6782130194467542
vqjrlt,40KyfA,vbiany,mvpa,MR Egger,148,0.29161575471192586,2.051904776928373,0.8871815165371346
