id.exposure,id.outcome,outcome,exposure,method,nsnp,b,se,pval
LEbI7C,MCD99T,vbiany,mvpa,Inverse variance weighted (fixed effects),37,-0.8525995169070988,0.8578762645295542,0.32029635860136774
LEbI7C,MCD99T,vbiany,mvpa,Weighted median,37,-0.7119997701013606,1.2032910408373314,0.5540445606385157
LEbI7C,MCD99T,vbiany,mvpa,Weighted mode,37,-0.5229698494108579,2.1202749610420564,0.8065787371129259
LEbI7C,MCD99T,vbiany,mvpa,MR Egger,37,-9.609882274493067,4.2200293359718355,0.028995151124001067
