id.exposure,id.outcome,outcome,exposure,method,nsnp,b,se,pval
Slfw0O,bnBLjy,tau,educ,Inverse variance weighted (fixed effects),1021,-0.009161033059333131,0.01854640587343079,0.6213401253498735
Slfw0O,bnBLjy,tau,educ,Weighted median,1021,-8.631149870316049e-4,0.029015600162128737,0.9762691596974608
Slfw0O,bnBLjy,tau,educ,Weighted mode,1021,0.06593429463528411,0.10260270818470084,0.520616747676358
Slfw0O,bnBLjy,tau,educ,MR Egger,1021,0.03455660067705251,0.06927697257205928,0.6180152672225707
