id.exposure,id.outcome,outcome,exposure,method,nsnp,b,se,pval
cZQ9eh,wr0rDC,tau,educ,Inverse variance weighted (fixed effects),911,-0.009466479219539857,0.01974108189803178,0.6315602544291667
cZQ9eh,wr0rDC,tau,educ,Weighted median,911,0.0052214348998773,0.0308161634457431,0.8654519879332888
cZQ9eh,wr0rDC,tau,educ,Weighted mode,911,0.07534963439484965,0.1036265817948725,0.46733547592233726
cZQ9eh,wr0rDC,tau,educ,MR Egger,911,0.03235426323377126,0.07427618881915886,0.66323472852414
