id.exposure,id.outcome,outcome,exposure,method,nsnp,b,se,pval
ZgpDSD,Cp1zSr,tau,educ,Inverse variance weighted (fixed effects),911,-0.009466479219539857,0.01974108189803178,0.6315602544291667
ZgpDSD,Cp1zSr,tau,educ,Weighted median,911,0.0052214348998773,0.030470068774158553,0.8639385395394228
ZgpDSD,Cp1zSr,tau,educ,Weighted mode,911,0.07534963439484965,0.09849430901029324,0.44446089486519014
ZgpDSD,Cp1zSr,tau,educ,MR Egger,911,0.03235426323377126,0.07427618881915886,0.66323472852414
