id.exposure,id.outcome,outcome,exposure,method,nsnp,b,se,pval
dsk9HX,E7PwpG,aaos,sbp,Inverse variance weighted (fixed effects),1480,0.004686849722395483,0.0017600935570028003,0.007748396004020355
dsk9HX,E7PwpG,aaos,sbp,Weighted median,1480,0.004559581455919854,0.002916791576690959,0.11800129864178488
dsk9HX,E7PwpG,aaos,sbp,Weighted mode,1480,0.002629821407568622,0.006670917803361816,0.6934741048137582
dsk9HX,E7PwpG,aaos,sbp,MR Egger,1480,0.0012464221088146113,0.0051191391471158264,0.8076652307436836
