id.exposure,id.outcome,outcome,exposure,egger_intercept,se,pval
oU36T5,7zO0Io,aaos,sbp,0.001008327198058453,0.0010219151912141404,0.3238699516125767
