id.exposure,id.outcome,outcome,exposure,method,nsnp,b,se,pval
oU36T5,7zO0Io,aaos,sbp,Inverse variance weighted (fixed effects),2917,0.0050456584823806465,0.001497674083015673,7.544243459674543e-4
oU36T5,7zO0Io,aaos,sbp,Weighted median,2917,0.004729458459763272,0.002563561711215006,0.06505529573248951
oU36T5,7zO0Io,aaos,sbp,Weighted mode,2917,0.0013812279132526806,0.005975975011924914,0.8172299198061541
oU36T5,7zO0Io,aaos,sbp,MR Egger,2917,0.0012725074194854765,0.00414273264212329,0.7587388169140565
