id.exposure,id.outcome,outcome,exposure,egger_intercept,se,pval
2gw5pk,HagR8W,aaos,sbp,0.0010339612371474242,0.0014349761525602825,0.4713043984560994
