id.exposure,id.outcome,outcome,exposure,method,nsnp,b,se,pval
2gw5pk,HagR8W,aaos,sbp,Inverse variance weighted (fixed effects),1488,0.004839077533796303,0.0017552873740814537,0.005835974061087249
2gw5pk,HagR8W,aaos,sbp,Weighted median,1488,0.004730532787628482,0.002996922398820176,0.11445915412292232
2gw5pk,HagR8W,aaos,sbp,Weighted mode,1488,0.002635690316206918,0.006448243815188169,0.6827853333972329
2gw5pk,HagR8W,aaos,sbp,MR Egger,1488,0.0014221484208041472,0.005106739139541436,0.7806790984631407
