SNP,rsID,ld.r2,Dprime,ref.proxy,alt.proxy,CHR,POS,Effect_allele.proxy,Non_Effect_allele.proxy,EAF,Beta,SE,P,r2,N,ref,alt,Effect_allele,Non_Effect_allele
rs61921502,NA,NA,NA,NA,NA,NA,NA,NA,NA,NA,NA,NA,NA,NA,NA,NA,NA,NA,NA
rs77956314,rs7294919,0.84,0.96,T,C,12,117327592,C,T,0.08179,0.0077,0.0086,0.638,8.905404945822e-6,90978,T,C,C,T
rs12784431,rs11597218,0.99,1,C,T,10,135038088,C,T,0.562,0.0033,0.0055,0.9138,5.361277679999999e-6,77421,G,A,G,A
rs78587286,rs16874892,0.97,1,A,G,6,14270739,G,A,0.09631,0.0186,0.0085,0.04814,6.0220830908088e-5,90966,C,T,T,C
rs74597467,NA,NA,NA,NA,NA,NA,NA,NA,NA,NA,NA,NA,NA,NA,NA,NA,NA,NA,NA
rs6060507,rs761827,0.96,0.98,C,T,20,34207897,C,T,0.847,0.0084,0.0066,0.1068,1.828788192e-5,89485,A,G,A,G
rs116621170,NA,NA,NA,NA,NA,NA,NA,NA,NA,NA,NA,NA,NA,NA,NA,NA,NA,NA,NA
rs453084,rs7122784,0.83,-0.97,T,G,11,79605008,G,T,0.3602,0.006,0.005,0.6564,1.659282912e-5,91013,G,A,A,G
