id.exposure,id.outcome,outcome,exposure,method,nsnp,b,se,pval
QtrOjC,UMHVW5,mvpa,tau,Inverse variance weighted (fixed effects),11,0.0991726587668723,0.021462200231053576,3.822525062656687e-6
QtrOjC,UMHVW5,mvpa,tau,Weighted median,11,0.05010992889467094,0.03347595682574448,0.13442107508100803
QtrOjC,UMHVW5,mvpa,tau,Weighted mode,11,0.038900032730620704,0.046901331633620334,0.4262323224945841
QtrOjC,UMHVW5,mvpa,tau,MR Egger,11,0.28764730079397577,0.09040518739572101,0.011153261355209108
