id.exposure,id.outcome,outcome,exposure,method,nsnp,b,se,pval
QtrOjC,UMHVW5,mvpa,tau,Inverse variance weighted (fixed effects),10,0.045069875344630785,0.024850109002606355,0.06972868185823392
QtrOjC,UMHVW5,mvpa,tau,Weighted median,10,0.034469744832734156,0.03376195242100912,0.30727139910676626
QtrOjC,UMHVW5,mvpa,tau,Weighted mode,10,0.040349053190586404,0.047356992958241605,0.41629894678811696
QtrOjC,UMHVW5,mvpa,tau,MR Egger,10,-0.10959981341589764,0.13961239074862136,0.4550535101283941
