id.exposure,id.outcome,outcome,exposure,method,nsnp,b,se,pval
M6s8ck,v2zqKW,hipv,dep,Inverse variance weighted (fixed effects),20,0.668044766163792,0.27378678422675407,0.014686517560182816
M6s8ck,v2zqKW,hipv,dep,Weighted median,20,0.97059429345804,0.40944327572560274,0.0177629867004764
M6s8ck,v2zqKW,hipv,dep,Weighted mode,20,1.4336900453678014,0.69807256214005,0.05401973074851475
M6s8ck,v2zqKW,hipv,dep,MR Egger,20,4.601113356971124,1.2857943224811736,0.0021478489512038157
