id.exposure,id.outcome,outcome,exposure,egger_intercept,se,pval
9u2XrK,plaOJE,hipv,dep,-0.012568022805745626,0.0037403126768948774,0.0010006964012623707
