id.exposure,id.outcome,outcome,exposure,method,nsnp,b,se,pval
9u2XrK,plaOJE,hipv,dep,Inverse variance weighted (fixed effects),144,2.548424973346522e-4,0.12100028844952469,0.9983195515784281
9u2XrK,plaOJE,hipv,dep,Weighted median,144,0.09306056314978081,0.17944793814610513,0.604044130692449
9u2XrK,plaOJE,hipv,dep,Weighted mode,144,0.07832671476117703,0.5263135304927238,0.8819042309080857
9u2XrK,plaOJE,hipv,dep,MR Egger,144,1.7188466059930423,0.5261633182760146,0.0013640640132022619
