query_snp_rsid,rsID,ld.r2,Dprime,ref.proxy,alt.proxy,CHR,POS,Effect_allele.proxy,Non_Effect_allele.proxy,EAF,Beta,SE,P,r2,N,ref,alt,Effect_allele,Non_Effect_allele
rs1123285,rs2274793,0.95,0.98,C,T,14,57283968,T,C,0.3241,0.0199,0.0627,0.7504,1.734992596638e-4,4914,C,G,G,C
rs13032049,NA,NA,NA,NA,NA,NA,NA,NA,NA,NA,NA,NA,NA,NA,NA,NA,NA,NA,NA
rs13127398,rs13109404,0.98,1,T,G,4,102896591,T,G,0.9117,0.0146,0.1216,0.9043,3.4320085855200014e-5,4914,T,A,T,A
rs13332432,rs3794666,0.92,0.97,C,T,16,85723042,T,C,0.2806,0.2239,0.0699,0.001371,0.0202393370564088,4914,C,G,G,C
rs144198753,NA,NA,NA,NA,NA,NA,NA,NA,NA,NA,NA,NA,NA,NA,NA,NA,NA,NA,NA
rs144502847,rs145329623,1,1,A,G,4,98528709,A,G,0.9883,0.4158,0.4242,0.327,0.003998283850360815,4914,T,A,T,A
rs148382129,NA,NA,NA,NA,NA,NA,NA,NA,NA,NA,NA,NA,NA,NA,NA,NA,NA,NA,NA
rs150955800,rs145329623,1,1,A,G,4,98528709,A,G,0.9883,0.4158,0.4242,0.327,0.003998283850360815,4914,T,A,T,A
rs17288033,NA,NA,NA,NA,NA,NA,NA,NA,NA,NA,NA,NA,NA,NA,NA,NA,NA,NA,NA
rs2049045,rs6265,0.97,1,C,T,11,27679916,T,C,0.1906,0.0351,0.073,0.6309,3.801284063928e-4,4914,G,C,C,G
rs28601761,rs112875651,0.8,0.93,G,A,8,126506694,A,G,0.3849,0.0191,0.0625,0.7597,1.7273898694379999e-4,4914,C,G,G,C
rs34704785,rs11148751,1,1,A,G,13,68108403,A,G,0.6132,0.0713,0.0586,0.224,0.0024115577525088,4914,C,T,C,T
rs538628,rs169201,0.93,1,A,G,17,44790203,A,G,0.7932,0.0222,0.071,0.7547,1.616847965568e-4,4914,G,C,G,C
rs6835022,rs113299742,1,1,G,A,4,39359536,A,G,0.1813,-0.0163,0.0762,0.8301,7.887289812779998e-5,4914,A,T,T,A
rs79616692,rs11648570,0.96,0.99,T,C,16,72356964,T,C,0.8947,-0.006,0.0968,0.9502,6.783257519999997e-6,4914,G,C,G,C
