id.exposure,id.outcome,outcome,exposure,egger_intercept,se,pval
Ty4qfb,82A7FH,hipv2015,pp,-0.3952258331623514,0.4903087727167164,0.4203745617958634
