id.exposure,id.outcome,outcome,exposure,egger_intercept,se,pval
au8N63,TveE7P,hipv2015,pp,-0.1979965044872103,0.35670568310259293,0.578909614675994
