id.exposure,id.outcome,outcome,exposure,method,nsnp,b,se,pval
au8N63,TveE7P,hipv2015,pp,Inverse variance weighted (fixed effects),1985,0.04697190213472144,0.8138559762413974,0.953975445221081
au8N63,TveE7P,hipv2015,pp,Weighted median,1985,1.112006778911693,1.2807676014678078,0.3852659024178496
au8N63,TveE7P,hipv2015,pp,Weighted mode,1985,2.301432548695999,4.676994216502645,0.622720672145767
au8N63,TveE7P,hipv2015,pp,MR Egger,1985,1.1636402498446496,2.1746915490158463,0.592652532730102
