id.exposure,id.outcome,outcome,exposure,method,Q,Q_df,Q_pval
au8N63,TveE7P,hipv2015,pp,MR Egger,2042.0784115383956,1983,0.17373451685133579
au8N63,TveE7P,hipv2015,pp,Inverse variance weighted,2042.3956929936232,1984,0.17653570303575863
