query_snp_rsid,rsID,ld.r2,Dprime,ref.proxy,alt.proxy,CHR,POS,Effect_allele.proxy,Non_Effect_allele.proxy,EAF,Beta,SE,P,r2,N,ref,alt,Effect_allele,Non_Effect_allele
rs113321260,rs1048699,0.99,1,C,T,19,45650386,T,C,0.1029,0.0324,0.0058,1.811e-8,1.9381002943679996e-4,171458.88,G,A,A,G
rs115141604,NA,NA,NA,NA,NA,NA,NA,NA,NA,NA,NA,NA,NA,NA,NA,NA,NA,NA,NA
rs141162384,rs6860508,0.91,1,C,T,5,65118738,T,C,0.03034,0.0213,0.0148,0.06169,2.6694651754871995e-5,85310,G,T,T,G
rs147636938,rs77301115,0.9,0.95,G,A,19,45396973,A,G,0.02639,0.1712,0.0167,1.063e-21,0.0015061281735019518,76664.25,C,T,T,C
rs3931206,rs6452368,0.88,0.99,G,T,5,26892346,T,G,0.5462,0.0035,0.0053,0.5602,6.0727062200000004e-6,89888,A,G,G,A
rs62313278,rs17090295,0.97,0.98,G,T,4,61738470,G,T,0.90369,0.0083,0.0095,0.3914,1.1991597413742002e-5,89888,A,G,A,G
rs76881547,NA,NA,NA,NA,NA,NA,NA,NA,NA,NA,NA,NA,NA,NA,NA,NA,NA,NA,NA
