id.exposure,id.outcome,outcome,exposure,method,nsnp,b,se,pval
6Nw7IP,iWM6DS,ldl,hips,Inverse variance weighted (fixed effects),8,0.1517915421639897,0.00569972692598905,2.94182017768467e-156
6Nw7IP,iWM6DS,ldl,hips,Weighted median,8,0.06046924666135418,0.015360560791717947,8.262485178476513e-5
6Nw7IP,iWM6DS,ldl,hips,Weighted mode,8,0.01877147374903214,0.016553806160535322,0.2941449259641606
6Nw7IP,iWM6DS,ldl,hips,MR Egger,8,0.2397812965092164,0.12887351267781624,0.11213138358898628
