id.exposure,id.outcome,outcome,exposure,method,nsnp,b,se,pval
6Nw7IP,iWM6DS,ldl,hips,Inverse variance weighted (fixed effects),6,0.19200706191965702,0.006937225997889105,1.2925704211556088e-168
6Nw7IP,iWM6DS,ldl,hips,Weighted median,6,0.02156944973394966,0.0177436874742527,0.22413253914150322
6Nw7IP,iWM6DS,ldl,hips,Weighted mode,6,0.008501739751490878,0.013781029111244259,0.5642946293435787
6Nw7IP,iWM6DS,ldl,hips,MR Egger,6,0.2488263532938995,0.1554794293493455,0.18476616289406875
