target_snp,proxy_snp,ld.r2,Dprime,PHASE,X12,CHR,POS,Effect_allele.proxy,Non_Effect_allele.proxy,EAF,Beta,SE,P,r2,N,ref,ref.proxy,alt,alt.proxy,Effect_allele,Non_Effect_allele,proxy.outcome
rs10888896,rs6681159,0.985306,0.995066,GC/CT,NA,1,55507882,T,C,0.7425,0.0241,0.0595,0.6852,2.2209448387499996e-4,4914,G,C,C,T,C,G,TRUE
rs1010167,rs11101980,0.963176,0.983435,GG/CT,NA,1,110193645,T,G,0.6065,0.0675,0.0481,0.1601,0.0021747687468750003,4914,G,G,C,T,C,G,TRUE
rs3125055,rs3125060,1,1,AA/TG,NA,6,160711018,A,G,0.1296,-0.0153,0.0663,0.8175,5.28125018112e-5,4914,A,A,T,G,A,T,TRUE
rs9987289,rs4841133,1,1,AA/GG,NA,8,9183664,A,G,0.0917,-0.0488,0.078,0.5312,3.967055619968001e-4,4914,A,A,G,G,A,G,TRUE
rs2954029,rs2980860,0.99599,1,TG/AA,NA,8,126485337,A,G,0.5304,0.0168,0.045,0.7091,1.4059833016319997e-4,4914,T,G,A,A,A,T,TRUE
rs8180991,rs55921265,1,1,GA/CG,NA,8,126503915,A,G,0.2285,-0.0287,0.0523,0.5831,2.90412913595e-4,4914,G,A,C,G,G,C,TRUE
rs11230815,rs6591661,1,1,GC/CT,NA,11,61635689,T,C,0.8844,0.1069,0.0705,0.1297,0.0023366408992608004,4914,G,C,C,T,C,G,TRUE
rs2738464,rs7258950,1,1,GA/CG,NA,19,11250139,A,G,0.1229,-0.0149,0.0681,0.8272,4.78633978718e-5,4914,G,A,C,G,G,C,TRUE
rs2965156,rs2965155,0.945466,0.995866,GT/CC,NA,19,45188471,T,C,0.5008,0.0354,0.0445,0.4271,6.265783959552001e-4,4914,G,T,C,C,G,C,TRUE
rs4803763,rs4803764,0.969803,0.989784,CC/GT,NA,19,45357377,T,C,0.667,-0.3105,0.0541,9.819e-9,0.0428275540755,4914,C,C,G,T,G,C,TRUE
rs8108762,rs12977416,0.936312,0.995137,AT/GC,NA,19,45597737,T,C,0.3157,-0.0098,0.0476,0.8369,4.1495716600799995e-5,4914,A,T,G,C,A,G,TRUE
rs11583974,NA,NA,NA,NA,NA,NA,NA,NA,NA,NA,NA,NA,NA,NA,NA,NA,NA,NA,NA,NA,NA,NA
rs1998013,NA,NA,NA,NA,NA,NA,NA,NA,NA,NA,NA,NA,NA,NA,NA,NA,NA,NA,NA,NA,NA,NA
rs648673,NA,NA,NA,NA,NA,NA,NA,NA,NA,NA,NA,NA,NA,NA,NA,NA,NA,NA,NA,NA,NA,NA
rs1800478,NA,NA,NA,NA,NA,NA,NA,NA,NA,NA,NA,NA,NA,NA,NA,NA,NA,NA,NA,NA,NA,NA
rs964184,NA,NA,NA,NA,NA,NA,NA,NA,NA,NA,NA,NA,NA,NA,NA,NA,NA,NA,NA,NA,NA,NA
rs35136575,NA,NA,NA,NA,NA,NA,NA,NA,NA,NA,NA,NA,NA,NA,NA,NA,NA,NA,NA,NA,NA,NA
