query_snp_rsid,rsID,ld.r2,Dprime,ref.proxy,alt.proxy,CHR,POS,Effect_allele.proxy,Non_Effect_allele.proxy,EAF,Beta,SE,P,r2,N,ref,alt,Effect_allele,Non_Effect_allele
rs10130752,NA,NA,NA,NA,NA,NA,NA,NA,NA,NA,NA,NA,NA,NA,NA,NA,NA,NA,NA
rs11986122,rs11993089,0.99,1,G,T,8,10009952,T,G,0.3667,0.0052,0.1034,0.9596,1.25590584288e-5,4914,C,G,G,C
rs1217101,rs1217098,0.95,0.99,A,C,8,64623652,A,C,0.2289,-0.0397,0.1071,0.711,5.563748689422e-4,4914,C,G,C,G
rs1233393,rs1233385,1,1,T,C,6,29559238,T,C,0.8924,-0.1768,0.2109,0.4019,0.006002972446515203,4914,C,G,C,G
rs1449404,rs7628948,1,1,C,T,3,85594169,T,C,0.244,-0.06,0.1038,0.5635,0.0013281407999999998,4914,C,G,G,C
rs3094084,rs1634714,0.99,1,T,C,6,30951561,T,C,0.8339,-0.0229,0.146,0.8751,1.4527288676780003e-4,4914,A,T,A,T
rs3096690,rs3130297,0.96,0.98,C,T,6,32198981,T,C,0.1144,0.1601,0.1715,0.3507,0.005193693203212799,4914,G,C,C,G
rs3136469,rs3136433,1,1,C,A,11,46741908,A,C,0.0866,-0.3053,0.1742,0.07959,0.0147456018611192,4914,T,A,A,T
rs35902873,rs13197574,1,1,T,C,6,28060239,T,C,0.9087,-0.3019,0.2162,0.1627,0.015123333429118207,4914,G,C,G,C
rs3734543,rs13195509,1,1,G,A,6,26463660,A,G,0.0955,0.526,0.1748,0.002617,0.047798407422000005,4914,G,C,C,G
rs3997983,rs2523634,1,1,A,G,6,31344876,A,G,0.4807,-0.021,0.0907,0.8169,2.2017146382000003e-4,4914,C,G,C,G
rs4713534,NA,NA,NA,NA,NA,NA,NA,NA,NA,NA,NA,NA,NA,NA,NA,NA,NA,NA,NA
rs4748775,rs2666775,0.93,0.99,C,T,10,22240299,T,C,0.6904,-0.0279,0.0938,0.766,3.327669122688e-4,4914,A,T,T,A
rs67474621,NA,NA,NA,NA,NA,NA,NA,NA,NA,NA,NA,NA,NA,NA,NA,NA,NA,NA,NA
rs9272557,NA,NA,NA,NA,NA,NA,NA,NA,NA,NA,NA,NA,NA,NA,NA,NA,NA,NA,NA
