query_snp_rsid,rsID,ld.r2,Dprime,ref.proxy,alt.proxy,CHR,POS,Effect_allele.proxy,Non_Effect_allele.proxy,EAF,Beta,SE,P,r2,N,ref,alt,Effect_allele,Non_Effect_allele
rs10253198,rs10215433,0.98,1,G,A,7,23977314,A,G,0.6058,-0.0021,0.045,0.9629,2.1062720951999995e-6,4914,G,C,C,G
rs116874152,NA,NA,NA,NA,NA,NA,NA,NA,NA,NA,NA,NA,NA,NA,NA,NA,NA,NA,NA
rs13252375,rs1399296,0.94,0.98,A,G,8,66216193,A,G,0.2379,-0.0709,0.051,0.1646,0.0018227573984958,4914,C,G,C,G
rs1372502,rs1899386,0.97,0.99,C,T,5,103704857,T,C,0.3595,0.0108,0.0456,0.8129,5.3714994480000005e-5,4914,A,T,T,A
rs138057142,rs146851283,0.85,0.92,C,T,15,82312727,T,C,0.0162,0.2132,0.1866,0.2534,0.0014488593545088,4914,A,T,T,A
rs143888887,NA,NA,NA,NA,NA,NA,NA,NA,NA,NA,NA,NA,NA,NA,NA,NA,NA,NA,NA
rs145629243,NA,NA,NA,NA,NA,NA,NA,NA,NA,NA,NA,NA,NA,NA,NA,NA,NA,NA,NA
rs146420746,NA,NA,NA,NA,NA,NA,NA,NA,NA,NA,NA,NA,NA,NA,NA,NA,NA,NA,NA
rs17466209,NA,NA,NA,NA,NA,NA,NA,NA,NA,NA,NA,NA,NA,NA,NA,NA,NA,NA,NA
rs183970751,NA,NA,NA,NA,NA,NA,NA,NA,NA,NA,NA,NA,NA,NA,NA,NA,NA,NA,NA
rs184586260,rs117739450,1,1,A,G,11,108508979,A,G,0.9871,0.4225,0.2683,0.1153,0.004546050799875008,4914,C,T,C,T
rs189286754,NA,NA,NA,NA,NA,NA,NA,NA,NA,NA,NA,NA,NA,NA,NA,NA,NA,NA,NA
rs4142405,rs10488661,1,1,C,T,7,132540270,T,C,0.2487,0.0263,0.0501,0.5997,2.584822150878e-4,4914,C,G,G,C
rs56399421,rs111463682,0.98,1,G,A,15,66540097,A,G,0.059,0.0983,0.104,0.3445,0.00107294797982,4914,A,T,T,A
rs6067024,rs1130146,0.99,0.99,G,A,20,47859217,A,G,0.3798,0.2764,0.0942,0.003337,0.0359909073320832,4914,A,T,T,A
rs6561715,rs9563152,0.96,0.99,T,C,13,53889343,T,C,0.395,0.0499,0.0457,0.2749,0.0011901002795,4914,T,A,T,A
rs6824784,rs2058368,1,1,A,G,4,82274989,A,G,0.6659,-0.0163,0.0461,0.7239,1.1821992922219997e-4,4914,A,G,A,G
rs6983361,rs34795112,0.99,0.99,G,A,8,10184617,A,G,0.4222,0.024,0.0475,0.6134,2.8102712832e-4,4914,C,G,G,C
rs71597563,NA,NA,NA,NA,NA,NA,NA,NA,NA,NA,NA,NA,NA,NA,NA,NA,NA,NA,NA
rs7228159,rs4468713,0.89,0.99,C,T,18,53104019,T,C,0.6204,-0.0447,0.0454,0.3252,9.411157353312e-4,4914,A,T,T,A
rs72852768,rs72852750,0.84,0.93,T,C,17,78749799,T,C,0.954,-0.0472,0.109,0.6653,1.9553306112000016e-4,4914,G,C,G,C
rs78607331,NA,NA,NA,NA,NA,NA,NA,NA,NA,NA,NA,NA,NA,NA,NA,NA,NA,NA,NA
rs7915847,rs10884325,1,1,A,G,10,108242222,A,G,0.9242,-0.0416,0.0853,0.6256,2.4246654648319994e-4,4914,T,A,T,A
