exposure,outcome,method,nsnp,b,se,pval,Signif
ab42,load,IVW,16,-7.096796623733876,0.15433047040311537,0,***
ab42,load,Weighted median,16,-0.5828125634704855,0.40090476679184484,0.14601752675791668, 
ab42,load,MR Egger,16,-14.061486008454413,2.1046200737311804,1.0417763772675417e-5,***
load,ab42,IVW,48,0.016758469610068865,0.003091762386504075,5.9478658753886914e-8,***
load,ab42,Weighted median,48,0.05904656726670746,0.008449564247072515,2.785944474758869e-12,***
load,ab42,MR Egger,48,0.03959620013534214,0.012365248634116704,0.0024754941055320705,**
