exposure,outcome,method,nsnp,b,se,pval,Signif
ab42,aaos,IVW,5,-5.834527271415724,0.22278536067396004,3.5456908231661325e-151,***
ab42,aaos,Weighted median,5,-6.88016865932216,0.5792175747506849,1.5330274079486415e-32,***
ab42,aaos,MR Egger,5,-8.362825550987589,1.8160864587544618,0.019257451495829036,*
aaos,ab42,IVW,16,-0.1344605595875934,0.005767026742275256,3.0939160511738693e-120,***
aaos,ab42,Weighted median,16,-0.13002276449618164,0.011781315971960287,2.551808478016328e-28,***
aaos,ab42,MR Egger,16,-0.15225773053123542,0.013831022107260432,2.806517276632489e-8,***
