exposure,outcome,method,nsnp,b,se,pval,Signif
ab42,aaos,IVW,16,-2.9502621453882507,0.15529020368492774,1.7589347897394345e-80,***
ab42,aaos,Weighted median,16,-0.6984369089225055,0.32296838640226605,0.030575420132380304,*
ab42,aaos,MR Egger,16,-7.520726048090845,1.5212828429913983,2.1597566750682009e-4,***
aaos,ab42,IVW,40,-0.10960843534788972,0.005144224614451842,9.75831320802553e-101,***
aaos,ab42,Weighted median,40,-0.12004326582641588,0.012731397334237083,4.143519837097868e-21,***
aaos,ab42,MR Egger,40,-0.15645704394595458,0.014613316250867278,4.950417020662036e-13,***
