id.exposure,id.outcome,outcome,exposure,method,nsnp,b,se,pval
WYzOZx,lxHq9U,ab42,pp,Inverse variance weighted (fixed effects),822,0.0010730711994633218,9.10056642651046e-4,0.23834811600145858
WYzOZx,lxHq9U,ab42,pp,Weighted median,822,0.002381774113487189,0.0014313833863432216,0.09611910885888765
WYzOZx,lxHq9U,ab42,pp,Weighted mode,822,0.004413896606569878,0.005009731376354311,0.37854074635040547
WYzOZx,lxHq9U,ab42,pp,MR Egger,822,0.004294725967503554,0.0026329645970087252,0.1032453963720953
