id.exposure,id.outcome,outcome,exposure,method,nsnp,b,se,pval
aCYsU9,qJSZXU,ab42,pp,Inverse variance weighted (fixed effects),937,-2.1003334689603814e-4,8.51851337575123e-4,0.8052479636989519
aCYsU9,qJSZXU,ab42,pp,Weighted median,937,0.001903099421613311,0.0014131222647097133,0.17806600411681528
aCYsU9,qJSZXU,ab42,pp,Weighted mode,937,0.0035734880518506484,0.004669105647837026,0.444257616707759
aCYsU9,qJSZXU,ab42,pp,MR Egger,937,0.0025129884797666937,0.003002606820917176,0.40284263631529593
