id.exposure,id.outcome,outcome,exposure,method,nsnp,b,se,pval
4VsytO,RCKzFj,ab42,pp,Inverse variance weighted (fixed effects),1587,9.641070131588337e-4,7.712274938352407e-4,0.21126514005512487
4VsytO,RCKzFj,ab42,pp,Weighted median,1587,0.0023768198646406005,0.0012337310627659498,0.05403823365657095
4VsytO,RCKzFj,ab42,pp,Weighted mode,1587,0.004711959580634445,0.004723365152967568,0.318632672432888
4VsytO,RCKzFj,ab42,pp,MR Egger,1587,0.0028561980186989854,0.0021440813169721442,0.18300852288263106
