exposure,outcome,method,nsnp,b,se,pval,Signif
LOAD,alcd,IVW,42,0.004990536393000398,0.019293592233528164,0.7958953520767685, 
LOAD,alcd,Weighted median,42,0.02363098998205737,0.030334135344782454,0.43596614951793505, 
LOAD,alcd,MR Egger,42,0.017324028999129746,0.029572471238515613,0.5612901731659408, 
AAOS,alcd,IVW,18,-0.02767461123917058,0.03763394336535979,0.4621184210668023, 
AAOS,alcd,Weighted median,18,-0.02645238730591166,0.052179732564564166,0.6121916245055337, 
AAOS,alcd,MR Egger,18,-0.018325235670004564,0.06059883668661586,0.7662410546650715, 
HV,alcd,IVW,9,-0.09307764228891108,0.1273095363421103,0.4647102052168432, 
HV,alcd,Weighted median,9,-0.08725203668128188,0.1677966680247544,0.6030728408560435, 
HV,alcd,MR Egger,9,-0.3544642114311751,0.36440875444051596,0.3631022137161911, 
