id.exposure,id.outcome,outcome,exposure,method,nsnp,b,se,pval
MbzwSS,4reagb,hips,educ,Inverse variance weighted (fixed effects),1156,0.7987974047315796,0.27519291981341476,0.003699826690057204
MbzwSS,4reagb,hips,educ,Weighted median,1156,0.9756822311369392,0.42301268439116874,0.02108225169811552
MbzwSS,4reagb,hips,educ,Weighted mode,1156,0.5857298396775619,1.983044368141382,0.7677650966886839
MbzwSS,4reagb,hips,educ,MR Egger,1156,2.3714035196436054,0.9943962728500624,0.017250669766468826
