target_snp,proxy_snp,ld.r2,Dprime,PHASE,X12,CHR,POS,Effect_allele.proxy,Non_Effect_allele.proxy,EAF,Beta,SE,P,r2,N,ref,ref.proxy,alt,alt.proxy,Effect_allele,Non_Effect_allele,proxy.outcome
rs915416,rs10799033,0.995069,1,CA/GG,NA,1,34733985,A,G,0.2877,0.2255,0.0965,0.01949,0.020841352271354998,4914,C,A,G,G,C,G,TRUE
rs269054,rs269057,0.955316,1,AA/TG,NA,1,57863184,A,G,0.4307,0.057,0.0883,0.5188,0.00159329341998,4914,A,A,T,G,A,T,TRUE
rs75539574,rs75892241,0.925931,0.984412,CC/AA,NA,2,58924285,A,C,0.8936,0.0314,0.1616,0.8461,1.8748826055680007e-4,4914,C,C,A,A,A,C,TRUE
rs35662245,rs4128364,0.982722,0.995632,AC/TT,NA,2,147612734,T,C,0.6658,-0.0163,0.0907,0.857,1.1823755509679999e-4,4914,A,C,T,T,T,A,TRUE
rs112230981,rs76258078,0.948037,1,GG/AA,NA,3,55823890,A,G,0.9532,-0.0146,0.2327,0.9501,1.901803288319998e-5,4914,G,G,A,A,A,G,TRUE
rs2079070,rs10255943,0.861117,0.959589,CA/GG,NA,7,114072443,A,G,0.3018,-0.051,0.0973,0.6001,0.0010961485855199996,4914,C,A,G,G,C,G,TRUE
rs4333549,rs2409710,0.99601,1,CA/GG,NA,8,10979821,A,G,0.454,-0.0688,0.0892,0.4405,0.0023466880819200003,4914,C,A,G,G,C,G,TRUE
rs11039544,rs11039560,0.9925,1,AT/GC,NA,11,48196789,T,C,0.1626,0.1607,0.1209,0.1836,0.0070325891615352,4914,A,T,G,C,A,G,TRUE
rs12791153,rs11603610,0.924871,0.986743,TG/AT,NA,11,80668994,T,G,0.9232,-0.082,0.1835,0.6549,9.534868684799999e-4,4914,T,G,A,T,A,T,TRUE
rs11643715,rs8182198,0.834757,1,GT/CG,NA,16,23905225,T,G,0.2604,-0.0333,0.1032,0.7467,4.271263309152001e-4,4914,G,T,C,G,G,C,TRUE
rs10421649,rs12973413,0.9681,0.987871,TA/AG,NA,19,9942222,A,G,0.4654,0.085,0.0896,0.3428,0.0035952010380000004,4914,T,A,A,G,T,A,TRUE
rs17732997,NA,NA,NA,NA,NA,NA,NA,NA,NA,NA,NA,NA,NA,NA,NA,NA,NA,NA,NA,NA,NA,NA
rs147114641,NA,NA,NA,NA,NA,NA,NA,NA,NA,NA,NA,NA,NA,NA,NA,NA,NA,NA,NA,NA,NA,NA
rs553223732,NA,NA,NA,NA,NA,NA,NA,NA,NA,NA,NA,NA,NA,NA,NA,NA,NA,NA,NA,NA,NA,NA
rs538476570,NA,NA,NA,NA,NA,NA,NA,NA,NA,NA,NA,NA,NA,NA,NA,NA,NA,NA,NA,NA,NA,NA
