id.exposure,id.outcome,outcome,exposure,method,nsnp,b,se,pval
Abv6kD,nXFOFj,load,hear,Inverse variance weighted (fixed effects),109,-0.07732884125467054,0.27854530568753255,0.7813065761708484
Abv6kD,nXFOFj,load,hear,Weighted median,109,-0.34267485865562225,0.4214748366460455,0.41619654305759896
Abv6kD,nXFOFj,load,hear,Weighted mode,109,-0.6518089978650128,0.9614853506117803,0.4992730037775157
Abv6kD,nXFOFj,load,hear,MR Egger,109,0.1181536090328938,0.9791818729162405,0.9041821703346474
