id.exposure,id.outcome,outcome,exposure,method,nsnp,b,se,pval
W5DLrh,HoC8qE,load,hear,Inverse variance weighted (fixed effects),30,-0.16819269821222435,0.43602915546150545,0.6996912538885856
W5DLrh,HoC8qE,load,hear,Weighted median,30,-0.8103773121969925,0.6143568675958665,0.1871470180183649
W5DLrh,HoC8qE,load,hear,Weighted mode,30,-0.9422883237850712,1.1529140457418536,0.42041550941967343
W5DLrh,HoC8qE,load,hear,MR Egger,30,0.5674750096207005,2.7802496050879597,0.8397443433509896
