id.exposure,id.outcome,outcome,exposure,method,nsnp,b,se,pval
oH4Q27,FZc5Ex,hipv,alcd,Inverse variance weighted (fixed effects),21,-0.008061669851951872,0.014365139289309834,0.5746634007355813
oH4Q27,FZc5Ex,hipv,alcd,Weighted median,21,-0.034795607182473993,0.02173651307439445,0.10942329224850754
oH4Q27,FZc5Ex,hipv,alcd,Weighted mode,21,-0.02740646051018808,0.028885322103063292,0.35404601568017957
oH4Q27,FZc5Ex,hipv,alcd,MR Egger,21,0.0026077921900379258,0.035990946463441954,0.9429956267589847
