id.exposure,id.outcome,outcome,exposure,egger_intercept,se,pval
oH4Q27,FZc5Ex,hipv,alcd,-0.0024074343608385057,0.007147249153905624,0.7399343649479201
