id.exposure,id.outcome,outcome,exposure,method,nsnp,b,se,pval
sw0NZO,Z5s2RO,hipv,alcd,Inverse variance weighted (fixed effects),21,-0.008061669851951872,0.014365139289309834,0.5746634007355813
sw0NZO,Z5s2RO,hipv,alcd,Weighted median,21,-0.034795607182473993,0.020841657217918884,0.09501395567131088
sw0NZO,Z5s2RO,hipv,alcd,Weighted mode,21,-0.02740646051018808,0.02977437327459744,0.36829642819188735
sw0NZO,Z5s2RO,hipv,alcd,MR Egger,21,0.0026077921900379258,0.035990946463441954,0.9429956267589847
