id.exposure,id.outcome,outcome,exposure,egger_intercept,se,pval
wI65rJ,dx57Vr,hipv,alcd,-0.0024074343608385057,0.007147249153905624,0.7399343649479201
