id.exposure,id.outcome,outcome,exposure,method,nsnp,b,se,pval
IjQHcX,aOWWqD,ptau,smkukbb,Inverse variance weighted (fixed effects),182,0.032876751634081346,0.049166924555399207,0.5037020610924481
IjQHcX,aOWWqD,ptau,smkukbb,Weighted median,182,-0.009072498864251778,0.07601401980808864,0.9049957210636076
IjQHcX,aOWWqD,ptau,smkukbb,Weighted mode,182,-0.13133214897266843,0.1946328602874111,0.500683762944035
IjQHcX,aOWWqD,ptau,smkukbb,MR Egger,182,0.22223298958864945,0.21321968029719332,0.29868324372869104
