id.exposure,id.outcome,outcome,exposure,method,nsnp,b,se,pval
EKB5AZ,dykxxG,ptau,smkukbb,Inverse variance weighted (fixed effects),579,-0.011830141302324968,0.03264189280698038,0.7170366736568101
EKB5AZ,dykxxG,ptau,smkukbb,Weighted median,579,-0.009946974782623992,0.04949638173667143,0.8407269775754465
EKB5AZ,dykxxG,ptau,smkukbb,Weighted mode,579,0.07386424736168928,0.16533427610411594,0.6552178540106928
EKB5AZ,dykxxG,ptau,smkukbb,MR Egger,579,0.12289344418293345,0.12534815638879412,0.3272912909489951
