id.exposure,id.outcome,outcome,exposure,method,nsnp,b,se,pval
yEmmXg,gWi3IY,ptau,smkukbb,Inverse variance weighted (fixed effects),182,0.032876751634081346,0.049166924555399207,0.5037020610924481
yEmmXg,gWi3IY,ptau,smkukbb,Weighted median,182,-0.009072498864251778,0.07508352069003747,0.9038240307540301
yEmmXg,gWi3IY,ptau,smkukbb,Weighted mode,182,-0.13133214897266843,0.18411215951003043,0.4765622259819857
yEmmXg,gWi3IY,ptau,smkukbb,MR Egger,182,0.22223298958864945,0.21321968029719332,0.29868324372869104
