id.exposure,id.outcome,outcome,exposure,method,nsnp,b,se,pval
c30Ghc,QYeoG8,hipv2015,fish,Inverse variance weighted (fixed effects),280,48.649439048811026,28.32788532178683,0.08591172718410064
c30Ghc,QYeoG8,hipv2015,fish,Weighted median,280,75.25055549583894,43.48774148554397,0.08356143012213572
c30Ghc,QYeoG8,hipv2015,fish,Weighted mode,280,165.04198106029844,132.04917711803375,0.21240085540627934
c30Ghc,QYeoG8,hipv2015,fish,MR Egger,280,249.19982947746405,109.18440092312574,0.02322262879798267
