id.exposure,id.outcome,outcome,exposure,method,nsnp,b,se,pval
jFfLG3,fngrJe,hipv2015,fish,Inverse variance weighted (fixed effects),93,98.54203668409097,40.791188215577336,0.015702073566846234
jFfLG3,fngrJe,hipv2015,fish,Weighted median,93,134.2033314570636,59.6481042682291,0.024454163868347357
jFfLG3,fngrJe,hipv2015,fish,Weighted mode,93,152.67230715218443,143.7848886970659,0.29110110065356065
jFfLG3,fngrJe,hipv2015,fish,MR Egger,93,298.67855493680275,182.6923003134098,0.10553059095321153
