target_snp,proxy_snp,ld.r2,Dprime,PHASE,X12,CHROM,POS,REF.proxy,ALT.proxy,AF,BETA,SE,Z,P,N,TRAIT,ref,ref.proxy,alt,alt.proxy,ALT,REF,proxy.outcome
rs6576884,rs6576885,1,1,CC/GT,NA,1,87709721,C,T,0.2421,0.05,0.0682,0.733138,0.4634,2764,VBI_any,C,C,G,T,G,C,TRUE
rs10911105,rs12046085,1,1,TT/AC,NA,1,182600308,C,T,0.0264,-0.2393,0.2048,-1.16845703125,0.2426,2764,VBI_any,T,T,A,C,T,A,TRUE
rs10490220,rs10445932,0.937667,1,CC/GT,NA,2,50986128,T,C,0.8861,-0.0879,0.0896,-0.9810267857142858,0.3268,2764,VBI_any,C,C,G,T,C,G,TRUE
rs4507102,rs4233653,1,1,TC/AT,NA,2,152487574,T,C,0.7021,-0.0259,0.0637,-0.40659340659340654,0.6841,2764,VBI_any,T,C,A,T,T,A,TRUE
rs4722031,rs28541530,0.882126,0.985254,AG/TA,NA,7,21531161,G,A,0.31,-0.0679,0.0638,-1.06426,0.287,2764,VBI_any,A,G,T,A,T,A,TRUE
rs8180817,rs12536335,0.972536,1,CG/GA,NA,7,114043159,A,G,0.923,-0.073,0.162,-0.45061728395061723,0.6522,2764,VBI_any,C,G,G,A,C,G,TRUE
rs929295,rs62474596,0.899048,0.961113,AC/TT,NA,7,122016870,T,C,0.7593,-0.0236,0.0686,-0.34402332361516036,0.7309,2764,VBI_any,A,C,T,T,A,T,TRUE
rs13233916,rs11525873,0.842189,0.962273,GC/CT,NA,7,138817193,T,C,0.9023,-0.0866,0.1,-0.8659999999999999,0.3865,2764,VBI_any,G,C,C,T,G,C,TRUE
rs112624881,rs111487743,0.91119000000000006,1,CT/GC,NA,9,94818552,C,T,0.0175,0.5859,0.2949,1.9867751780264495,0.04696,2764,VBI_any,C,T,G,C,C,G,TRUE
rs73416497,rs10774632,0.972462,1,AG/TA,NA,12,112086503,A,G,0.8402,-0.0637,0.0785,-0.8114649681528663,0.4175,2764,VBI_any,A,G,T,A,A,T,TRUE
rs962950,rs962949,1,1,TG/AA,NA,15,47685378,A,G,0.6693,-0.0987,0.0607,-1.6260296540362438,0.1042,2764,VBI_any,T,G,A,A,T,A,TRUE
rs62085660,rs34417254,1,1,CT/GC,NA,17,66097429,T,C,0.7129,-0.0969,0.0792,-1.22348,0.2212,2764,VBI_any,C,T,G,C,G,C,TRUE
rs1025574,rs6509845,1,1,GC/CT,NA,19,30423316,C,T,0.087,-0.0753,0.1149,-0.655352,0.5119,2764,VBI_any,G,C,C,T,C,G,TRUE
rs2149282,rs4911532,0.811725,1,CT/GC,NA,20,30408580,T,C,0.5947,-0.0993,0.0591,-1.6802,0.09291,2764,VBI_any,C,T,G,C,G,C,TRUE
rs6697362,NA,NA,NA,NA,NA,NA,NA,NA,NA,NA,NA,NA,NA,NA,NA,NA,NA,NA,NA,NA,NA,NA,NA
rs145252437,NA,NA,NA,NA,NA,NA,NA,NA,NA,NA,NA,NA,NA,NA,NA,NA,NA,NA,NA,NA,NA,NA,NA
rs115848509,NA,NA,NA,NA,NA,NA,NA,NA,NA,NA,NA,NA,NA,NA,NA,NA,NA,NA,NA,NA,NA,NA,NA
rs137975658,NA,NA,NA,NA,NA,NA,NA,NA,NA,NA,NA,NA,NA,NA,NA,NA,NA,NA,NA,NA,NA,NA,NA
rs139070646,NA,NA,NA,NA,NA,NA,NA,NA,NA,NA,NA,NA,NA,NA,NA,NA,NA,NA,NA,NA,NA,NA,NA
rs4402837,NA,NA,NA,NA,NA,NA,NA,NA,NA,NA,NA,NA,NA,NA,NA,NA,NA,NA,NA,NA,NA,NA,NA
