id.exposure,id.outcome,outcome,exposure,method,nsnp,b,se,pval
EImFjH,09YwBU,aaos,diab,Inverse variance weighted (fixed effects),189,0.06509655046601705,0.016328263219231483,6.698718458036414e-5
EImFjH,09YwBU,aaos,diab,Weighted median,189,0.048845169216901935,0.03055831721292304,0.1099484898117709
EImFjH,09YwBU,aaos,diab,Weighted mode,189,0.061442558433377314,0.03537013866672895,0.08400188477875774
EImFjH,09YwBU,aaos,diab,MR Egger,189,0.050026245242225834,0.04677863760068716,0.28625666878477884
