id.exposure,id.outcome,outcome,exposure,method,nsnp,b,se,pval
vOGmnf,XP0WH0,aaos,diab,Inverse variance weighted (fixed effects),189,0.06509655046601702,0.016328263219231486,6.698718458036488e-5
vOGmnf,XP0WH0,aaos,diab,Weighted median,189,0.048845169216901935,0.0306569112935996,0.11109647270805838
vOGmnf,XP0WH0,aaos,diab,Weighted mode,189,0.061442558433377314,0.03719683910927821,0.10024009845174947
vOGmnf,XP0WH0,aaos,diab,MR Egger,189,0.05002624524222587,0.04677863760068716,0.28625666878477857
