id.exposure,id.outcome,outcome,exposure,egger_intercept,se,pval
95PA0u,yAJ5mV,aaos,diab,0.001153521525219884,0.0032420434773384626,0.7223908332993716
