id.exposure,id.outcome,outcome,exposure,method,nsnp,b,se,pval
oAnWpW,seDiLr,aaos,diab,Inverse variance weighted (fixed effects),433,0.06347253286622923,0.01337289805504699,2.0711420939942567e-6
oAnWpW,seDiLr,aaos,diab,Weighted median,433,0.05048946478527927,0.02737988636715029,0.06517806072766805
oAnWpW,seDiLr,aaos,diab,Weighted mode,433,0.0685171558792863,0.03539040864002619,0.0535151255268143
oAnWpW,seDiLr,aaos,diab,MR Egger,433,0.07563939326063628,0.03899930264352859,0.05309187778679534
