id.exposure,id.outcome,outcome,exposure,method,nsnp,b,se,pval
snoJiP,rdoBvQ,aaos,diab,Inverse variance weighted (fixed effects),433,0.06347253286622923,0.01337289805504699,2.0711420939942567e-6
snoJiP,rdoBvQ,aaos,diab,Weighted median,433,0.05048946478527927,0.028647420627484085,0.0779943679279297
snoJiP,rdoBvQ,aaos,diab,Weighted mode,433,0.0685171558792863,0.03415855224715026,0.04549457648477774
snoJiP,rdoBvQ,aaos,diab,MR Egger,433,0.07563939326063619,0.0389993026435286,0.05309187778679569
