id.exposure,id.outcome,outcome,exposure,method,nsnp,b,se,pval
Gy9hIT,EsFhwd,load,pp,Inverse variance weighted (fixed effects),2265,0.0017115732075119914,0.0026323959832358947,0.5155656567030745
Gy9hIT,EsFhwd,load,pp,Weighted median,2265,-0.002616907440659176,0.004467285879919262,0.5580142306736781
Gy9hIT,EsFhwd,load,pp,Weighted mode,2265,-0.006243719035458395,0.013986439552720538,0.6553421229154672
Gy9hIT,EsFhwd,load,pp,MR Egger,2265,-0.003330214658490836,0.010710882905613384,0.7558910015533626
