id.exposure,id.outcome,outcome,exposure,method,nsnp,b,se,pval
O96pyO,eOnhGZ,load,pp,Inverse variance weighted (fixed effects),2182,0.0021542642715077025,0.0026829027700421676,0.4219977117044385
O96pyO,eOnhGZ,load,pp,Weighted median,2182,-0.002361846753069455,0.004519205763379395,0.6012357261657655
O96pyO,eOnhGZ,load,pp,Weighted mode,2182,-0.006171360040175156,0.013884164885770293,0.6567331049540637
O96pyO,eOnhGZ,load,pp,MR Egger,2182,-0.0038296199178589397,0.010990145785680415,0.727528825623065
