id.exposure,id.outcome,outcome,exposure,method,nsnp,b,se,pval
u9TbHG,fJlwLY,load,pp,Inverse variance weighted (fixed effects),1088,-6.464517587361093e-4,0.003191643567977893,0.8394906059525101
u9TbHG,fJlwLY,load,pp,Weighted median,1088,-0.0029179467929504968,0.005188340071316073,0.5738403239045982
u9TbHG,fJlwLY,load,pp,Weighted mode,1088,-0.0011720652253446318,0.014374790052706246,0.9350305767995273
u9TbHG,fJlwLY,load,pp,MR Egger,1088,-0.0074685051305618,0.016785683803942106,0.6564568160822435
