id.exposure,id.outcome,outcome,exposure,method,nsnp,b,se,pval
7n9NUt,iBEMfz,load,pp,Inverse variance weighted (fixed effects),1134,-6.475244674182564e-4,0.003129420704239055,0.8360761462783959
7n9NUt,iBEMfz,load,pp,Weighted median,1134,-0.0035012934975064383,0.00517767035306336,0.4988949377996713
7n9NUt,iBEMfz,load,pp,Weighted mode,1134,-6.234316890150193e-4,0.014971023387057705,0.9667909843211748
7n9NUt,iBEMfz,load,pp,MR Egger,1134,-0.006939671247900254,0.016250738616218573,0.6694333803301153
