id.exposure,id.outcome,outcome,exposure,method,nsnp,b,se,pval
u9TbHG,fJlwLY,load,pp,Inverse variance weighted (fixed effects),1086,-9.319480434815258e-4,0.003196586402510778,0.7706347096404668
u9TbHG,fJlwLY,load,pp,Weighted median,1086,-0.0034106733985092997,0.005235732324331758,0.5147738446491872
u9TbHG,fJlwLY,load,pp,Weighted mode,1086,-0.0010508946812386455,0.015539093067019198,0.9460933602225511
u9TbHG,fJlwLY,load,pp,MR Egger,1086,-0.00791769877134151,0.016729331567524718,0.636106983073973
