id.exposure,id.outcome,outcome,exposure,method,nsnp,b,se,pval
O96pyO,eOnhGZ,load,pp,Inverse variance weighted (fixed effects),2185,0.002051769658234212,0.0026794716282952805,0.44383300845971513
O96pyO,eOnhGZ,load,pp,Weighted median,2185,-0.0023570283377642863,0.0043876942616363,0.5911359282725082
O96pyO,eOnhGZ,load,pp,Weighted mode,2185,-0.006351789179707912,0.013194664792269663,0.6302870583807934
O96pyO,eOnhGZ,load,pp,MR Egger,2185,-0.003575744446891733,0.011035392270980642,0.7459500477796286
