exposure,outcome,method,nsnp,b,se,pval,Signif
tau,load,IVW,11,5.618446470096174,0.15832855593469347,8.08341842844518e-276,***
tau,load,Weighted median,11,0.17995559481279333,0.3226315266623222,0.5769984699745843, 
tau,load,MR Egger,11,18.472299282068775,5.62735911929357,0.009489976592470093,**
load,tau,IVW,48,-0.0053388366690676385,0.004493927141674642,0.23482891891913044, 
load,tau,Weighted median,48,-0.04843427421930151,0.00945619345921229,3.0237102784305305e-7,***
load,tau,MR Egger,48,-0.029306350640190378,0.010911237645268435,0.010029104173617945,*
