id.exposure,id.outcome,outcome,exposure,method,nsnp,b,se,pval
KzEolL,6jtYsQ,tau,mdd,Inverse variance weighted (fixed effects),34,-0.02529451095262151,0.03319066860605021,0.4460020776323196
KzEolL,6jtYsQ,tau,mdd,Weighted median,34,-0.046565311081991134,0.050409272929049856,0.35561912521478506
KzEolL,6jtYsQ,tau,mdd,Weighted mode,34,-0.06135059016903088,0.1106605260347037,0.5830407683910157
KzEolL,6jtYsQ,tau,mdd,MR Egger,34,0.15616649551124384,0.1933504561524705,0.42523472069609136
