id.exposure,id.outcome,outcome,exposure,method,nsnp,b,se,pval
H3Myod,nmlfpL,tau,mdd,Inverse variance weighted (fixed effects),40,-0.019812394441136017,0.030674408407612708,0.5183484680684722
H3Myod,nmlfpL,tau,mdd,Weighted median,40,-0.04567728667933861,0.04307289402398811,0.28893320902540437
H3Myod,nmlfpL,tau,mdd,Weighted mode,40,0.11465412469823988,0.10613388995766372,0.28665374955109885
H3Myod,nmlfpL,tau,mdd,MR Egger,40,0.14921966990319627,0.17884801720398713,0.4093051902743744
