id.exposure,id.outcome,outcome,exposure,method,nsnp,b,se,pval
wpXHQE,9RZLOe,tau,mdd,Inverse variance weighted (fixed effects),34,-0.02529451095262151,0.03319066860605021,0.4460020776323196
wpXHQE,9RZLOe,tau,mdd,Weighted median,34,-0.046565311081991134,0.04968079540167095,0.3486094224066417
wpXHQE,9RZLOe,tau,mdd,Weighted mode,34,-0.06135059016903088,0.12200858957994518,0.6184175498297326
wpXHQE,9RZLOe,tau,mdd,MR Egger,34,0.15616649551124384,0.1933504561524705,0.42523472069609136
