id.exposure,id.outcome,outcome,exposure,method,nsnp,b,se,pval
yauJxy,Ut6KUo,tau,mdd,Inverse variance weighted (fixed effects),130,-0.026648958944537948,0.01972499746356595,0.17668751792157114
yauJxy,Ut6KUo,tau,mdd,Weighted median,130,-0.03906033906891146,0.030176418156290203,0.19552748048387628
yauJxy,Ut6KUo,tau,mdd,Weighted mode,130,0.09117701984693616,0.09998386704188612,0.36351325751032426
yauJxy,Ut6KUo,tau,mdd,MR Egger,130,-0.05959846702611963,0.11149589103221295,0.5938986400418337
