target_snp,proxy_snp,ld.r2,Dprime,PHASE,X12,CHR,POS,Effect_allele.proxy,Non_Effect_allele.proxy,EAF,Beta,SE,P,r2,N,ref,ref.proxy,alt,alt.proxy,Effect_allele,Non_Effect_allele,proxy.outcome
rs1530848,rs4950,0.988686,1,GG/TA,NA,8,42552633,A,G,0.7728,-0.0557,0.0879,0.5259,0.0010894713811967999,4914,G,G,T,A,T,G,TRUE
rs12592721,rs11634450,1,1,CG/GA,NA,15,79093201,A,G,0.5666,0.0135,0.0735,0.8539,8.950823838e-5,4914,C,G,G,A,G,C,TRUE
rs35405967,rs73048928,0.954405,0.99523,GT/CG,NA,19,41323793,T,G,0.3145,0.0861,0.0883,0.3295,0.0031964241811949993,4914,G,T,C,G,G,C,TRUE
rs28399459,rs4803380,1,1,GT/CC,NA,19,41351169,T,C,0.0151,-0.771,0.5089,0.1298,0.01768104121518,4914,G,T,C,C,G,C,TRUE
rs3844442,rs10419589,0.917072,1,TT/AC,NA,19,41416750,T,C,0.4137,-0.0482,0.0753,0.5223,0.0011270144573688,4914,T,T,A,C,T,A,TRUE
