query_snp_rsid,rsID,ld.r2,Dprime,ref.proxy,alt.proxy,CHR,POS,Effect_allele.proxy,Non_Effect_allele.proxy,EAF,Beta,SE,P,r2,N,ref,alt,Effect_allele,Non_Effect_allele
rs12592721,rs11634450,0.99,0.99,A,G,15,79093201,A,G,0.5681,-0.1437,0.0881,0.1029,0.010133314582318198,4914,G,C,G,C
rs28399459,rs28399462,0.94,1,G,A,19,41350615,A,G,0.0147,0.5428,0.5756,0.3457,0.008534842107388797,4914,C,G,G,C
rs35405967,rs73048928,0.93,0.99,G,T,19,41323793,T,G,0.3126,0.0053,0.1069,0.9606,1.20720280632e-5,4914,C,G,G,C
rs3844442,rs10417121,0.93,1,A,G,19,41424828,A,G,0.4382,0.0011,0.091,0.9905,5.957574392000001e-7,4914,T,A,T,A
