id.exposure,id.outcome,outcome,exposure,method,nsnp,b,se,pval
olWq60,bjyQpo,cpd,hipv2015,Inverse variance weighted (fixed effects),11,6.816960099063648e-5,5.0092963494385804e-5,0.17355736413922718
olWq60,bjyQpo,cpd,hipv2015,Weighted median,11,4.94573697905417e-5,6.56141443941513e-5,0.45099286779134395
olWq60,bjyQpo,cpd,hipv2015,Weighted mode,11,2.4679634358668674e-6,8.625392432647006e-5,0.9777364065603324
olWq60,bjyQpo,cpd,hipv2015,MR Egger,11,6.232709824846053e-5,1.3258951227188457e-4,0.649483046749751
