id.exposure,id.outcome,outcome,exposure,method,nsnp,b,se,pval
knROIL,QHbTDj,ab42,educ,Inverse variance weighted (fixed effects),2028,0.01170181150416529,0.010983983710364617,0.28671656690797775
knROIL,QHbTDj,ab42,educ,Weighted median,2028,0.021048825747105655,0.017084756388086087,0.21794020994425267
knROIL,QHbTDj,ab42,educ,Weighted mode,2028,0.0909222561744496,0.07974904023966979,0.2543773771074306
knROIL,QHbTDj,ab42,educ,MR Egger,2028,-0.052224447409248274,0.03943032407354721,0.18549498550746635
