id.exposure,id.outcome,outcome,exposure,method,nsnp,b,se,pval
UIg5No,yCetJe,ab42,educ,Inverse variance weighted (fixed effects),911,0.004409160497835677,0.01406608044164949,0.7539308319649213
UIg5No,yCetJe,ab42,educ,Weighted median,911,0.01190864395187952,0.021786615314845735,0.5846510451702738
UIg5No,yCetJe,ab42,educ,Weighted mode,911,0.08946946791471522,0.0990700606534834,0.3667155816294795
UIg5No,yCetJe,ab42,educ,MR Egger,911,-0.08579757503094378,0.053590925142141595,0.109730553596007
