id.exposure,id.outcome,outcome,exposure,method,nsnp,b,se,pval
UZQu50,393gzm,vbiany,sleep,Inverse variance weighted (fixed effects),25,-1.1865377654790539,0.571071207825812,0.037733268504475455
UZQu50,393gzm,vbiany,sleep,Weighted median,25,-1.5425633863768191,0.7901894764890273,0.05092114948610593
UZQu50,393gzm,vbiany,sleep,Weighted mode,25,-1.5786715912328289,1.2532678958256531,0.2199102170562638
UZQu50,393gzm,vbiany,sleep,MR Egger,25,2.0039142624268265,2.1206681744029767,0.35450898122764174
