id.exposure,id.outcome,outcome,exposure,method,nsnp,b,se,pval
Io7jQK,t2mHvr,tau,audit,Inverse variance weighted (fixed effects),6,-0.026774982574182787,0.27760788350523047,0.9231640348491995
Io7jQK,t2mHvr,tau,audit,Weighted median,6,0.18795760770748,0.3813798609349937,0.6221286890839326
Io7jQK,t2mHvr,tau,audit,Weighted mode,6,0.27988097882213503,0.6204283902332941,0.6708017661840306
Io7jQK,t2mHvr,tau,audit,MR Egger,6,-0.6082175526812115,0.5647018128343556,0.34207791873211096
