id.exposure,id.outcome,outcome,exposure,method,nsnp,b,se,pval
S8Swsc,WslczZ,tau,audit,Inverse variance weighted (fixed effects),6,-0.026774982574182787,0.27760788350523047,0.9231640348491995
S8Swsc,WslczZ,tau,audit,Weighted median,6,0.18795760770748,0.37552185946387207,0.6167063403193029
S8Swsc,WslczZ,tau,audit,Weighted mode,6,0.27988097882213503,0.6126615171658155,0.666955438082373
S8Swsc,WslczZ,tau,audit,MR Egger,6,-0.6082175526812115,0.5647018128343556,0.34207791873211096
