id.exposure,id.outcome,outcome,exposure,method,nsnp,b,se,pval
KGnJ9H,wpUOkK,tau,audit,Inverse variance weighted (fixed effects),36,0.09222873682690365,0.15075133657429135,0.5406741757462177
KGnJ9H,wpUOkK,tau,audit,Weighted median,36,0.1899929619149748,0.22234321522864345,0.392826304364466
KGnJ9H,wpUOkK,tau,audit,Weighted mode,36,0.2573559239010268,0.4653746446774797,0.5837731239915529
KGnJ9H,wpUOkK,tau,audit,MR Egger,36,-0.5432004616278853,0.3883425080806729,0.17093929003024297
