id.exposure,id.outcome,outcome,exposure,method,nsnp,b,se,pval
gur6TS,La3ZVg,tau,audit,Inverse variance weighted (fixed effects),36,0.09222873682690365,0.15075133657429135,0.5406741757462177
gur6TS,La3ZVg,tau,audit,Weighted median,36,0.1899929619149748,0.22167840264547223,0.3914085596162857
gur6TS,La3ZVg,tau,audit,Weighted mode,36,0.2573559239010268,0.469783007128007,0.587293388085432
gur6TS,La3ZVg,tau,audit,MR Egger,36,-0.5432004616278853,0.3883425080806729,0.17093929003024297
