id.exposure,id.outcome,outcome,exposure,method,nsnp,b,se,pval
nlzDQl,YK4fDI,tau,audit,Inverse variance weighted (fixed effects),7,-0.20096925740798502,0.24450151796408692,0.41110248014064305
nlzDQl,YK4fDI,tau,audit,Weighted median,7,-0.4233691692271005,0.33367592681334013,0.20451117210542696
nlzDQl,YK4fDI,tau,audit,Weighted mode,7,-0.7036597169696739,0.42331303245148666,0.14752122700573783
nlzDQl,YK4fDI,tau,audit,MR Egger,7,-0.7175571910766824,0.6149035672142785,0.29585551436235263
