id.exposure,id.outcome,outcome,exposure,egger_intercept,se,pval
qlc5gz,Y4kYiF,nft4,ldl,-0.022538796485520048,0.009937287240337014,0.024359980624321362
