id.exposure,id.outcome,outcome,exposure,method,nsnp,b,se,pval
0P96qd,591E4Z,nft4,ldl,Inverse variance weighted (fixed effects),315,0.25782371791385084,0.07210756179093597,3.4950116389376087e-4
0P96qd,591E4Z,nft4,ldl,Weighted median,315,0.1301147618310012,0.12651855402402573,0.30375025873605727
0P96qd,591E4Z,nft4,ldl,Weighted mode,315,0.1442940653935647,0.1384719686667461,0.29819230587986745
0P96qd,591E4Z,nft4,ldl,MR Egger,315,0.2140472316514972,0.13613928141871537,0.11689902721809552
