id.exposure,id.outcome,outcome,exposure,method,nsnp,b,se,pval
rGeBid,7n42Sx,ab42,hear,Inverse variance weighted (fixed effects),102,-0.04177671323396283,0.0713409991593183,0.5581497741760832
rGeBid,7n42Sx,ab42,hear,Weighted median,102,-0.0486207284601306,0.10875269010328399,0.6548201153804252
rGeBid,7n42Sx,ab42,hear,Weighted mode,102,-0.06864874094186124,0.3464976177398652,0.8433479734277548
rGeBid,7n42Sx,ab42,hear,MR Egger,102,0.38738051401058693,0.28136589674734575,0.17165312265980587
