id.exposure,id.outcome,outcome,exposure,egger_intercept,se,pval
J5l8jC,iL1OL6,ab42,hear,-0.0195532090772116,0.004853526885231101,4.3382287969557235e-4
