id.exposure,id.outcome,outcome,exposure,egger_intercept,se,pval
rGeBid,7n42Sx,ab42,hear,-0.002520109558911028,0.0020317708949037284,0.21771922950503453
