id.exposure,id.outcome,outcome,exposure,method,nsnp,b,se,pval
f57FfS,E8SJD2,ab42,hear,Inverse variance weighted (fixed effects),89,-0.01943421063112969,0.07690085864315792,0.8004863439566905
f57FfS,E8SJD2,ab42,hear,Weighted median,89,-0.020764989166347884,0.12041047420421792,0.863082442019788
f57FfS,E8SJD2,ab42,hear,Weighted mode,89,-0.03581460610707632,0.32790596717993403,0.9132749425257687
f57FfS,E8SJD2,ab42,hear,MR Egger,89,0.435631468650484,0.309554939788029,0.162906116002383
