id.exposure,id.outcome,outcome,exposure,egger_intercept,se,pval
f57FfS,E8SJD2,ab42,hear,-0.0025743985561751453,0.0022092128177958748,0.2470460224638879
