id.exposure,id.outcome,outcome,exposure,method,nsnp,b,se,pval
mxwtzz,gklHg4,ab42,hear,Inverse variance weighted (fixed effects),31,0.09642862102009443,0.11196498578390322,0.38910638196928066
mxwtzz,gklHg4,ab42,hear,Weighted median,31,0.12622134845019264,0.1797368582479894,0.482519315027498
mxwtzz,gklHg4,ab42,hear,Weighted mode,31,0.5117624113143542,0.4067463098410371,0.21802930723922717
mxwtzz,gklHg4,ab42,hear,MR Egger,31,2.7853879503172614,0.6855426007468206,3.3703223149077747e-4
