id.exposure,id.outcome,outcome,exposure,method,nsnp,b,se,pval
J5l8jC,iL1OL6,ab42,hear,Inverse variance weighted (fixed effects),28,0.07925248791183286,0.11838503093098886,0.5032104643570647
J5l8jC,iL1OL6,ab42,hear,Weighted median,28,0.11618394082662975,0.1853280133226644,0.5307183875440531
J5l8jC,iL1OL6,ab42,hear,Weighted mode,28,-0.1155511772740474,0.4186483268778243,0.7846419472518769
J5l8jC,iL1OL6,ab42,hear,MR Egger,28,2.747678685970037,0.6740390247208626,3.8291694379863616e-4
