id.exposure,id.outcome,outcome,exposure,method,nsnp,b,se,pval
f57FfS,E8SJD2,ab42,hear,Inverse variance weighted (fixed effects),90,0.00892450664095447,0.07648842387296094,0.907115324924209
f57FfS,E8SJD2,ab42,hear,Weighted median,90,-5.789733679315151e-4,0.1171245860495237,0.9960558918871636
f57FfS,E8SJD2,ab42,hear,Weighted mode,90,-0.042951055529685256,0.3222392305312265,0.8942654736913674
f57FfS,E8SJD2,ab42,hear,MR Egger,90,0.37198994977880895,0.325062255172587,0.2555753304499714
