query_snp_rsid,rsID,ld.r2,Dprime,ref.proxy,alt.proxy,CHR,POS,Effect_allele.proxy,Non_Effect_allele.proxy,EAF,Beta,SE,P,r2,N,ref,alt,Effect_allele,Non_Effect_allele
rs10908512,rs10494303,0.89,-0.97,G,A,1,153893023,G,A,0.5528,0.0031,0.0048,0.3039,4.7514177152e-6,94296,C,T,C,T
rs11245365,rs10901823,0.97,0.98,G,A,10,126488660,G,A,0.4591,0.002,0.0048,0.4726,1.9866175199999998e-6,94269,G,A,G,A
rs113835443,NA,NA,NA,NA,NA,NA,NA,NA,NA,NA,NA,NA,NA,NA,NA,NA,NA,NA,NA
rs117753030,NA,NA,NA,NA,NA,NA,NA,NA,NA,NA,NA,NA,NA,NA,NA,NA,NA,NA,NA
rs11979341,NA,NA,NA,NA,NA,NA,NA,NA,NA,NA,NA,NA,NA,NA,NA,NA,NA,NA,NA
rs11993215,NA,NA,NA,NA,NA,NA,NA,NA,NA,NA,NA,NA,NA,NA,NA,NA,NA,NA,NA
rs138012093,NA,NA,NA,NA,NA,NA,NA,NA,NA,NA,NA,NA,NA,NA,NA,NA,NA,NA,NA
rs148054686,NA,NA,NA,NA,NA,NA,NA,NA,NA,NA,NA,NA,NA,NA,NA,NA,NA,NA,NA
rs17172044,rs1029618,0.93,0.98,G,A,7,42390706,G,A,0.93931,0.0045,0.0095,0.6617,2.3087723179500005e-6,94311,A,C,A,C
rs2641539,rs2620719,0.98,-1,A,G,12,65143382,A,G,0.6108,0.0028,0.0049,0.3182,3.7275022848e-6,93561,G,A,G,A
rs429358,rs769449,0.82,1,G,A,19,45410002,G,A,0.8799,0.0636,0.0071,6.791e-17,8.549103050207999e-4,93367.18,T,C,T,C
rs59966106,rs11903461,1,1,A,G,2,96999580,A,G,0.6807,9e-4,0.0051,0.5607,3.5210296620000004e-7,94311,A,G,A,G
rs6060504,rs761827,0.96,0.98,C,T,20,34207897,C,T,0.847,0.0129,0.0067,0.01751,4.313047662000001e-5,92820,T,C,T,C
rs61921502,NA,NA,NA,NA,NA,NA,NA,NA,NA,NA,NA,NA,NA,NA,NA,NA,NA,NA,NA
rs62583528,NA,NA,NA,NA,NA,NA,NA,NA,NA,NA,NA,NA,NA,NA,NA,NA,NA,NA,NA
rs6552737,rs1970892,0.83,0.96,T,A,4,184955853,A,T,NA,0.0048,0.0048,0.6431,NA,94196,T,A,A,T
rs659065,rs590003,0.95,1,C,A,12,4008442,C,A,0.8773,0.0085,0.007,0.263,1.5554660595000004e-5,94311,C,G,C,G
rs77956314,rs7294919,0.84,0.96,T,C,12,117327592,T,C,0.91821,0.0021,0.0086,0.5428,6.623854918380001e-7,94278,T,C,T,C
rs79522035,rs461075,0.8,-0.97,C,T,12,73060382,T,C,0.94459,0.0166,0.0153,0.4283,2.884547304472798e-5,69151,C,T,T,C
rs7976802,rs11175762,1,1,C,T,12,65824224,T,C,0.3628,0.0087,0.0052,0.1215,3.499544710079999e-5,86440,T,A,A,T
