id.exposure,id.outcome,outcome,exposure,method,nsnp,b,se,pval
ZLzmfS,OY7GZP,ab42,hdl,Inverse variance weighted (fixed effects),208,0.028365305509345184,0.00797788823147116,3.772746331044259e-4
ZLzmfS,OY7GZP,ab42,hdl,Weighted median,208,0.01624235829592195,0.01326698320750879,0.22085070950722918
ZLzmfS,OY7GZP,ab42,hdl,Weighted mode,208,0.01134707095291887,0.01843026175398298,0.5387846848944471
ZLzmfS,OY7GZP,ab42,hdl,MR Egger,208,0.01952026608982448,0.029102888061541814,0.5031419699501839
