id.exposure,id.outcome,outcome,exposure,method,nsnp,b,se,pval
WI4Hw6,tlPxDK,ab42,hdl,Inverse variance weighted (fixed effects),191,0.02644741367798562,0.00830411151632364,0.001448251933407502
WI4Hw6,tlPxDK,ab42,hdl,Weighted median,191,0.01538873018169662,0.014411106076882398,0.2855934843212969
WI4Hw6,tlPxDK,ab42,hdl,Weighted mode,191,0.01150802516556726,0.01699473843473387,0.49913300488014656
WI4Hw6,tlPxDK,ab42,hdl,MR Egger,191,0.023086050137183664,0.030477875616368444,0.44971218712800354
