id.exposure,id.outcome,outcome,exposure,egger_intercept,se,pval
U2O5hO,3M9qxf,ab42,hdl,4.425313785974365e-4,0.0012605792522238824,0.7259066044898089
