id.exposure,id.outcome,outcome,exposure,method,nsnp,b,se,pval
WI4Hw6,tlPxDK,ab42,hdl,Inverse variance weighted (fixed effects),191,0.02644741367798562,0.00830411151632364,0.001448251933407502
WI4Hw6,tlPxDK,ab42,hdl,Weighted median,191,0.01538873018169662,0.01380531589007343,0.2649807225329313
WI4Hw6,tlPxDK,ab42,hdl,Weighted mode,191,0.01150802516556726,0.017218312055306075,0.5047151795691724
WI4Hw6,tlPxDK,ab42,hdl,MR Egger,191,0.023086050137183664,0.030477875616368444,0.44971218712800354
