id.exposure,id.outcome,outcome,exposure,method,nsnp,b,se,pval
rfjACz,O9Jc31,ab42,hdl,Inverse variance weighted (fixed effects),287,0.02479220288082215,0.007786591724514475,0.0014527468010947296
rfjACz,O9Jc31,ab42,hdl,Weighted median,287,0.014580039632794271,0.013714696910993548,0.2877384114537978
rfjACz,O9Jc31,ab42,hdl,Weighted mode,287,0.01087720466179476,0.017057109377579805,0.5241835351329003
rfjACz,O9Jc31,ab42,hdl,MR Egger,287,0.02260844001140917,0.023913310096735415,0.3452385453278024
