id.exposure,id.outcome,outcome,exposure,method,nsnp,b,se,pval
sseA0L,vxerSO,ab42,hdl,Inverse variance weighted (fixed effects),315,0.027258154144431956,0.0074642490950208385,2.6038022133951843e-4
sseA0L,vxerSO,ab42,hdl,Weighted median,315,0.015864939764835266,0.013087752122143843,0.22543680691299256
sseA0L,vxerSO,ab42,hdl,Weighted mode,315,0.008992135766524467,0.01671968155654321,0.5910840832164381
sseA0L,vxerSO,ab42,hdl,MR Egger,315,0.018584158683746084,0.023044715734585088,0.42060204190546235
