id.exposure,id.outcome,outcome,exposure,method,nsnp,b,se,pval
rfjACz,O9Jc31,ab42,hdl,Inverse variance weighted (fixed effects),289,0.02444425978405171,0.007770669938358922,0.0016568524709791323
rfjACz,O9Jc31,ab42,hdl,Weighted median,289,0.01449262232135224,0.01440989178927019,0.31454006345558166
rfjACz,O9Jc31,ab42,hdl,Weighted mode,289,0.007774552418792768,0.016434639741886227,0.6365294974785003
rfjACz,O9Jc31,ab42,hdl,MR Egger,289,0.021582204422379934,0.024217569177099125,0.37357930595776245
