id.exposure,id.outcome,outcome,exposure,egger_intercept,se,pval
9uksSP,XZdD05,ab42,hdl,1.7126252941234126e-4,0.0013329455980295249,0.8979023694067644
