id.exposure,id.outcome,outcome,exposure,method,nsnp,b,se,pval
sseA0L,vxerSO,ab42,hdl,Inverse variance weighted (fixed effects),315,0.027258154144431956,0.0074642490950208385,2.6038022133951843e-4
sseA0L,vxerSO,ab42,hdl,Weighted median,315,0.015864939764835266,0.01280335536036101,0.21529972899281677
sseA0L,vxerSO,ab42,hdl,Weighted mode,315,0.008992135766524467,0.016281095546881924,0.5811320897719265
sseA0L,vxerSO,ab42,hdl,MR Egger,315,0.018584158683746084,0.023044715734585088,0.42060204190546235
