id.exposure,id.outcome,outcome,exposure,method,nsnp,b,se,pval
U2O5hO,3M9qxf,ab42,hdl,Inverse variance weighted (fixed effects),207,0.027226727123412977,0.007984445354835987,6.496978707387783e-4
U2O5hO,3M9qxf,ab42,hdl,Weighted median,207,0.016089895239517777,0.013119809971680487,0.22005505831989644
U2O5hO,3M9qxf,ab42,hdl,Weighted mode,207,0.012095864553133051,0.018086693594424507,0.5043900068305356
U2O5hO,3M9qxf,ab42,hdl,MR Egger,207,0.022626677246882353,0.02896131027934937,0.43554351627699883
