id.exposure,id.outcome,outcome,exposure,method,nsnp,b,se,pval
k1BThP,ZcX4Tg,ab42,hdl,Inverse variance weighted (fixed effects),313,0.01115286824922588,0.007504686544864302,0.13724726037143448
k1BThP,ZcX4Tg,ab42,hdl,Weighted median,313,0.015433979762740222,0.013419039370767407,0.25007989754426363
k1BThP,ZcX4Tg,ab42,hdl,Weighted mode,313,0.011532505234552737,0.016570004209690375,0.4869551745845291
k1BThP,ZcX4Tg,ab42,hdl,MR Egger,313,1.8971128756364e-4,0.01584187069270309,0.9904529929170798
