id.exposure,id.outcome,outcome,exposure,method,nsnp,b,se,pval
9uksSP,XZdD05,ab42,hdl,Inverse variance weighted (fixed effects),190,0.025210229473161445,0.00831150712167972,0.0024199774212628543
9uksSP,XZdD05,ab42,hdl,Weighted median,190,0.015236267125292455,0.01390788402844393,0.27329197319808385
9uksSP,XZdD05,ab42,hdl,Weighted mode,190,0.011916759071071259,0.01704180454890001,0.4852453137308138
9uksSP,XZdD05,ab42,hdl,MR Egger,190,0.02634147302495416,0.030323961805000535,0.38613600584625607
