id.exposure,id.outcome,outcome,exposure,method,nsnp,b,se,pval
8zcCDk,NOlj7s,tau,mvpa,Inverse variance weighted (fixed effects),111,-0.11968719735167811,0.04873222795618585,0.01404863746884585
8zcCDk,NOlj7s,tau,mvpa,Weighted median,111,-0.13707366505574567,0.07069081888574291,0.05249416042600628
8zcCDk,NOlj7s,tau,mvpa,Weighted mode,111,-0.24813450262535675,0.2251734753747476,0.27287983238821506
8zcCDk,NOlj7s,tau,mvpa,MR Egger,111,-0.9790458300908966,0.22485332105274877,3.027879271198018e-5
