id.exposure,id.outcome,outcome,exposure,method,nsnp,b,se,pval
DzJ6fH,GfPTk6,tau,mvpa,Inverse variance weighted (fixed effects),29,0.03318609257666624,0.08352080123642647,0.6911173067909786
DzJ6fH,GfPTk6,tau,mvpa,Weighted median,29,-0.30638729851830127,0.12900444185002316,0.017548305572671376
DzJ6fH,GfPTk6,tau,mvpa,Weighted mode,29,-0.4895437088846135,0.2836767204950951,0.09542126300461486
DzJ6fH,GfPTk6,tau,mvpa,MR Egger,29,1.028624687785698,1.172554450567984,0.38808950770893813
