id.exposure,id.outcome,outcome,exposure,method,nsnp,b,se,pval
sGCcN9,IQlcXu,tau,mvpa,Inverse variance weighted (fixed effects),28,-0.23598509598948925,0.08665033507015187,0.0064610221562997165
sGCcN9,IQlcXu,tau,mvpa,Weighted median,28,-0.32381888351198423,0.12856924878500955,0.011781104044240487
sGCcN9,IQlcXu,tau,mvpa,Weighted mode,28,-0.5087025901834996,0.3066745243035721,0.10873594720690336
sGCcN9,IQlcXu,tau,mvpa,MR Egger,28,-1.619879212360256,0.5326728158152173,0.005326100310153234
