id.exposure,id.outcome,outcome,exposure,method,nsnp,b,se,pval
5u5e4J,1Z70fB,tau,mvpa,Inverse variance weighted (fixed effects),20,-0.15012389474311752,0.10065702342967939,0.1358460553267066
5u5e4J,1Z70fB,tau,mvpa,Weighted median,20,-0.1624814257719912,0.14462939214822948,0.2612536590602735
5u5e4J,1Z70fB,tau,mvpa,Weighted mode,20,-0.2060769093564534,0.3176358769818228,0.5242434148336532
5u5e4J,1Z70fB,tau,mvpa,MR Egger,20,-1.4010640400190404,0.6800306683652468,0.05412708748535785
