id.exposure,id.outcome,outcome,exposure,method,nsnp,b,se,pval
8zcCDk,NOlj7s,tau,mvpa,Inverse variance weighted (fixed effects),112,-0.033400815250480394,0.04815713474965908,0.4879457735839569
8zcCDk,NOlj7s,tau,mvpa,Weighted median,112,-0.13073266658998345,0.0737617923057935,0.07633433059099605
8zcCDk,NOlj7s,tau,mvpa,Weighted mode,112,-0.24664344136163674,0.2150120893320203,0.25380094727059016
8zcCDk,NOlj7s,tau,mvpa,MR Egger,112,-0.24782021192939802,0.3276964937520917,0.45111636442884984
