id.exposure,id.outcome,outcome,exposure,method,nsnp,b,se,pval
K5db7k,wh6X75,tau,mvpa,Inverse variance weighted (fixed effects),20,-0.15012389474311752,0.10065702342967939,0.1358460553267066
K5db7k,wh6X75,tau,mvpa,Weighted median,20,-0.1624814257719912,0.1546801501245653,0.29351821362144276
K5db7k,wh6X75,tau,mvpa,Weighted mode,20,-0.2060769093564534,0.3532437343159391,0.5664957769742622
K5db7k,wh6X75,tau,mvpa,MR Egger,20,-1.4010640400190404,0.6800306683652468,0.05412708748535785
