id.exposure,id.outcome,outcome,exposure,method,nsnp,b,se,pval
4f3eTQ,qm1FOQ,tau,mvpa,Inverse variance weighted (fixed effects),112,-0.030941075715689173,0.04812279361508623,0.5202494574115901
4f3eTQ,qm1FOQ,tau,mvpa,Weighted median,112,-0.1174451958239772,0.07412289020884606,0.1130877237792505
4f3eTQ,qm1FOQ,tau,mvpa,Weighted mode,112,-0.2226296744459222,0.2119934339055798,0.2959198592808301
4f3eTQ,qm1FOQ,tau,mvpa,MR Egger,112,-0.257389955557858,0.3276697140603811,0.43383952035249895
