id.exposure,id.outcome,outcome,exposure,egger_intercept,se,pval
eieht9,W0ZGw6,tau,mvpa,0.003043518897291472,0.0045350523754133214,0.5035572794923993
