id.exposure,id.outcome,outcome,exposure,method,nsnp,b,se,pval
eieht9,W0ZGw6,tau,mvpa,Inverse variance weighted (fixed effects),112,-0.0334008152504804,0.048157134749659075,0.4879457735839567
eieht9,W0ZGw6,tau,mvpa,Weighted median,112,-0.13073266658998345,0.07039050789863233,0.06327580490301801
eieht9,W0ZGw6,tau,mvpa,Weighted mode,112,-0.24664344136163674,0.21423362495805337,0.25208988004824895
eieht9,W0ZGw6,tau,mvpa,MR Egger,112,-0.2478202119293983,0.32769649375209176,0.4511163644288494
