id.exposure,id.outcome,outcome,exposure,method,nsnp,b,se,pval
sGCcN9,IQlcXu,tau,mvpa,Inverse variance weighted (fixed effects),29,0.031861101790377946,0.08353560386132065,0.7029009325564659
sGCcN9,IQlcXu,tau,mvpa,Weighted median,29,-0.3067065950301586,0.12879878572451528,0.017252366253336777
sGCcN9,IQlcXu,tau,mvpa,Weighted mode,29,-0.4895437088846135,0.2826374654625994,0.09426834210303892
sGCcN9,IQlcXu,tau,mvpa,MR Egger,29,1.034418899308583,1.1722194482787842,0.38532563735881187
