id.exposure,id.outcome,outcome,exposure,method,nsnp,b,se,pval
DzJ6fH,GfPTk6,tau,mvpa,Inverse variance weighted (fixed effects),28,-0.23445736911688286,0.08663381446863558,0.0068036896001654225
DzJ6fH,GfPTk6,tau,mvpa,Weighted median,28,-0.32349958700012693,0.1297346214884977,0.012647326025351681
DzJ6fH,GfPTk6,tau,mvpa,Weighted mode,28,-0.5150296113441766,0.2889097033210604,0.0858895750729476
DzJ6fH,GfPTk6,tau,mvpa,MR Egger,28,-1.6269832969098956,0.5326274456309495,0.005152249490420318
