id.exposure,id.outcome,outcome,exposure,egger_intercept,se,pval
K5db7k,wh6X75,tau,mvpa,0.01946348253790843,0.010444219062083085,0.07878062171290455
