id.exposure,id.outcome,outcome,exposure,egger_intercept,se,pval
r6Zhyr,GwGwPH,tau,mvpa,0.0094376014784099075,0.0037034815359021523,0.012667044045055304
