target_snp,proxy_snp,ld.r2,Dprime,PHASE,X12,CHR,POS,Effect_allele.proxy,Non_Effect_allele.proxy,EAF,Beta,SE,P,r2,N,ref,ref.proxy,alt,alt.proxy,Effect_allele,Non_Effect_allele,proxy.outcome
rs55683518,rs62167783,0.940187,0.991571,GT/TA,NA,2,147458160,T,A,0.372036,-0.0049,0.005841,0.4016,1.1218682810086077e-5,3104,G,T,T,A,G,T,TRUE
rs370771,rs13197753,1,1,GG/TC,NA,6,105372685,G,C,0.448491,0.002173,0.005669,0.7015,2.3359082723981816e-6,3103,G,G,T,C,G,T,TRUE
rs6984111,rs4840480,0.986073,0.993012,CC/TT,NA,8,10215039,C,T,0.156806,-0.003289,0.008604,0.7023,2.860539351556031e-6,2627,C,C,T,T,C,T,TRUE
rs9576155,rs9576156,0.918641,1,AT/GC,NA,13,37620397,T,C,0.353557,0.00935,0.006536,0.1527,3.99616024170236e-5,2629,A,T,G,C,A,G,TRUE
rs11693221,NA,NA,NA,NA,NA,NA,NA,NA,NA,NA,NA,NA,NA,NA,NA,NA,NA,NA,NA,NA,NA,NA
