id.exposure,id.outcome,outcome,exposure,method,nsnp,b,se,pval
COZD53,IeAPD2,npany,ldl,Inverse variance weighted (fixed effects),203,0.509593345261793,0.12456590807187105,4.2960315619701946e-5
COZD53,IeAPD2,npany,ldl,Weighted median,203,0.6239419645808137,0.21923937313908093,0.004428062430235545
COZD53,IeAPD2,npany,ldl,Weighted mode,203,0.859854053746183,0.2568036927933077,9.699025415124918e-4
COZD53,IeAPD2,npany,ldl,MR Egger,203,0.7633070991567317,0.22112801209800767,6.785750974468667e-4
