id.exposure,id.outcome,outcome,exposure,method,nsnp,b,se,pval
COZD53,IeAPD2,npany,ldl,Inverse variance weighted (fixed effects),206,0.8529960265394779,0.12004120922300705,1.195755833188556e-12
COZD53,IeAPD2,npany,ldl,Weighted median,206,0.8362885790718956,0.21152960567730586,7.700669935901703e-5
COZD53,IeAPD2,npany,ldl,Weighted mode,206,0.8582611718541315,0.25745324852930823,0.0010170531365547724
COZD53,IeAPD2,npany,ldl,MR Egger,206,1.3746025493535667,0.2550018435744096,1.9314895639202935e-7
