id.exposure,id.outcome,outcome,exposure,method,nsnp,b,se,pval
OY0kkc,xy3Bsl,smkukbb,ab42,Inverse variance weighted (fixed effects),16,0.03260935017012184,0.011677524134781089,0.005230435009388203
OY0kkc,xy3Bsl,smkukbb,ab42,Weighted median,16,0.028147909396206917,0.016194694405115926,0.08219416255123375
OY0kkc,xy3Bsl,smkukbb,ab42,Weighted mode,16,0.032119093453403524,0.015808459067781125,0.060282541977802424
OY0kkc,xy3Bsl,smkukbb,ab42,MR Egger,16,0.030946517615067337,0.026498773645024395,0.2623730591831885
