id.exposure,id.outcome,outcome,exposure,method,nsnp,b,se,pval
rYEb8u,uYoTw4,smkukbb,ab42,Inverse variance weighted (fixed effects),16,0.03260935017012184,0.011677524134781089,0.005230435009388203
rYEb8u,uYoTw4,smkukbb,ab42,Weighted median,16,0.028147909396206917,0.016979727123459683,0.09737071094712432
rYEb8u,uYoTw4,smkukbb,ab42,Weighted mode,16,0.032119093453403524,0.014983391901282006,0.04885943053189709
rYEb8u,uYoTw4,smkukbb,ab42,MR Egger,16,0.030946517615067337,0.026498773645024395,0.2623730591831885
