id.exposure,id.outcome,outcome,exposure,method,nsnp,b,se,pval
sNybwe,rnSy1N,smkukbb,ab42,Inverse variance weighted (fixed effects),5,0.03303712948015187,0.0143739101274144,0.021538501670678768
sNybwe,rnSy1N,smkukbb,ab42,Weighted median,5,0.02832023180253342,0.01696744004552016,0.09509899246450321
sNybwe,rnSy1N,smkukbb,ab42,Weighted mode,5,0.028255325207807817,0.018418789014795177,0.19980110287068698
sNybwe,rnSy1N,smkukbb,ab42,MR Egger,5,0.024746758167662072,0.029195635075918356,0.45891846303409045
