id.exposure,id.outcome,outcome,exposure,egger_intercept,se,pval
VD98F9,k9rg3Z,sociso,hipv2015,8.721552735385776e-4,0.0023700192151884904,0.7213829239747953
