id.exposure,id.outcome,outcome,exposure,method,nsnp,b,se,pval
VD98F9,k9rg3Z,sociso,hipv2015,Inverse variance weighted (fixed effects),11,-4.237765867367625e-5,2.4570046808632437e-5,0.08456908402491255
VD98F9,k9rg3Z,sociso,hipv2015,Weighted median,11,-7.571883092260246e-5,3.436870868321613e-5,0.02758538684730952
VD98F9,k9rg3Z,sociso,hipv2015,Weighted mode,11,-8.343785209520668e-5,5.783370708047271e-5,0.17968049250765364
VD98F9,k9rg3Z,sociso,hipv2015,MR Egger,11,-6.758473050588442e-5,7.40194717444113e-5,0.3850139752479581
