target_snp,proxy_snp,ld.r2,Dprime,PHASE,X12,CHR,POS,Effect_allele.proxy,Non_Effect_allele.proxy,EAF,Beta,SE,P,r2,N,ref,ref.proxy,alt,alt.proxy,Effect_allele,Non_Effect_allele,proxy.outcome
rs17177816,rs114406136,0.922564,0.973242,AG/GA,NA,6,29448128,A,G,0.9457,0.0324,0.0278,0.243,1.0781352227520001e-4,40255,A,G,G,A,G,A,TRUE
rs1634726,rs1634721,1,1,AA/GG,NA,6,30977680,A,G,0.1054,-0.0098,0.0236,0.6766,1.8111384547199998e-5,40255,A,A,G,G,A,G,TRUE
rs77937532,rs12627769,0.993571,1,AA/GG,NA,22,20031102,A,G,0.1937,0.0015,0.0154,0.9212,7.028113950000001e-7,40255,A,A,G,G,A,G,TRUE
