id.exposure,id.outcome,outcome,exposure,egger_intercept,se,pval
7Bf2dq,Jewvcv,ab42,ldl,0.00525769733846914,0.0013228770110691108,1.0388026353515412e-4
