id.exposure,id.outcome,outcome,exposure,method,nsnp,b,se,pval
REMEaN,mFZBNq,ab42,ldl,Inverse variance weighted (fixed effects),158,-0.05661889193676703,0.007589485019073034,8.640715919935023e-14
REMEaN,mFZBNq,ab42,ldl,Weighted median,158,0.002664716182034183,0.014632693453215577,0.8554987406172416
REMEaN,mFZBNq,ab42,ldl,Weighted mode,158,0.008062716563849381,0.016725020940432857,0.6304239432737693
REMEaN,mFZBNq,ab42,ldl,MR Egger,158,-0.13361638487859168,0.025765370489918307,6.584322281596977e-7
