id.exposure,id.outcome,outcome,exposure,method,nsnp,b,se,pval
m1SDha,4V330e,ab42,ldl,Inverse variance weighted (fixed effects),174,-0.055166869847021106,0.007338053037437379,5.565603664304581e-14
m1SDha,4V330e,ab42,ldl,Weighted median,174,0.0026808327499761564,0.014055031069803105,0.8487306294990097
m1SDha,4V330e,ab42,ldl,Weighted mode,174,0.007176009370661651,0.01660702902489441,0.6662019219282146
m1SDha,4V330e,ab42,ldl,MR Egger,174,-0.13778367415328716,0.024542673902772007,7.790498643870729e-8
