id.exposure,id.outcome,outcome,exposure,method,nsnp,b,se,pval
GAA7GB,59lTx8,ab42,ldl,Inverse variance weighted (fixed effects),243,-0.04945401654533013,0.007329239279393072,1.5041784210296838e-11
GAA7GB,59lTx8,ab42,ldl,Weighted median,243,0.0034968649560223205,0.013459500977731737,0.7950130875217902
GAA7GB,59lTx8,ab42,ldl,Weighted mode,243,0.007945699026311814,0.014447742066663495,0.5828531300778463
GAA7GB,59lTx8,ab42,ldl,MR Egger,243,-0.11410119664390564,0.020994873818030873,1.3421141274230404e-7
