id.exposure,id.outcome,outcome,exposure,method,nsnp,b,se,pval
REMEaN,mFZBNq,ab42,ldl,Inverse variance weighted (fixed effects),157,-0.05776046277875492,0.007596458058270244,2.8799446516391056e-14
REMEaN,mFZBNq,ab42,ldl,Weighted median,157,0.0026500682465941975,0.014350368989442676,0.8534886647714639
REMEaN,mFZBNq,ab42,ldl,Weighted mode,157,0.009441705264394695,0.016785917454566972,0.5745979385016875
REMEaN,mFZBNq,ab42,ldl,MR Egger,157,-0.13143411619007989,0.025691190246176863,9.112573870933456e-7
