id.exposure,id.outcome,outcome,exposure,method,nsnp,b,se,pval
GAA7GB,59lTx8,ab42,ldl,Inverse variance weighted (fixed effects),242,-0.050506225632512995,0.0073355187282817405,5.7722316203655975e-12
GAA7GB,59lTx8,ab42,ldl,Weighted median,242,0.003496673821018726,0.013484782549430883,0.795399791313581
GAA7GB,59lTx8,ab42,ldl,Weighted mode,242,0.00831392281654364,0.01574943098121112,0.5980633320674207
GAA7GB,59lTx8,ab42,ldl,MR Egger,242,-0.11291479059483202,0.02088860415941622,1.5572671527452603e-7
