id.exposure,id.outcome,outcome,exposure,method,nsnp,b,se,pval
xgVg0O,a1PSkJ,ab42,ldl,Inverse variance weighted (fixed effects),157,-0.05491111775765042,0.007753594677657783,1.420674620937577e-12
xgVg0O,a1PSkJ,ab42,ldl,Weighted median,157,0.003093934597200339,0.014258983409332482,0.8282228176343791
xgVg0O,a1PSkJ,ab42,ldl,Weighted mode,157,0.008048785857830643,0.016167371460224927,0.6192969375674329
xgVg0O,a1PSkJ,ab42,ldl,MR Egger,157,-0.13550588907685604,0.027057786346444505,1.4809438645692537e-6
