id.exposure,id.outcome,outcome,exposure,method,nsnp,b,se,pval
UhH2YQ,3AqEzv,ab42,ldl,Inverse variance weighted (fixed effects),244,-0.05119194976376552,0.0071901600908221355,1.0814400939906667e-12
UhH2YQ,3AqEzv,ab42,ldl,Weighted median,244,0.0030521270081928734,0.01427979388115326,0.8307517900887412
UhH2YQ,3AqEzv,ab42,ldl,Weighted mode,244,0.007571614810115923,0.01658500883392014,0.6484140637411844
UhH2YQ,3AqEzv,ab42,ldl,MR Egger,244,-0.11383897441034595,0.02011205315377183,4.262000472007485e-8
