id.exposure,id.outcome,outcome,exposure,method,nsnp,b,se,pval
m1SDha,4V330e,ab42,ldl,Inverse variance weighted (fixed effects),173,-0.051899129502726744,0.00738716008557696,2.1316945009850085e-12
m1SDha,4V330e,ab42,ldl,Weighted median,173,0.0028040969163791946,0.013857000252035104,0.8396356158346091
m1SDha,4V330e,ab42,ldl,Weighted mode,173,0.01090413926774736,0.0162423826667686,0.5029054265405856
m1SDha,4V330e,ab42,ldl,MR Egger,173,-0.1313121677662677,0.024725292834074236,3.3588815583633837e-7
