id.exposure,id.outcome,outcome,exposure,method,nsnp,b,se,pval
9KnmRc,EQMr4E,ab42,ldl,Inverse variance weighted (fixed effects),267,-0.04843792857858438,0.006943447215790118,3.0356559598977444e-12
9KnmRc,EQMr4E,ab42,ldl,Weighted median,267,0.003271236983805337,0.013491616528525398,0.8084203227194415
9KnmRc,EQMr4E,ab42,ldl,Weighted mode,267,0.011219278098876906,0.01589880431146569,0.48101212825908746
9KnmRc,EQMr4E,ab42,ldl,MR Egger,267,-0.11793718710402168,0.019304127622009438,3.5523532962744938e-9
