id.exposure,id.outcome,outcome,exposure,method,nsnp,b,se,pval
9Vh6i1,VsMPzU,ab42,ldl,Inverse variance weighted (fixed effects),262,0.007137672326624715,0.0075313114798947955,0.3432654031814386
9Vh6i1,VsMPzU,ab42,ldl,Weighted median,262,0.00368151137556166,0.012936864824226789,0.7759695850183566
9Vh6i1,VsMPzU,ab42,ldl,Weighted mode,262,0.009578640317565057,0.014840389383293537,0.5192064962711113
9Vh6i1,VsMPzU,ab42,ldl,MR Egger,262,0.009625638675312721,0.01432238226199711,0.5021361100219066
