id.exposure,id.outcome,outcome,exposure,method,nsnp,b,se,pval
9Vh6i1,VsMPzU,ab42,ldl,Inverse variance weighted (fixed effects),265,-0.04358718848314852,0.007112308381251107,8.875795381494105e-10
9Vh6i1,VsMPzU,ab42,ldl,Weighted median,265,0.0034993151098997163,0.013477067900979625,0.7951340830982929
9Vh6i1,VsMPzU,ab42,ldl,Weighted mode,265,0.011703570486889081,0.01584351598283544,0.4607467300464505
9Vh6i1,VsMPzU,ab42,ldl,MR Egger,265,-0.11198959979449978,0.02024284732627281,7.628594557172909e-8
