id.exposure,id.outcome,outcome,exposure,egger_intercept,se,pval
m1SDha,4V330e,ab42,ldl,0.005174050909035882,0.0012866984483132404,8.653689198080248e-5
