target_snp,proxy_snp,ld.r2,Dprime,PHASE,X12,CHR,POS,Effect_allele.proxy,Non_Effect_allele.proxy,EAF,Beta,SE,P,r2,N,ref,ref.proxy,alt,alt.proxy,Effect_allele,Non_Effect_allele,proxy.outcome
rs62508246,rs112674473,0.917795,1,CT/GC,NA,8,41760759,T,C,0.2683,0.0464,0.0499,0.3522,8.453171584511998e-4,4914,C,T,G,C,C,G,TRUE
rs113025666,rs7847035,0.99189,1,CG/GA,NA,9,128510156,A,G,0.589,-0.0582,0.0465,0.2106,0.0016399593439200002,4914,C,G,G,A,G,C,TRUE
rs10823730,rs10823729,0.995966,1,TG/CA,NA,10,73147108,A,G,0.5882,-0.0411,0.0454,0.3662,8.183234599991999e-4,4914,T,G,C,A,C,T,TRUE
rs62055696,rs541886938,1,1,GT/AG,NA,17,43693538,T,G,0.2172,0.0356,0.0535,0.5055,4.3096363883519994e-4,4914,G,T,A,G,G,A,TRUE
rs111825734,rs77926909,0.962391,0.989021,GC/TT,NA,17,43994252,T,C,0.7801,-0.055,0.0534,0.3025,0.0010378411395,4914,G,C,T,T,T,G,TRUE
rs13002630,NA,NA,NA,NA,NA,NA,NA,NA,NA,NA,NA,NA,NA,NA,NA,NA,NA,NA,NA,NA,NA,NA
rs55938136,NA,NA,NA,NA,NA,NA,NA,NA,NA,NA,NA,NA,NA,NA,NA,NA,NA,NA,NA,NA,NA,NA
