target_snp,proxy_snp,ld.r2,Dprime,PHASE,X12,CHR,POS,Effect_allele.proxy,Non_Effect_allele.proxy,EAF,Beta,SE,P,r2,N,ref,ref.proxy,alt,alt.proxy,Effect_allele,Non_Effect_allele,proxy.outcome
rs192698266,rs184854912,0.887998,1,TG/GA,NA,4,45980909,A,G,0.9886,-0.2042,0.2416,0.3981,9.398681414111972e-4,40255,T,G,G,A,G,T,TRUE
rs736466,rs150840777,1,1,CT/TC,NA,6,29163053,T,C,0.4301,0.0143,0.014,0.3087,1.0024671963020002e-4,40255,C,T,T,C,C,T,TRUE
rs3129077,rs3131888,0.829369,0.985565,TC/CT,NA,6,29663889,T,C,0.5683,0.0095,0.0144,0.5121,4.4282987355e-5,40255,T,C,C,T,C,T,TRUE
rs3095342,rs3130653,1,1,CC/TA,NA,6,30822771,A,C,0.5858,0.0025,0.0144,0.8611,3.0329795e-6,40255,C,C,T,A,T,C,TRUE
rs562775931,rs3130560,0.916135,1,TT/CG,NA,6,31097453,T,G,0.2801,0.0126,0.0148,0.3961,6.40259997048e-5,40255,T,T,C,G,T,C,TRUE
rs9267575,rs1008438,0.934837,0.978895,CC/TA,NA,6,31783208,A,C,0.6157,0.0254,0.0139,0.06871,3.053071442232e-4,40255,C,C,T,A,T,C,TRUE
rs3134950,rs2269423,0.919757,0.961091,CA/AC,NA,6,32145707,A,C,0.3604,0.0228,0.0149,0.1257,2.3965854981119997e-4,40255,C,A,A,C,C,A,TRUE
rs28744290,rs241398,0.845949,0.99533,TT/CC,NA,6,32875450,T,C,0.4042,-0.0119,0.0148,0.4212,6.820570879920001e-5,40255,T,T,C,C,T,C,TRUE
rs145878042,rs111264094,0.874124,1,GG/AC,NA,12,48202696,C,G,0.9859,0.1461,0.1257,0.2452,5.934476395998001e-4,40255,G,G,A,C,A,G,TRUE
rs62065400,rs138676762,0.976249,0.995961,GC/AT,NA,17,43552106,T,C,0.5236,-0.0126,0.0352,0.7209,7.92031540608e-5,40255,G,C,A,T,A,G,TRUE
rs7173953,NA,NA,NA,NA,NA,NA,NA,NA,NA,NA,NA,NA,NA,NA,NA,NA,NA,NA,NA,NA,NA,NA
rs142076278,NA,NA,NA,NA,NA,NA,NA,NA,NA,NA,NA,NA,NA,NA,NA,NA,NA,NA,NA,NA,NA,NA
rs78378222,NA,NA,NA,NA,NA,NA,NA,NA,NA,NA,NA,NA,NA,NA,NA,NA,NA,NA,NA,NA,NA,NA
rs167479,NA,NA,NA,NA,NA,NA,NA,NA,NA,NA,NA,NA,NA,NA,NA,NA,NA,NA,NA,NA,NA,NA
