id.exposure,id.outcome,outcome,exposure,method,nsnp,b,se,pval
NWZIDX,50O8oy,ldl,load,Inverse variance weighted (fixed effects),44,-0.052861175062927104,0.0037131673220449223,5.4663067165036994e-46
NWZIDX,50O8oy,ldl,load,Weighted median,44,-0.07757761084247944,0.01825085825992677,2.1317187998237342e-05
NWZIDX,50O8oy,ldl,load,Weighted mode,44,-0.1553810242830237,0.0061736212826276225,2.321242857729384e-27
NWZIDX,50O8oy,ldl,load,MR Egger,44,-0.11096365820340186,0.023868641289522496,3.299861994906752e-5
