id.exposure,id.outcome,outcome,exposure,method,nsnp,b,se,pval
NWZIDX,50O8oy,ldl,load,Inverse variance weighted (fixed effects),33,0.022611807507258677,0.010276781439544832,0.02778696057123461
NWZIDX,50O8oy,ldl,load,Weighted median,33,0.02443939418062797,0.014908414944715738,0.10115038328512865
NWZIDX,50O8oy,ldl,load,Weighted mode,33,0.02774682074348822,0.025384256350810118,0.28252293483335955
NWZIDX,50O8oy,ldl,load,MR Egger,33,0.05414622338152492,0.03309675469846919,0.11195442460691905
