id.exposure,id.outcome,outcome,exposure,method,nsnp,b,se,pval
KeDsNL,T3gg5n,ldl,load,Inverse variance weighted (fixed effects),20,-0.06264970898390873,0.0038671020640469915,4.986709396910471e-59
KeDsNL,T3gg5n,ldl,load,Weighted median,20,-0.07924603494514555,0.024535170555643106,0.0012383550752278467
KeDsNL,T3gg5n,ldl,load,Weighted mode,20,-0.15551265195478584,0.006461437901675936,1.0737229968617311e-15
KeDsNL,T3gg5n,ldl,load,MR Egger,20,-0.13734641969317438,0.03531087737885458,0.0010739383923181278
