id.exposure,id.outcome,outcome,exposure,method,nsnp,b,se,pval
9KeqF3,fPGLUp,ldl,load,Inverse variance weighted (fixed effects),9,0.1103894819692149,0.00849728936647894,1.3736424062554173e-38
9KeqF3,fPGLUp,ldl,load,Weighted median,9,0.0915455295532939,0.015740215896074453,6.026253271688179e-9
9KeqF3,fPGLUp,ldl,load,Weighted mode,9,0.07904636210996527,0.013485408203926562,3.7777170766153625e-4
9KeqF3,fPGLUp,ldl,load,MR Egger,9,0.10782581007068615,0.05563485650991584,0.09379732276196771
