id.exposure,id.outcome,outcome,exposure,method,nsnp,b,se,pval
f4PhEf,gQV0SN,ldl,load,Inverse variance weighted (fixed effects),21,0.09873675939775178,0.009845417972187125,1.1400581718598685e-23
f4PhEf,gQV0SN,ldl,load,Weighted median,21,0.12772506549613719,0.019423986577957984,4.844563765399636e-11
f4PhEf,gQV0SN,ldl,load,Weighted mode,21,0.15010861958518087,0.017770167083492945,4.979856582579209e-8
f4PhEf,gQV0SN,ldl,load,MR Egger,21,0.14965952559257045,0.021709978601717726,1.4189528033449731e-6
