id.exposure,id.outcome,outcome,exposure,method,nsnp,b,se,pval
IJMuG4,PDlXp8,ldl,load,Inverse variance weighted (fixed effects),21,0.09873675939775178,0.009845417972187125,1.1400581718598685e-23
IJMuG4,PDlXp8,ldl,load,Weighted median,21,0.12772506549613719,0.01865471090013015,7.55204379756874e-12
IJMuG4,PDlXp8,ldl,load,Weighted mode,21,0.15010861958518087,0.0166688530483874,1.7867836386641198e-8
IJMuG4,PDlXp8,ldl,load,MR Egger,21,0.14965952559257045,0.021709978601717726,1.4189528033449731e-6
