id.exposure,id.outcome,outcome,exposure,method,nsnp,b,se,pval
IJMuG4,PDlXp8,ldl,load,Inverse variance weighted (fixed effects),25,0.09470547955756749,0.007505873806600508,1.6907139940872786e-36
IJMuG4,PDlXp8,ldl,load,Weighted median,25,0.06469540528474962,0.013628283778247622,2.063105916880908e-6
IJMuG4,PDlXp8,ldl,load,Weighted mode,25,0.06956643954266056,0.015735386994195275,1.810678777421201e-4
IJMuG4,PDlXp8,ldl,load,MR Egger,25,0.12380350212960989,0.030200719408319848,4.3943651047742067e-4
