id.exposure,id.outcome,outcome,exposure,method,nsnp,b,se,pval
QRmnS1,6h4tO0,ldl,load,Inverse variance weighted (fixed effects),9,0.1103894819692149,0.00849728936647894,1.3736424062554173e-38
QRmnS1,6h4tO0,ldl,load,Weighted median,9,0.0915455295532939,0.016274055985887128,1.852463520928749e-8
QRmnS1,6h4tO0,ldl,load,Weighted mode,9,0.07904636210996527,0.013981322876484915,4.793568860957243e-4
QRmnS1,6h4tO0,ldl,load,MR Egger,9,0.10782581007068615,0.05563485650991584,0.09379732276196771
