id.exposure,id.outcome,outcome,exposure,method,nsnp,b,se,pval
9KeqF3,fPGLUp,ldl,load,Inverse variance weighted (fixed effects),6,0.12331539368001428,0.012250629756433493,7.805374401341233e-24
9KeqF3,fPGLUp,ldl,load,Weighted median,6,0.14423520101375367,0.016606600902492656,3.773660436976534e-18
9KeqF3,fPGLUp,ldl,load,Weighted mode,6,0.14989212438477484,0.01591835371821104,2.279308687598282e-4
9KeqF3,fPGLUp,ldl,load,MR Egger,6,0.16126907625264209,0.02391564378285858,0.0025208156223663187
