id.exposure,id.outcome,outcome,exposure,method,nsnp,b,se,pval
0RbNSe,mIKoZJ,ldl,load,Inverse variance weighted (fixed effects),9,0.11038948196921489,0.00849728936647894,1.3736424062554492e-38
0RbNSe,mIKoZJ,ldl,load,Weighted median,9,0.0915455295532939,0.016019807636995412,1.1001336663975155e-8
0RbNSe,mIKoZJ,ldl,load,Weighted mode,9,0.07904636210996527,0.013747445533034176,4.290483178235864e-4
0RbNSe,mIKoZJ,ldl,load,MR Egger,9,0.1078258100706862,0.05563485650991585,0.09379732276196759
