id.exposure,id.outcome,outcome,exposure,method,nsnp,b,se,pval
f4PhEf,gQV0SN,ldl,load,Inverse variance weighted (fixed effects),25,0.09470547955756749,0.007505873806600508,1.6907139940872786e-36
f4PhEf,gQV0SN,ldl,load,Weighted median,25,0.06469540528474962,0.01303271645808503,6.902862974651943e-7
f4PhEf,gQV0SN,ldl,load,Weighted mode,25,0.06956643954266056,0.016343509829527935,2.750667318142553e-4
f4PhEf,gQV0SN,ldl,load,MR Egger,25,0.12380350212960989,0.030200719408319848,4.3943651047742067e-4
