id.exposure,id.outcome,outcome,exposure,method,nsnp,b,se,pval
QRmnS1,6h4tO0,ldl,load,Inverse variance weighted (fixed effects),6,0.12331539368001428,0.012250629756433493,7.805374401341233e-24
QRmnS1,6h4tO0,ldl,load,Weighted median,6,0.14423520101375367,0.01705714903141011,2.7671272570526982e-17
QRmnS1,6h4tO0,ldl,load,Weighted mode,6,0.14989212438477484,0.01644677193850679,2.66294880885104e-4
QRmnS1,6h4tO0,ldl,load,MR Egger,6,0.16126907625264209,0.02391564378285858,0.0025208156223663187
