id.exposure,id.outcome,outcome,exposure,method,nsnp,b,se,pval
rGjYVt,C2i0Sm,ptau,diab,Inverse variance weighted (fixed effects),424,0.014921368946074123,0.005477783980574352,0.006450059275028786
rGjYVt,C2i0Sm,ptau,diab,Weighted median,424,0.023593451924322207,0.011868157933605978,0.046815846753410294
rGjYVt,C2i0Sm,ptau,diab,Weighted mode,424,0.029691660019928734,0.015416371613318474,0.054776439872963066
rGjYVt,C2i0Sm,ptau,diab,MR Egger,424,0.030455438704260988,0.014291753859178979,0.03366825118047902
