id.exposure,id.outcome,outcome,exposure,method,nsnp,b,se,pval
iSSBFM,fuDdVj,ptau,diab,Inverse variance weighted (fixed effects),178,0.015999337914139232,0.006917799444490026,0.02073481972421485
iSSBFM,fuDdVj,ptau,diab,Weighted median,178,0.02329217667398353,0.014148045400468021,0.09969838015769741
iSSBFM,fuDdVj,ptau,diab,Weighted mode,178,0.025458659692070396,0.015733633207330414,0.10742073856035429
iSSBFM,fuDdVj,ptau,diab,MR Egger,178,0.03089675015639984,0.017631899514379636,0.08146008069193343
