id.exposure,id.outcome,outcome,exposure,method,nsnp,b,se,pval
yVZZWv,AMfxu4,ptau,diab,Inverse variance weighted (fixed effects),187,0.015539857000827929,0.006769252471761318,0.02169571071066424
yVZZWv,AMfxu4,ptau,diab,Weighted median,187,0.023449653668141845,0.013589822221979152,0.08443189973152748
yVZZWv,AMfxu4,ptau,diab,Weighted mode,187,0.027041916927578458,0.016770712126389746,0.10855972520674632
yVZZWv,AMfxu4,ptau,diab,MR Egger,187,0.03309922683792066,0.017278859220279604,0.05695933269758466
