id.exposure,id.outcome,outcome,exposure,method,nsnp,b,se,pval
yVZZWv,AMfxu4,ptau,diab,Inverse variance weighted (fixed effects),187,0.015539857000827929,0.006769252471761318,0.02169571071066424
yVZZWv,AMfxu4,ptau,diab,Weighted median,187,0.023449653668141845,0.013892960505559238,0.09143421835551092
yVZZWv,AMfxu4,ptau,diab,Weighted mode,187,0.027041916927578458,0.01579277119267937,0.08850850339412214
yVZZWv,AMfxu4,ptau,diab,MR Egger,187,0.03309922683792066,0.017278859220279604,0.05695933269758466
