id.exposure,id.outcome,outcome,exposure,method,nsnp,b,se,pval
ZX29pg,MktGG4,ptau,diab,Inverse variance weighted (fixed effects),178,0.015999337914139232,0.006917799444490026,0.02073481972421485
ZX29pg,MktGG4,ptau,diab,Weighted median,178,0.02329217667398353,0.014631923357689897,0.11141304456566098
ZX29pg,MktGG4,ptau,diab,Weighted mode,178,0.025458659692070396,0.016692143704564833,0.12899699644430596
ZX29pg,MktGG4,ptau,diab,MR Egger,178,0.03089675015639984,0.017631899514379636,0.08146008069193343
