id.exposure,id.outcome,outcome,exposure,method,nsnp,b,se,pval
wBWTD8,aYUr8G,ptau,diab,Inverse variance weighted (fixed effects),407,0.015105155010124289,0.005588625896392425,0.0068750075884280995
wBWTD8,aYUr8G,ptau,diab,Weighted median,407,0.023585397285383645,0.012421269465365113,0.05759193329937499
wBWTD8,aYUr8G,ptau,diab,Weighted mode,407,0.02763993037946838,0.01635084219342041,0.09171353732978704
wBWTD8,aYUr8G,ptau,diab,MR Egger,407,0.030488850382253675,0.014628157169199534,0.03776287240762076
