id.exposure,id.outcome,outcome,exposure,egger_intercept,se,pval
ZX29pg,MktGG4,ptau,diab,-0.0011082759995294672,0.0011962662331119057,0.3554829243818076
