id.exposure,id.outcome,outcome,exposure,method,nsnp,b,se,pval
H1ZR8s,PSc1sb,ptau,diab,Inverse variance weighted (fixed effects),424,0.014921368946074117,0.005477783980574352,0.006450059275028804
H1ZR8s,PSc1sb,ptau,diab,Weighted median,424,0.023593451924322207,0.011689979689448168,0.04356389180601041
H1ZR8s,PSc1sb,ptau,diab,Weighted mode,424,0.029691660019928734,0.01496106920598941,0.047835231758893836
H1ZR8s,PSc1sb,ptau,diab,MR Egger,424,0.030455438704260963,0.014291753859178979,0.03366825118047918
