id.exposure,id.outcome,outcome,exposure,method,nsnp,b,se,pval
ItztzB,6WQqVY,cpd,ptau,Inverse variance weighted (fixed effects),6,-0.06420304862472545,0.045488414088621955,0.1581221617608782
ItztzB,6WQqVY,cpd,ptau,Weighted median,6,-0.039721194049471914,0.06056225254207781,0.5119053340729631
ItztzB,6WQqVY,cpd,ptau,Weighted mode,6,-0.027192538514951847,0.08239872063236309,0.7547690452650484
ItztzB,6WQqVY,cpd,ptau,MR Egger,6,-0.2070415823436403,0.19862032516938355,0.35608172614127764
