id.exposure,id.outcome,outcome,exposure,method,nsnp,b,se,pval
ItztzB,6WQqVY,cpd,ptau,Inverse variance weighted (fixed effects),6,-0.06420304862472545,0.045488414088621955,0.1581221617608782
ItztzB,6WQqVY,cpd,ptau,Weighted median,6,-0.039721194049471914,0.06045191009575614,0.5111352963483287
ItztzB,6WQqVY,cpd,ptau,Weighted mode,6,-0.027192538514951847,0.07620124948843557,0.7357689320275419
ItztzB,6WQqVY,cpd,ptau,MR Egger,6,-0.2070415823436403,0.19862032516938355,0.35608172614127764
