id.exposure,id.outcome,outcome,exposure,method,nsnp,b,se,pval
rtrodP,XDYCpJ,sociso,ab42,Inverse variance weighted (fixed effects),16,-2.1126783439042594e-5,0.018685243664664675,0.9990978586612875
rtrodP,XDYCpJ,sociso,ab42,Weighted median,16,-0.006477019149650553,0.026631515854935773,0.8078436461216363
rtrodP,XDYCpJ,sociso,ab42,Weighted mode,16,-0.005270153508091929,0.024996234203711457,0.8358512452706862
rtrodP,XDYCpJ,sociso,ab42,MR Egger,16,-0.035761126327495736,0.036918601961356975,0.3491583231031292
