id.exposure,id.outcome,outcome,exposure,method,nsnp,b,se,pval
akDhkE,TcSJaf,sociso,ab42,Inverse variance weighted (fixed effects),5,7.317225022111022e-4,0.02305223094441841,0.9746778494543142
akDhkE,TcSJaf,sociso,ab42,Weighted median,5,-0.005592965115428776,0.026846486127797397,0.8349702427117138
akDhkE,TcSJaf,sociso,ab42,Weighted mode,5,-0.00677630205077942,0.0290009489954261,0.8267216387719785
akDhkE,TcSJaf,sociso,ab42,MR Egger,5,-0.016203711606049283,0.04678657571160583,0.7519599894126758
