id.exposure,id.outcome,outcome,exposure,egger_intercept,se,pval
9sUvd0,4fhC05,hips,hdl,-0.01189618675159675,0.011721688575686225,0.310858858224458
