query_snp_rsid,rsID,ld.r2,Dprime,ref.proxy,alt.proxy,CHR,POS,Effect_allele.proxy,Non_Effect_allele.proxy,EAF,Beta,SE,P,r2,N,ref,alt,Effect_allele,Non_Effect_allele
rs2942127,rs16853742,0.97,-1,T,C,1,204427361,C,T,0.1675,5.8e-4,0.002993,0.8464,9.381775500000001e-8,110686,G,A,A,G
rs429358,rs769449,0.82,1,G,A,19,45410002,A,G,0.1261,0.003907,0.002974,0.189,3.3642916991494198e-6,112176,T,C,C,T
rs9268235,rs1265754,1,1,T,A,6,32303692,A,T,0.1311,0.003221,0.002976,0.2791,2.36365416823278e-6,112176,C,T,T,C
