id.exposure,id.outcome,outcome,exposure,method,nsnp,b,se,pval
H9AzMO,DWGmQg,ldl,tau,Inverse variance weighted (fixed effects),9,1.3302886467537913,0.051273665352888013,2.077522195800187e-148
H9AzMO,DWGmQg,ldl,tau,Weighted median,9,0.08816051121418372,0.10473532367758547,0.39993029658621965
H9AzMO,DWGmQg,ldl,tau,Weighted mode,9,0.08738409747030351,0.09881112202429966,0.40230021632407187
H9AzMO,DWGmQg,ldl,tau,MR Egger,9,3.0510283254357913,1.2520658098593807,0.0449698782895415
