id.exposure,id.outcome,outcome,exposure,method,nsnp,b,se,pval
H9AzMO,DWGmQg,ldl,tau,Inverse variance weighted (fixed effects),11,1.1727428963178197,0.048160303056020745,5.68243978934718e-131
H9AzMO,DWGmQg,ldl,tau,Weighted median,11,0.05951140109643757,0.08715078257712935,0.494698083848228
H9AzMO,DWGmQg,ldl,tau,Weighted mode,11,0.0408597138731982,0.08883998588481816,0.655407564977956
H9AzMO,DWGmQg,ldl,tau,MR Egger,11,2.8587108838946405,1.172810008480095,0.037518881471745306
