id.exposure,id.outcome,outcome,exposure,method,nsnp,b,se,pval
557yHJ,OEf7CP,tau,sbp,Inverse variance weighted (fixed effects),1033,-9.285052157138874e-4,7.70305153596947e-4,0.22805924875928407
557yHJ,OEf7CP,tau,sbp,Weighted median,1033,-0.002440464376368205,0.0012331793877282916,0.04781579006189733
557yHJ,OEf7CP,tau,sbp,Weighted mode,1033,-0.005627675866963014,0.003656409379469264,0.12408000398812358
557yHJ,OEf7CP,tau,sbp,MR Egger,1033,-0.004677607426679814,0.0020988170793971354,0.026049654254220157
