id.exposure,id.outcome,outcome,exposure,method,nsnp,b,se,pval
mI0T8P,4DRCGY,tau,sbp,Inverse variance weighted (fixed effects),1909,-8.745857386176238e-4,6.619980281968087e-4,0.18645787875523956
mI0T8P,4DRCGY,tau,sbp,Weighted median,1909,-0.0021560774829537744,0.0010656528614516555,0.04304783052292122
mI0T8P,4DRCGY,tau,sbp,Weighted mode,1909,-0.005593012904070771,0.0033103304817479148,0.09127490182441655
mI0T8P,4DRCGY,tau,sbp,MR Egger,1909,-0.0032008938938390356,0.001744330531762166,0.06665733968925555
