id.exposure,id.outcome,outcome,exposure,egger_intercept,se,pval
557yHJ,OEf7CP,tau,sbp,0.0011413502992142046,5.942069739603247e-4,0.05503299519756348
