id.exposure,id.outcome,outcome,exposure,method,nsnp,b,se,pval
wInQMc,f9fjPV,tau,sbp,Inverse variance weighted (fixed effects),1155,-8.53302272326645e-4,7.308458961818872e-4,0.24298659128833164
wInQMc,f9fjPV,tau,sbp,Weighted median,1155,-0.0021431405984181913,0.0011245441896328174,0.0566779731156952
wInQMc,f9fjPV,tau,sbp,Weighted mode,1155,-0.005622281868725751,0.0037790908692251417,0.1370942499869109
wInQMc,f9fjPV,tau,sbp,MR Egger,1155,-0.004223902322462131,0.0020204843954050454,0.03678792836830093
