id.exposure,id.outcome,outcome,exposure,method,nsnp,b,se,pval
45ynTQ,KHBOYZ,diab,load,Inverse variance weighted (fixed effects),14,0.012133494147329464,0.014933028405837769,0.41648909378692006
45ynTQ,KHBOYZ,diab,load,Weighted median,14,-0.00146675287565755,0.021629955549742463,0.9459359414504211
45ynTQ,KHBOYZ,diab,load,Weighted mode,14,-0.0030730802528119994,0.024813147040297624,0.9033293652832046
45ynTQ,KHBOYZ,diab,load,MR Egger,14,-0.031916889978801856,0.06461317792869752,0.6302460188461463
