id.exposure,id.outcome,outcome,exposure,method,nsnp,b,se,pval
LgTB5U,erEiSp,diab,load,Inverse variance weighted (fixed effects),12,-0.027124678335215882,0.013530985756067076,0.045002155564188025
LgTB5U,erEiSp,diab,load,Weighted median,12,-0.04377415985659049,0.021000201983585248,0.03711800392310851
LgTB5U,erEiSp,diab,load,Weighted mode,12,-0.04878058502166058,0.021395494159208713,0.043540238196693254
LgTB5U,erEiSp,diab,load,MR Egger,12,-0.07747166453108878,0.048606545009165704,0.14205334872257055
