id.exposure,id.outcome,outcome,exposure,method,nsnp,b,se,pval
LgTB5U,erEiSp,diab,load,Inverse variance weighted (fixed effects),11,-0.03673651832009294,0.013752825450347431,0.007558107424084811
LgTB5U,erEiSp,diab,load,Weighted median,11,-0.04861935089101971,0.020428359348750594,0.0173129700565331
LgTB5U,erEiSp,diab,load,Weighted mode,11,-0.05578242142058276,0.02261838168702789,0.03331849190911175
LgTB5U,erEiSp,diab,load,MR Egger,11,-0.09462767004844323,0.03310439186835671,0.018827529281915365
