id.exposure,id.outcome,outcome,exposure,method,nsnp,b,se,pval
bRZoO1,j4sBC0,diab,load,Inverse variance weighted (fixed effects),27,-0.03391093764844835,0.012042548119642862,0.004863670094362407
bRZoO1,j4sBC0,diab,load,Weighted median,27,-0.04410165302846452,0.02007727616819392,0.028049353082430072
bRZoO1,j4sBC0,diab,load,Weighted mode,27,-0.05446858760796103,0.019460122409767102,0.009531945460079266
bRZoO1,j4sBC0,diab,load,MR Egger,27,-0.04095849044526139,0.040042922863784504,0.31616834545381645
