id.exposure,id.outcome,outcome,exposure,method,nsnp,b,se,pval
45ynTQ,KHBOYZ,diab,load,Inverse variance weighted (fixed effects),13,0.001933766105839295,0.015232836333817426,0.8989821789942252
45ynTQ,KHBOYZ,diab,load,Weighted median,13,-0.0016626208001452496,0.022250216525579593,0.9404344684251733
45ynTQ,KHBOYZ,diab,load,Weighted mode,13,-0.0033917523924615334,0.027332116412256063,0.9032952508577536
45ynTQ,KHBOYZ,diab,load,MR Egger,13,-0.07282054990810076,0.05022278919761223,0.17497954900514825
