id.exposure,id.outcome,outcome,exposure,method,nsnp,b,se,pval
bRZoO1,j4sBC0,diab,load,Inverse variance weighted (fixed effects),27,-0.03391093764844835,0.012042548119642862,0.004863670094362407
bRZoO1,j4sBC0,diab,load,Weighted median,27,-0.04410165302846452,0.019187584987121347,0.021536343692567978
bRZoO1,j4sBC0,diab,load,Weighted mode,27,-0.05446858760796103,0.020264669120043644,0.012376347641354847
bRZoO1,j4sBC0,diab,load,MR Egger,27,-0.04095849044526139,0.040042922863784504,0.31616834545381645
