id.exposure,id.outcome,outcome,exposure,method,nsnp,b,se,pval
Og55BQ,VwuoAg,diab,load,Inverse variance weighted (fixed effects),34,-0.023139530791447413,0.010917988801864797,0.0340570996748951
Og55BQ,VwuoAg,diab,load,Weighted median,34,-0.038363105826716024,0.019347869138910838,0.04738890251753695
Og55BQ,VwuoAg,diab,load,Weighted mode,34,-0.05159596742399725,0.020344208412377614,0.016123729006932316
Og55BQ,VwuoAg,diab,load,MR Egger,34,-0.039097811793121814,0.03685461582875105,0.2966923799709642
