query_snp_rsid,rsID,ld.r2,Dprime,ref.proxy,alt.proxy,CHR,POS,Effect_allele.proxy,Non_Effect_allele.proxy,EAF,Beta,SE,P,r2,N,ref,alt,Effect_allele,Non_Effect_allele
rs12592721,rs11634450,0.99,0.99,A,G,15,79093201,A,G,0.5623,0.0733,0.0573,0.2011,0.0026447375115438002,4914,G,C,G,C
rs28399459,rs28399462,0.94,1,G,A,19,41350615,A,G,0.0148,0.7793,0.3481,0.02516,0.0177102816007008,4914,C,G,G,C
rs35405967,rs73048928,0.93,0.99,G,T,19,41323793,T,G,0.3147,-0.1675,0.0723,0.0205,0.012101441149875,4914,C,G,G,C
rs3844442,rs10417121,0.93,1,A,G,19,41424828,A,G,0.4466,-0.0155,0.0595,0.7947,1.1875482541999999e-4,4914,T,A,T,A
