id.exposure,id.outcome,outcome,exposure,method,nsnp,b,se,pval
IU3Lkd,Rr1wYR,hipv2015,dbp,Inverse variance weighted (fixed effects),2880,0.3526959626190391,0.784238758465126,0.6529048925696055
IU3Lkd,Rr1wYR,hipv2015,dbp,Weighted median,2880,1.220985804809527,1.3339424508073556,0.3600230328018852
IU3Lkd,Rr1wYR,hipv2015,dbp,Weighted mode,2880,1.8756452964123582,4.920643891934064,0.7030986807695851
IU3Lkd,Rr1wYR,hipv2015,dbp,MR Egger,2880,2.3731355326965713,2.0473969535203365,0.24651203947661496
