id.exposure,id.outcome,outcome,exposure,method,nsnp,b,se,pval
31aLSN,Z5xDor,hipv2015,dbp,Inverse variance weighted (fixed effects),1326,0.7649024939184299,0.9791165708923759,0.4346748865501037
31aLSN,Z5xDor,hipv2015,dbp,Weighted median,1326,1.5734887345867137,1.5676121461528079,0.3154997320546446
31aLSN,Z5xDor,hipv2015,dbp,Weighted mode,1326,0.47332206778463615,4.973594047846203,0.9241965642187944
31aLSN,Z5xDor,hipv2015,dbp,MR Egger,1326,3.2336289467452377,2.6881265896689728,0.22921835311286362
