id.exposure,id.outcome,outcome,exposure,method,nsnp,b,se,pval
27MJmn,CIj6HK,vbiany,educ,Inverse variance weighted (fixed effects),1158,0.33700431910413653,0.1805026159787143,0.06189699627887997
27MJmn,CIj6HK,vbiany,educ,Weighted median,1158,0.16278054876696116,0.27137153339715797,0.5486102980833467
27MJmn,CIj6HK,vbiany,educ,Weighted mode,1158,-0.6322383584001017,1.1960522668975173,0.5971813650757413
27MJmn,CIj6HK,vbiany,educ,MR Egger,1158,0.23315278726748742,0.6514529664080965,0.7204860485358375
