id.exposure,id.outcome,outcome,exposure,method,nsnp,b,se,pval
aBFaMW,lDmamf,tau,dep,Inverse variance weighted (fixed effects),124,-0.3459890615984834,0.08522066581240767,4.908959138149815e-5
aBFaMW,lDmamf,tau,dep,Weighted median,124,-0.4358733088964951,0.12225443786131737,3.6344519393182053e-4
aBFaMW,lDmamf,tau,dep,Weighted mode,124,-0.7587656025770428,0.36580341095441044,0.040142703463139875
aBFaMW,lDmamf,tau,dep,MR Egger,124,-1.2055431546198183,0.357262584634787,9.923104749196892e-4
