id.exposure,id.outcome,outcome,exposure,method,nsnp,b,se,pval
w6aGCQ,NrrGFO,tau,dep,Inverse variance weighted (fixed effects),124,-0.3459890615984834,0.08522066581240767,4.908959138149815e-5
w6aGCQ,NrrGFO,tau,dep,Weighted median,124,-0.4358733088964951,0.13114492170645786,8.886344177318797e-4
w6aGCQ,NrrGFO,tau,dep,Weighted mode,124,-0.7587656025770428,0.384959041151127,0.050966018848432014
w6aGCQ,NrrGFO,tau,dep,MR Egger,124,-1.2055431546198183,0.357262584634787,9.923104749196892e-4
