id.exposure,id.outcome,outcome,exposure,method,nsnp,b,se,pval
KOZEII,lFJNTA,tau,dep,Inverse variance weighted (fixed effects),21,-0.6281550471669,0.17592600075814752,3.562133860558576e-4
KOZEII,lFJNTA,tau,dep,Weighted median,21,-0.8505073980143923,0.24666068222419177,5.645729478367451e-4
KOZEII,lFJNTA,tau,dep,Weighted mode,21,-1.0235456168054733,0.5060739425547527,0.056700085800425605
KOZEII,lFJNTA,tau,dep,MR Egger,21,-2.1095069380158926,0.7060054766574564,0.007560744478228908
