id.exposure,id.outcome,outcome,exposure,method,nsnp,b,se,pval
R5Tfi8,L4xUMx,aaos,alcd,Inverse variance weighted (fixed effects),22,-0.0566695368226836,0.0322051764555741,0.07846875887769043
R5Tfi8,L4xUMx,aaos,alcd,Weighted median,22,-0.07521767014128675,0.049827106793419985,0.13115233798637502
R5Tfi8,L4xUMx,aaos,alcd,Weighted mode,22,-0.12056132344101789,0.05613282095811814,0.04355628948528384
R5Tfi8,L4xUMx,aaos,alcd,MR Egger,22,-0.166429493210636,0.10096337960130239,0.11488835078693489
