id.exposure,id.outcome,outcome,exposure,method,nsnp,b,se,pval
R5Tfi8,L4xUMx,aaos,alcd,Inverse variance weighted (fixed effects),21,-0.07300697962431496,0.0325417714736308,0.02486554924485339
R5Tfi8,L4xUMx,aaos,alcd,Weighted median,21,-0.07648649857111384,0.04960292381788661,0.12307952128762693
R5Tfi8,L4xUMx,aaos,alcd,Weighted mode,21,-0.11987309891786391,0.060832667448966954,0.06277770431729472
R5Tfi8,L4xUMx,aaos,alcd,MR Egger,21,-0.20775198570717596,0.08659168326496007,0.026848909784276266
