target_snp,proxy_snp,ld.r2,Dprime,PHASE,X12,CHR,POS,Effect_allele.proxy,Non_Effect_allele.proxy,EAF,Beta,SE,P,r2,N,ref,ref.proxy,alt,alt.proxy,Effect_allele,Non_Effect_allele,proxy.outcome
rs62508246,rs112674473,0.917795,1,CT/GC,NA,8,41760759,T,C,0.2627,-0.0122,0.1019,0.9046,5.765725519280001e-5,4914,C,T,G,C,C,G,TRUE
rs113025666,rs7847035,0.99189,1,CG/GA,NA,9,128510156,A,G,0.5829,0.0664,0.0919,0.4699,0.0021438796384128,4914,C,G,G,A,G,C,TRUE
rs10823730,rs10823729,0.995966,1,TG/CA,NA,10,73147108,A,G,0.5903,0.0454,0.0919,0.6211,9.969662317112e-4,4914,T,G,C,A,C,T,TRUE
rs62055696,rs541886938,1,1,GT/AG,NA,17,43693538,T,G,0.2164,-0.1762,0.1095,0.1075,0.0105291542381952,4914,G,T,A,G,G,A,TRUE
rs111825734,rs77926909,0.962391,0.989021,GC/TT,NA,17,43994252,T,C,0.78,0.1556,0.1095,0.1555,0.008309338751999998,4914,G,C,T,T,T,G,TRUE
rs13002630,NA,NA,NA,NA,NA,NA,NA,NA,NA,NA,NA,NA,NA,NA,NA,NA,NA,NA,NA,NA,NA,NA
rs55938136,NA,NA,NA,NA,NA,NA,NA,NA,NA,NA,NA,NA,NA,NA,NA,NA,NA,NA,NA,NA,NA,NA
