id.exposure,id.outcome,outcome,exposure,method,nsnp,b,se,pval
xqfBKP,2K4USh,sbp,nft4,Inverse variance weighted (fixed effects),10,0.10849581523903769,0.03339877531653325,0.0011601650766665601
xqfBKP,2K4USh,sbp,nft4,Weighted median,10,0.13167816479362043,0.04868024070417013,0.006831235750425975
xqfBKP,2K4USh,sbp,nft4,Weighted mode,10,0.1537427934226696,0.04408057995787442,0.006854203216038638
xqfBKP,2K4USh,sbp,nft4,MR Egger,10,0.1984763156223036,0.14832817044553517,0.2176517928321022
