id.exposure,id.outcome,outcome,exposure,method,nsnp,b,se,pval
Y2MhsY,ZFnsmE,hips,bmi,Inverse variance weighted (fixed effects),1590,0.09383486361239493,0.17790380894177585,0.5978830823889671
Y2MhsY,ZFnsmE,hips,bmi,Weighted median,1590,0.09635248819474283,0.2898226027344434,0.739546977809165
Y2MhsY,ZFnsmE,hips,bmi,Weighted mode,1590,1.4726295086297583,0.8650247059552632,0.08887351689741163
Y2MhsY,ZFnsmE,hips,bmi,MR Egger,1590,-0.1713691857224494,0.5494083239912102,0.7551453942801872
