SNP,rsID,ld.r2,Dprime,ref.proxy,alt.proxy,CHR,POS,Effect_allele.proxy,Non_Effect_allele.proxy,EAF,Beta,SE,P,r2,N,ref,alt,Effect_allele,Non_Effect_allele
rs1801214,rs1046320,0.97,1,G,A,4,6304344,G,A,0.591,-0.0247,0.0166,0.1364,2.9494068942000003e-4,54162,C,"A,G,T",C,"A,G,T"
rs7674212,rs7691873,1,1,T,C,4,103987899,C,T,0.5884,-2e-4,0.0165,0.9911,1.93748352e-8,54162,G,T,T,G
rs1265099,NA,NA,NA,NA,NA,NA,NA,NA,NA,NA,NA,NA,NA,NA,NA,NA,NA,NA,NA
rs3094663,NA,NA,NA,NA,NA,NA,NA,NA,NA,NA,NA,NA,NA,NA,NA,NA,NA,NA,NA
rs2246618,rs2534685,0.8,0.9,C,T,6,31462245,T,C,0.3066,-0.0428,0.0193,0.02687,7.788853252991999e-4,54162,C,T,T,C
rs2857605,NA,NA,NA,NA,NA,NA,NA,NA,NA,NA,NA,NA,NA,NA,NA,NA,NA,NA,NA
rs2227956,NA,NA,NA,NA,NA,NA,NA,NA,NA,NA,NA,NA,NA,NA,NA,NA,NA,NA,NA
rs3130287,NA,NA,NA,NA,NA,NA,NA,NA,NA,NA,NA,NA,NA,NA,NA,NA,NA,NA,NA
rs9271775,rs9271774,0.82,1,A,C,6,32594309,A,C,0.1988,0.0602,0.0249,0.01548,0.0011544637451648,54162,C,"A,G,T",C,"A,G,T"
rs4148870,NA,NA,NA,NA,NA,NA,NA,NA,NA,NA,NA,NA,NA,NA,NA,NA,NA,NA,NA
rs72892910,rs62405437,0.98,1,T,C,6,50813729,C,T,0.8242,0.0046,0.0203,0.8219,6.131929315199999e-6,54162,G,T,T,G
rs753270,rs1250591,0.82,0.95,A,G,10,80985374,A,G,0.4424,-0.0249,0.0159,0.1173,3.0589091124479995e-4,54162,T,C,T,C
rs7909016,rs6585194,0.99,1,C,G,10,114717471,G,C,0.7149,-0.0203,0.019,0.2853,1.679827109982e-4,54162,A,G,G,A
rs2915640,NA,NA,NA,NA,NA,NA,NA,NA,NA,NA,NA,NA,NA,NA,NA,NA,NA,NA,NA
rs6878122,rs7708285,0.94,0.98,G,A,5,76425867,G,A,0.6998,0.0067,0.0176,0.7056,1.8860978808800002e-5,54162,G,A,G,A
rs1063355,rs1140347,0.85,0.97,A,G,6,32628022,A,G,0.4238,0.0733,0.019,1.106e-4,0.002624050273176801,54162,T,G,T,G
