id.exposure,id.outcome,outcome,exposure,method,nsnp,b,se,pval
AzBJnK,iUZKPM,hear,hipv,Inverse variance weighted (fixed effects),27,-0.0017492016487057327,0.003944283790151137,0.6574202922593709
AzBJnK,iUZKPM,hear,hipv,Weighted median,27,-0.005343551878632842,0.005477665284569802,0.3293042105484644
AzBJnK,iUZKPM,hear,hipv,Weighted mode,27,-0.007522943360563986,0.008042990860069838,0.3582190739251645
AzBJnK,iUZKPM,hear,hipv,MR Egger,27,-0.012207856737379643,0.01102917282993977,0.2788874112040291
