SNP,rsID,ld.r2,Dprime,ref.proxy,alt.proxy,CHR,POS,Effect_allele.proxy,Non_Effect_allele.proxy,EAF,Beta,SE,P,r2,N,ref,alt,Effect_allele,Non_Effect_allele
rs159963,rs301802,0.98,0.99,T,A,1,8497307,T,A,0.444195,-0.005567,0.005636,0.3234,1.5302717232328782e-5,3055,C,A,C,A
rs12134600,NA,NA,NA,NA,NA,NA,NA,NA,NA,NA,NA,NA,NA,NA,NA,NA,NA,NA,NA
rs9427672,NA,NA,NA,NA,NA,NA,NA,NA,NA,NA,NA,NA,NA,NA,NA,NA,NA,NA,NA
rs76485002,NA,NA,NA,NA,NA,NA,NA,NA,NA,NA,NA,NA,NA,NA,NA,NA,NA,NA,NA
rs34215985,rs4263431,0.96,0.99,G,A,4,42042686,G,A,0.21393600000000002,-0.003681,0.007006,0.5993,4.5572558281869815e-6,3108,C,G,C,G
rs247910,rs247912,0.88,0.99,C,G,5,87634692,G,C,0.494302,0.002319,0.005693,0.6838,2.6885312982730995e-6,3084,A,G,G,A
rs1363104,rs10052804,1,1,A,C,5,103919822,C,A,0.503157,0.01033,0.005575,0.06405,5.335232293969706e-5,3106,C,G,G,C
rs10950398,rs10950395,0.93,0.99,T,C,7,12264467,C,T,0.42955,0.003218,0.00575,0.5758,5.07496887478878e-6,3103,G,A,A,G
rs10959913,rs10809510,0.92,0.99,C,T,9,11530473,T,C,0.25599,0.003355,0.006458,0.6034,4.287625230144795e-6,3100,T,G,G,T
rs1806153,NA,NA,NA,NA,NA,NA,NA,NA,NA,NA,NA,NA,NA,NA,NA,NA,NA,NA,NA
rs9596810,NA,NA,NA,NA,NA,NA,NA,NA,NA,NA,NA,NA,NA,NA,NA,NA,NA,NA,NA
rs62099069,NA,NA,NA,NA,NA,NA,NA,NA,NA,NA,NA,NA,NA,NA,NA,NA,NA,NA,NA
rs11663393,rs4459619,0.88,0.98,T,C,18,50620708,C,T,0.460086,0.001887,0.005733,0.742,1.7690389827105449e-06,3102,G,A,A,G
