target_snp,proxy_snp,ld.r2,Dprime,PHASE,X12,CHR,POS,Effect_allele.proxy,Non_Effect_allele.proxy,EAF,Beta,SE,P,r2,N,ref,ref.proxy,alt,alt.proxy,Effect_allele,Non_Effect_allele,proxy.outcome
rs67474621,rs1486096,0.937188,0.98363,TA/AG,NA,1,72584184,A,G,0.474,0.0503,0.0585,0.3902,0.0012616243183199997,4914,T,A,A,G,T,A,TRUE
rs1449404,rs9849399,1,1,GC/CA,NA,3,85537665,A,C,0.7533,0.0807,0.0662,0.2231,0.0024205506909678,4914,G,C,C,A,C,G,TRUE
rs3734543,rs34605993,1,1,CT/GC,NA,6,26454363,T,C,0.0889,0.1068,0.1324,0.4197,0.0018477376519392004,4914,C,T,G,C,C,G,TRUE
rs35902873,rs71559070,1,1,CA/GG,NA,6,28038929,A,G,0.0826,0.0689,0.1559,0.6586,7.194609430008001e-4,4914,C,A,G,G,C,G,TRUE
rs1233393,rs1233385,0.985245,1,GC/CT,NA,6,29559238,T,C,0.9011,-0.1041,0.1526,0.495,0.0019315267893197997,4914,G,C,C,T,C,G,TRUE
rs3094084,rs1628680,1,1,TA/AG,NA,6,30988825,A,G,0.1559,-0.1788,0.1035,0.08412,0.008414049061987198,4914,T,A,A,G,T,A,TRUE
rs3997983,rs2844552,0.992055,0.99602,GA/CG,NA,6,31342741,A,G,0.5185,-0.0516,0.06,0.3891,0.00132945747768,4914,G,A,C,G,G,C,TRUE
rs3096690,rs3130297,0.986588,1,CT/GC,NA,6,32198981,T,C,0.1097,-0.0344,0.1158,0.7664,2.3114786251520004e-4,4914,C,T,G,C,C,G,TRUE
rs3129962,rs17208902,1,1,CT/GC,NA,6,32379547,T,C,0.1932,-0.0975,0.0747,0.1922,0.0029635498620000002,4914,C,T,G,C,C,G,TRUE
rs4713534,rs2395184,0.939833,1,TA/GG,NA,6,32432646,A,G,0.1398,-0.035,0.1051,0.7387,2.94627102e-4,4914,T,A,G,G,T,G,TRUE
rs9272557,rs9272554,0.928889,0.967669,CG/TA,NA,6,32607026,A,G,0.7982,0.1189,0.096,0.2153,0.0045543519644791995,4914,C,G,T,A,T,C,TRUE
rs11986122,rs11993089,0.995827,1,GT/CG,NA,8,10009952,T,G,0.3702,9e-4,0.0727,0.9905,3.777061752e-7,4914,G,T,C,G,G,C,TRUE
rs1217101,rs1217098,0.952979,0.994539,CA/GC,NA,8,64623652,A,C,0.2332,0.0343,0.0691,0.6194,4.2075461292479996e-4,4914,C,A,G,C,C,G,TRUE
rs4748775,rs7096658,0.959164,0.986108,AT/TC,NA,10,22273533,T,C,0.465,-0.0155,0.0675,0.8178,1.1953638749999997e-4,4914,A,T,T,C,A,T,TRUE
rs3136469,rs3136468,1,1,AC/TT,NA,11,46749246,T,C,0.9183,0.0084,0.108,0.9382,1.0587543523199997e-5,4914,A,C,T,T,T,A,TRUE
rs34555420,NA,NA,NA,NA,NA,NA,NA,NA,NA,NA,NA,NA,NA,NA,NA,NA,NA,NA,NA,NA,NA,NA
rs10130752,NA,NA,NA,NA,NA,NA,NA,NA,NA,NA,NA,NA,NA,NA,NA,NA,NA,NA,NA,NA,NA,NA
