target_snp,proxy_snp,ld.r2,Dprime,PHASE,X12,CHR,POS,Effect_allele.proxy,Non_Effect_allele.proxy,EAF,Beta,SE,P,r2,N,ref,ref.proxy,alt,alt.proxy,Effect_allele,Non_Effect_allele,proxy.outcome
rs9257594,rs142743772,1,1,TC/CT,NA,6,29147156,T,C,0.6271,-0.0346,0.0342,0.3118,5.599011730487999e-4,40255,T,C,C,T,C,T,TRUE
rs2753960,rs805293,0.81465,0.9817,TA/GT,NA,6,31688518,A,T,0.5128,0.0238,0.0335,0.4769,2.830343889408e-4,40255,T,A,G,T,T,G,TRUE
rs2071287,rs2071277,0.988081,0.996003,TC/CT,NA,6,32171683,T,C,0.4971,0.0343,0.0143,0.01644,5.882252114382e-4,40255,T,C,C,T,C,T,TRUE
rs10832300,rs4757261,1,1,GA/AC,NA,11,14669802,A,C,0.436,0.0041,0.0122,0.7375,8.267292480000003e-6,40255,G,A,A,C,G,A,TRUE
rs9508495,rs7338758,0.994859,1,CT/TC,NA,13,30137828,T,C,0.2363,0.0178,0.0143,0.2118,1.1435535660080001e-4,40255,C,T,T,C,C,T,TRUE
rs1230100,rs1230064,0.937465,0.98767,GA/CG,NA,17,43461460,A,G,0.5092,0.0145,0.0144,0.3129,1.0508940888e-4,40255,G,A,C,G,G,C,TRUE
rs3058639,rs6035355,0.990194,1,CA/TT,NA,20,19465089,A,T,0.2792,-0.0059,0.0211,0.7784,1.40108412032e-5,40255,C,A,T,T,C,T,TRUE
rs7453270,NA,NA,NA,NA,NA,NA,NA,NA,NA,NA,NA,NA,NA,NA,NA,NA,NA,NA,NA,NA,NA,NA
rs55938136,NA,NA,NA,NA,NA,NA,NA,NA,NA,NA,NA,NA,NA,NA,NA,NA,NA,NA,NA,NA,NA,NA
rs167479,NA,NA,NA,NA,NA,NA,NA,NA,NA,NA,NA,NA,NA,NA,NA,NA,NA,NA,NA,NA,NA,NA
