query_snp_rsid,rsID,ld.r2,Dprime,ref.proxy,alt.proxy,CHR,POS,Effect_allele.proxy,Non_Effect_allele.proxy,EAF,Beta,SE,P,r2,N,ref,alt,Effect_allele,Non_Effect_allele
rs10030552,NA,NA,NA,NA,NA,NA,NA,NA,NA,NA,NA,NA,NA,NA,NA,NA,NA,NA,NA
rs10928235,rs11680871,0.97,1,C,T,2,145682219,T,C,0.2339,0.0147,0.0182,0.4191,7.74426756222e-5,54162,A,T,T,A
rs117214842,NA,NA,NA,NA,NA,NA,NA,NA,NA,NA,NA,NA,NA,NA,NA,NA,NA,NA,NA
rs12244388,rs12765337,0.96,0.99,G,C,10,104635344,C,G,0.3606,-0.0056,0.0163,0.7317,1.4461202380799998e-5,54162,G,A,A,G
rs1267042,rs1267072,0.94,0.98,C,T,2,162047581,T,C,0.311,0.0247,0.017,0.1474,2.6145895022e-4,54162,T,C,C,T
rs1565735,NA,NA,NA,NA,NA,NA,NA,NA,NA,NA,NA,NA,NA,NA,NA,NA,NA,NA,NA
rs181405880,rs116964195,0.85,0.92,T,C,6,111707781,C,T,0.9797,0.0703,0.0561,0.2096,1.9657568226379987e-4,54162,G,A,A,G
rs240999,rs465646,0.96,0.98,G,A,6,111620758,G,A,0.8424,0.0154,0.021,0.464,6.297178567679999e-5,54162,G,T,G,T
rs35891966,NA,NA,NA,NA,NA,NA,NA,NA,NA,NA,NA,NA,NA,NA,NA,NA,NA,NA,NA
rs4241405,rs1491983,0.98,1,G,T,3,49639803,G,T,0.8373,-8e-4,0.0221,0.9728,1.7437274879999997e-7,54162,C,T,C,T
rs6741429,rs1455335,0.99,1,C,T,2,199542718,T,C,0.4465,-0.0054,0.0159,0.7328,1.441307358e-5,54162,A,T,T,A
rs6951574,rs35574721,0.92,0.97,T,C,7,153490087,C,T,0.5843,0.0144,0.0231,0.5348,1.0073279646719998e-4,54162,T,C,C,T
rs76608582,NA,NA,NA,NA,NA,NA,NA,NA,NA,NA,NA,NA,NA,NA,NA,NA,NA,NA,NA
rs77217252,rs76464837,0.81,0.95,T,C,21,40632347,C,T,0.8903,0.0133,0.026,0.6097,3.45522456398e-5,54162,G,T,T,G
rs77878475,NA,NA,NA,NA,NA,NA,NA,NA,NA,NA,NA,NA,NA,NA,NA,NA,NA,NA,NA
rs880638,NA,NA,NA,NA,NA,NA,NA,NA,NA,NA,NA,NA,NA,NA,NA,NA,NA,NA,NA
