id.exposure,id.outcome,outcome,exposure,method,nsnp,b,se,pval
qMECum,eWmqhA,vbiany,smkukbb,Inverse variance weighted (fixed effects),204,-0.9591468318571972,0.5045196939886206,0.057287762719224575
qMECum,eWmqhA,vbiany,smkukbb,Weighted median,204,-0.66372460331741,0.7621701015879213,0.38384410638908123
qMECum,eWmqhA,vbiany,smkukbb,Weighted mode,204,-0.6982747129639613,1.9889337979854749,0.7258924831041627
qMECum,eWmqhA,vbiany,smkukbb,MR Egger,204,-4.514856626703774,2.2051942707073313,0.041915811304352395
