target_snp,proxy_snp,ld.r2,Dprime,PHASE,X12,CHR,POS,Effect_allele.proxy,Non_Effect_allele.proxy,EAF,Beta,SE,P,r2,N,ref,ref.proxy,alt,alt.proxy,Effect_allele,Non_Effect_allele,proxy.outcome
rs159963,rs301802,0.972244,0.991941,CT/AA,NA,1,8497307,T,A,0.444195,-0.005567,0.005636,0.3234,1.5302717232328782e-5,3055,C,T,A,A,C,A,TRUE
rs9427672,rs1539414,0.849969,0.993148,AA/GG,NA,1,197743506,A,G,0.213089,0.006876,0.006869,0.3169,1.58558080359168e-5,3093,A,A,G,G,A,G,TRUE
rs34215985,rs11725865,0.948403,1,CC/GT,NA,4,42036634,C,T,0.21399800000000002,-0.004,0.007016,0.5687,5.3824913918720004e-6,3101,C,C,G,T,C,G,TRUE
rs247910,rs2565726,0.992074,1,GC/AT,NA,5,87581913,C,T,0.494965,0.002454,0.005666,0.6649,3.010752663964616e-6,3105,G,C,A,T,G,A,TRUE
rs1363104,rs1363102,0.992068,1,CG/GT,NA,5,103917867,T,G,0.503172,0.0105,0.00557,0.05955,5.512278142072801e-5,3102,C,G,G,T,G,C,TRUE
rs10950398,rs6460902,1,1,AA/GG,NA,7,12255511,A,G,0.43129,0.003267,0.005753,0.5701,5.23586593694635e-6,3095,A,A,G,G,A,G,TRUE
rs10959913,rs958538,0.97847,1,GC/TT,NA,9,11522951,C,T,0.24073,0.004776,0.006556,0.4664,8.338445379333618e-6,3092,G,C,T,T,G,T,TRUE
rs11663393,rs5020052,0.984127,0.99599,AG/GT,NA,18,50641696,G,T,0.45753,0.003131,0.00573,0.5848,4.866216559362911e-6,3098,A,G,G,T,A,G,TRUE
rs12134600,NA,NA,NA,NA,NA,NA,NA,NA,NA,NA,NA,NA,NA,NA,NA,NA,NA,NA,NA,NA,NA,NA
rs76485002,NA,NA,NA,NA,NA,NA,NA,NA,NA,NA,NA,NA,NA,NA,NA,NA,NA,NA,NA,NA,NA,NA
rs1806153,NA,NA,NA,NA,NA,NA,NA,NA,NA,NA,NA,NA,NA,NA,NA,NA,NA,NA,NA,NA,NA,NA
rs9596810,NA,NA,NA,NA,NA,NA,NA,NA,NA,NA,NA,NA,NA,NA,NA,NA,NA,NA,NA,NA,NA,NA
rs62099069,NA,NA,NA,NA,NA,NA,NA,NA,NA,NA,NA,NA,NA,NA,NA,NA,NA,NA,NA,NA,NA,NA
