id.exposure,id.outcome,outcome,exposure,egger_intercept,se,pval
5T5wVg,Z28FLq,sleep,aaos,0.0030822864114085262,0.0013742433753052214,0.028739457754270142
