id.exposure,id.outcome,outcome,exposure,method,nsnp,b,se,pval
NV3duO,DemOTg,sleep,aaos,Inverse variance weighted (fixed effects),60,-0.002509500173155466,0.004195536751233007,0.5497494132015343
NV3duO,DemOTg,sleep,aaos,Weighted median,60,-0.009264435924409571,0.00668353250001717,0.1656984858371694
NV3duO,DemOTg,sleep,aaos,Weighted mode,60,-0.010356661848320431,0.0068851765815848035,0.13786530421446214
NV3duO,DemOTg,sleep,aaos,MR Egger,60,-0.014198307407668982,0.006941758906011655,0.0453658465063268
