id.exposure,id.outcome,outcome,exposure,method,nsnp,b,se,pval
OYCEaE,AgnAPa,sleep,aaos,Inverse variance weighted (fixed effects),20,-0.006909579302223663,0.005644629591285907,0.22091529326193757
OYCEaE,AgnAPa,sleep,aaos,Weighted median,20,-0.008973203214431584,0.007762931529142001,0.24772044698490805
OYCEaE,AgnAPa,sleep,aaos,Weighted mode,20,-0.01025188449044541,0.0075943985024636024,0.19290348716196032
OYCEaE,AgnAPa,sleep,aaos,MR Egger,20,-0.014247140443959314,0.009040631858134297,0.13246090684410128
