id.exposure,id.outcome,outcome,exposure,method,nsnp,b,se,pval
5T5wVg,Z28FLq,sleep,aaos,Inverse variance weighted (fixed effects),60,-0.002509500173155466,0.004195536751233007,0.5497494132015343
5T5wVg,Z28FLq,sleep,aaos,Weighted median,60,-0.009264435924409571,0.006514186832256972,0.15497000708865014
5T5wVg,Z28FLq,sleep,aaos,Weighted mode,60,-0.010356661848320431,0.0063220841723418,0.10670856270522523
5T5wVg,Z28FLq,sleep,aaos,MR Egger,60,-0.014198307407668982,0.006941758906011655,0.0453658465063268
