id.exposure,id.outcome,outcome,exposure,method,nsnp,b,se,pval
grrPU8,vK2i4L,load,audit,Inverse variance weighted (fixed effects),53,-0.6686408620610333,0.3222426610644691,0.03799017594821781
grrPU8,vK2i4L,load,audit,Weighted median,53,-1.4673673677409007,0.5232919629454177,0.005045594456200739
grrPU8,vK2i4L,load,audit,Weighted mode,53,-1.688618363424407,0.6616066052177252,0.013678098539784272
grrPU8,vK2i4L,load,audit,MR Egger,53,-1.722893658671334,0.7966596816927943,0.0352810383854852
