id.exposure,id.outcome,outcome,exposure,method,nsnp,b,se,pval
87eimw,0wZYRC,load,audit,Inverse variance weighted (fixed effects),57,-0.5035900245748299,0.3143985120428571,0.1092093501317971
87eimw,0wZYRC,load,audit,Weighted median,57,-1.427585551404515,0.49892261573857055,0.004218588723670442
87eimw,0wZYRC,load,audit,Weighted mode,57,-1.679545724123905,0.6177322420844997,0.008704583114999215
87eimw,0wZYRC,load,audit,MR Egger,57,-1.8167195667244698,0.8364215229909205,0.034183259297606725
