id.exposure,id.outcome,outcome,exposure,method,nsnp,b,se,pval
hXNNy0,CXo9v4,load,audit,Inverse variance weighted (fixed effects),7,-2.0444645412154436,0.5486091741687413,1.940554122894775e-4
hXNNy0,CXo9v4,load,audit,Weighted median,7,-1.8237382762079068,0.694987362929288,0.00868702218681784
hXNNy0,CXo9v4,load,audit,Weighted mode,7,-1.8426088344773746,0.7424761900628091,0.04769486865865276
hXNNy0,CXo9v4,load,audit,MR Egger,7,-1.898309108773196,0.8119100535550251,0.06653904256482282
