id.exposure,id.outcome,outcome,exposure,method,nsnp,b,se,pval
4B3doe,OdoKMm,bmi,ab42,Inverse variance weighted (fixed effects),6,0.15546645279160998,0.027688205999422937,1.9667821662809585e-8
4B3doe,OdoKMm,bmi,ab42,Weighted median,6,0.1330396033734604,0.041244779849618995,0.001257042108425989
4B3doe,OdoKMm,bmi,ab42,Weighted mode,6,0.13342977946159018,0.05059708534924582,0.04613675725050817
4B3doe,OdoKMm,bmi,ab42,MR Egger,6,0.25028790383567595,0.21378104865802353,0.3066807348627687
