id.exposure,id.outcome,outcome,exposure,method,nsnp,b,se,pval
EemEnE,Rc8RgH,bmi,ab42,Inverse variance weighted (fixed effects),3,0.23152899334442184,0.021188707550748774,8.563342013777248e-28
EemEnE,Rc8RgH,bmi,ab42,Weighted median,3,0.23585271079446607,0.02608442468363523,1.5397454199315965e-19
EemEnE,Rc8RgH,bmi,ab42,Weighted mode,3,0.25564541841993904,0.02923771414634648,0.012828928462930263
EemEnE,Rc8RgH,bmi,ab42,MR Egger,3,0.26054670249415335,0.09639274740374322,0.2255847761249787
