id.exposure,id.outcome,outcome,exposure,egger_intercept,se,pval
fiNUnz,3T4pES,bmi,ab42,-0.004863616197085195,0.0024207507852770345,0.06970381260370145
