id.exposure,id.outcome,outcome,exposure,method,nsnp,b,se,pval
EemEnE,Rc8RgH,bmi,ab42,Inverse variance weighted (fixed effects),4,0.21192258747489356,0.020434301916913138,3.3625824899681636e-25
EemEnE,Rc8RgH,bmi,ab42,Weighted median,4,0.2250317338155099,0.02802660048188797,9.80945242825717e-16
EemEnE,Rc8RgH,bmi,ab42,Weighted mode,4,0.2446676433888565,0.02618074300755098,0.0025945903503767575
EemEnE,Rc8RgH,bmi,ab42,MR Egger,4,0.3027522983568607,0.0949789631606095,0.0859241548879537
