id.exposure,id.outcome,outcome,exposure,egger_intercept,se,pval
4B3doe,OdoKMm,bmi,ab42,-0.004500365587181678,0.0028539069539557536,0.15882097587373945
