id.exposure,id.outcome,outcome,exposure,egger_intercept,se,pval
fiNUnz,3T4pES,bmi,ab42,-0.004863616197085197,0.0024207507852770345,0.0697038126037014
