id.exposure,id.outcome,outcome,exposure,method,nsnp,b,se,pval
4B3doe,OdoKMm,bmi,ab42,Inverse variance weighted (fixed effects),9,0.17531746285181157,0.018228647279397086,6.732667485974253e-22
4B3doe,OdoKMm,bmi,ab42,Weighted median,9,0.19686867316585893,0.032061791185904416,8.237132932885372e-10
4B3doe,OdoKMm,bmi,ab42,Weighted mode,9,0.23334818114319122,0.02950961251392862,4.747543618675743e-5
4B3doe,OdoKMm,bmi,ab42,MR Egger,9,0.2823614924812525,0.0800827017309901,0.009651165489942772
