id.exposure,id.outcome,outcome,exposure,method,nsnp,b,se,pval
fiNUnz,3T4pES,bmi,ab42,Inverse variance weighted (fixed effects),11,0.09720064520439439,0.02186810336277628,8.794935866316605e-6
fiNUnz,3T4pES,bmi,ab42,Weighted median,11,0.04243029992075899,0.038652819432643044,0.2723230787780928
fiNUnz,3T4pES,bmi,ab42,Weighted mode,11,-0.013060941199346143,0.06644813170552855,0.8481102888557619
fiNUnz,3T4pES,bmi,ab42,MR Egger,11,0.1583990363086802,0.14024866678411965,0.2879249144056091
