id.exposure,id.outcome,outcome,exposure,method,nsnp,b,se,pval
fiNUnz,3T4pES,bmi,ab42,Inverse variance weighted (fixed effects),12,0.1591584735738354,0.01695313034074593,6.10652748937485e-21
fiNUnz,3T4pES,bmi,ab42,Weighted median,12,0.14666886389127776,0.035235885679413145,3.148021114559543e-5
fiNUnz,3T4pES,bmi,ab42,Weighted mode,12,0.23149983465257573,0.031025825392284337,1.2590022850910452e-5
fiNUnz,3T4pES,bmi,ab42,MR Egger,12,0.27612146169307344,0.06551679505513773,0.0017870883602806894
