id.exposure,id.outcome,outcome,exposure,egger_intercept,se,pval
sjVMFm,9rWd7p,bmi,ab42,-0.005628202376784279,0.004564960969782927,0.30541102265301256
