id.exposure,id.outcome,outcome,exposure,method,nsnp,b,se,pval
XEfiV1,T9dKo0,mvpa,ptau,Inverse variance weighted (fixed effects),16,0.06037440522883815,0.017687398318932696,6.415450705844826e-4
XEfiV1,T9dKo0,mvpa,ptau,Weighted median,16,0.029331417353753178,0.027473705916854246,0.2856929528935143
XEfiV1,T9dKo0,mvpa,ptau,Weighted mode,16,0.026352247649386984,0.03974553620771047,0.5173751010906212
XEfiV1,T9dKo0,mvpa,ptau,MR Egger,16,0.12181712588466145,0.09773758599994399,0.23308122261342534
