id.exposure,id.outcome,outcome,exposure,method,nsnp,b,se,pval
z8Uq9b,rLVe6O,mvpa,ptau,Inverse variance weighted (fixed effects),6,0.10208350937969311,0.024160221168067278,2.3865219708973595e-5
z8Uq9b,rLVe6O,mvpa,ptau,Weighted median,6,0.05379172657999853,0.04013860981122046,0.18019683725636196
z8Uq9b,rLVe6O,mvpa,ptau,Weighted mode,6,0.041079716531472535,0.04800180683088063,0.4312014766493275
z8Uq9b,rLVe6O,mvpa,ptau,MR Egger,6,0.30882486467858417,0.12957762968984654,0.07571546683306787
