id.exposure,id.outcome,outcome,exposure,method,nsnp,b,se,pval
XEfiV1,T9dKo0,mvpa,ptau,Inverse variance weighted (fixed effects),15,0.047846323860622375,0.018084929539207425,0.008153506162936083
XEfiV1,T9dKo0,mvpa,ptau,Weighted median,15,0.026769040641883134,0.028139102331905294,0.34144646936485956
XEfiV1,T9dKo0,mvpa,ptau,Weighted mode,15,0.024652778798209485,0.03984092030338872,0.545998233792585
XEfiV1,T9dKo0,mvpa,ptau,MR Egger,15,0.17851285405377804,0.08845212550114043,0.0646959881443387
