id.exposure,id.outcome,outcome,exposure,method,nsnp,b,se,pval
z8Uq9b,rLVe6O,mvpa,ptau,Inverse variance weighted (fixed effects),5,0.02668808897985116,0.029538774186752353,0.36626406333271155
z8Uq9b,rLVe6O,mvpa,ptau,Weighted median,5,0.032334782158955154,0.03474013219520367,0.3519768804252114
z8Uq9b,rLVe6O,mvpa,ptau,Weighted mode,5,0.04094679021987688,0.046629949760185946,0.4294595020179749
z8Uq9b,rLVe6O,mvpa,ptau,MR Egger,5,-0.02105932885040158,0.12371656727025186,0.8756674275671517
