id.exposure,id.outcome,outcome,exposure,method,nsnp,b,se,pval
D42VYv,U0GZ2R,dep,npany,Inverse variance weighted (fixed effects),15,0.0013714100794614888,6.37155777470348e-4,0.031366359710880115
D42VYv,U0GZ2R,dep,npany,Weighted median,15,0.0016494294440882436,9.449701883010176e-4,0.08090082082548578
D42VYv,U0GZ2R,dep,npany,Weighted mode,15,0.0017951563468259994,0.001196720782015569,0.15580921882713333
D42VYv,U0GZ2R,dep,npany,MR Egger,15,0.0021858612925964374,0.001503073194645606,0.16958917335221127
