id.exposure,id.outcome,outcome,exposure,method,nsnp,b,se,pval
KJ08HG,FLaUAT,dep,npany,Inverse variance weighted (fixed effects),4,0.0024574026475385267,8.978772827211408e-4,0.006202065755837937
KJ08HG,FLaUAT,dep,npany,Weighted median,4,0.0019110577683044438,0.0010333113964407139,0.06439286043228844
KJ08HG,FLaUAT,dep,npany,Weighted mode,4,0.0019565761307389446,0.0011245341709843644,0.18025427701470279
KJ08HG,FLaUAT,dep,npany,MR Egger,4,8.713777242687706e-4,0.002084824968690994,0.7165751355037366
