SNP,rsID,ld.r2,Dprime,ref.proxy,alt.proxy,CHR,POS,Effect_allele.proxy,Non_Effect_allele.proxy,EAF,Beta,SE,P,r2,N,ref,alt,Effect_allele,Non_Effect_allele
rs61921502,NA,NA,NA,NA,NA,NA,NA,NA,NA,NA,NA,NA,NA,NA,NA,NA,NA,NA,NA
rs77956314,rs7294919,0.84,0.96,T,C,12,117327592,C,T,0.08179,0.0083,0.0092,0.4656,1.0347332547102e-5,94560,T,C,C,T
rs12784431,rs11597218,0.99,1,C,T,10,135038088,C,T,0.562,0.0013,0.0062,0.7508,8.320072799999999e-7,81003,G,A,G,A
rs78587286,rs16874892,0.97,1,A,G,6,14270739,A,G,0.90369,0.0078,0.0091,0.7045,1.0590343832952e-5,94549,C,T,C,T
rs74597467,NA,NA,NA,NA,NA,NA,NA,NA,NA,NA,NA,NA,NA,NA,NA,NA,NA,NA,NA
rs6060507,rs761827,0.96,0.98,C,T,20,34207897,C,T,0.847,0.0296,0.0072,8.517e-5,2.2708490112000003e-4,93067,A,G,A,G
rs116621170,NA,NA,NA,NA,NA,NA,NA,NA,NA,NA,NA,NA,NA,NA,NA,NA,NA,NA,NA
rs453084,rs7122784,0.83,-0.97,T,G,11,79605008,T,G,0.6398,0.0074,0.0055,0.3047,2.52395367392e-5,94595,G,A,G,A
