id.exposure,id.outcome,outcome,exposure,method,nsnp,b,se,pval
kniTCC,BRIIK6,npany,fish,Inverse variance weighted (fixed effects),124,-0.6143962463748017,0.5803527649592835,0.28975466016148727
kniTCC,BRIIK6,npany,fish,Weighted median,124,-0.7573870566575034,0.8303594159759936,0.36170578806285275
kniTCC,BRIIK6,npany,fish,Weighted mode,124,0.16785117751163625,1.8851600052466035,0.9291963975556574
kniTCC,BRIIK6,npany,fish,MR Egger,124,-1.9934434789342246,3.564199810250888,0.5769848773149071
