id.exposure,id.outcome,outcome,exposure,method,nsnp,b,se,pval
9lx2gj,SX9GrS,tau,trig,Inverse variance weighted (fixed effects),227,0.0022712588504771878,0.012244051804516374,0.8528376975408175
9lx2gj,SX9GrS,tau,trig,Weighted median,227,-0.01982102794105234,0.020589254170565525,0.33570412003092664
9lx2gj,SX9GrS,tau,trig,Weighted mode,227,-0.02504968154175191,0.020474742856182462,0.22243648399756974
9lx2gj,SX9GrS,tau,trig,MR Egger,227,-0.017362757749094404,0.026276853036251244,0.5094406282172712
