id.exposure,id.outcome,outcome,exposure,method,nsnp,b,se,pval
wEhimd,V5UTef,tau,trig,Inverse variance weighted (fixed effects),132,0.001433187503584671,0.013253418310633256,0.9138868623960594
wEhimd,V5UTef,tau,trig,Weighted median,132,-0.021620045266062576,0.022112289996895886,0.3282034957036052
wEhimd,V5UTef,tau,trig,Weighted mode,132,-0.029570518012970393,0.02200035445716988,0.18124150659971044
wEhimd,V5UTef,tau,trig,MR Egger,132,-0.005150693387877504,0.03294125257762876,0.8759918428124174
