id.exposure,id.outcome,outcome,exposure,egger_intercept,se,pval
jlduGE,k4060Z,ptau,hear,0.0019784355204863595,0.002385625354003008,0.40882546714987333
