id.exposure,id.outcome,outcome,exposure,method,nsnp,b,se,pval
jlduGE,k4060Z,ptau,hear,Inverse variance weighted (fixed effects),106,0.11306411405258349,0.09465691478898187,0.2322971880663416
jlduGE,k4060Z,ptau,hear,Weighted median,106,0.005871625094499992,0.14265964182875204,0.9671697153781416
jlduGE,k4060Z,ptau,hear,Weighted mode,106,-0.17048935481488314,0.31002239793420705,0.5835380650120392
jlduGE,k4060Z,ptau,hear,MR Egger,106,-0.15687464592646427,0.34126200007787805,0.6466984402129847
