id.exposure,id.outcome,outcome,exposure,egger_intercept,se,pval
Ys54iO,OvLv34,ptau,hear,0.0068410664829094405,0.006320043142390059,0.28740537058620336
