id.exposure,id.outcome,outcome,exposure,method,nsnp,b,se,pval
Ys54iO,OvLv34,ptau,hear,Inverse variance weighted (fixed effects),33,0.05803116305462167,0.14503802774602337,0.689075510439015
Ys54iO,OvLv34,ptau,hear,Weighted median,33,-0.04938651066466128,0.20685750004533504,0.8113021329100687
Ys54iO,OvLv34,ptau,hear,Weighted mode,33,-0.10368605371927275,0.3534954323844422,0.7711740923481057
Ys54iO,OvLv34,ptau,hear,MR Egger,33,-0.8627893858293929,0.8657234180889332,0.32666949744547125
