id.exposure,id.outcome,outcome,exposure,method,nsnp,b,se,pval
pXvODK,0KyFHY,load,dep,Inverse variance weighted (fixed effects),142,-0.2789479546949687,0.22740443383226971,0.21995035503359114
pXvODK,0KyFHY,load,dep,Weighted median,142,-0.10846227753319693,0.32596814153326864,0.7393313908083039
pXvODK,0KyFHY,load,dep,Weighted mode,142,0.09670012504267333,0.8893137987946238,0.9135667439967812
pXvODK,0KyFHY,load,dep,MR Egger,142,-1.3565613245505397,1.0661963022314649,0.20536246397082314
