id.exposure,id.outcome,outcome,exposure,method,nsnp,b,se,pval
Iyg2yN,cV3dt5,load,dep,Inverse variance weighted (fixed effects),19,-0.19478884556075396,0.5273955161374144,0.7118734866220091
Iyg2yN,cV3dt5,load,dep,Weighted median,19,-0.09053544758273327,0.7119151846999187,0.898804522199116
Iyg2yN,cV3dt5,load,dep,Weighted mode,19,-0.006181263425148131,1.3206678638959242,0.996317071789911
Iyg2yN,cV3dt5,load,dep,MR Egger,19,1.190695594821621,2.520042411972395,0.6425857600686008
