query_snp_rsid,rsID,ld.r2,Dprime,ref.proxy,alt.proxy,CHR,POS,Effect_allele.proxy,Non_Effect_allele.proxy,EAF,Beta,SE,P,r2,N,ref,alt,Effect_allele,Non_Effect_allele
rs10130752,NA,NA,NA,NA,NA,NA,NA,NA,NA,NA,NA,NA,NA,NA,NA,NA,NA,NA,NA
rs11986122,rs11993089,0.99,1,G,T,8,10009952,T,G,0.3702,9e-4,0.0727,0.9905,3.777061752e-7,4914,C,G,G,C
rs1217101,rs1217098,0.95,0.99,A,C,8,64623652,A,C,0.2332,0.0343,0.0691,0.6194,4.2075461292479996e-4,4914,C,G,C,G
rs1233393,rs1233385,1,1,T,C,6,29559238,T,C,0.9011,-0.1041,0.1526,0.495,0.0019315267893197997,4914,C,G,C,G
rs1449404,rs7628948,1,1,C,T,3,85594169,T,C,0.2465,-0.0776,0.0661,0.2406,0.0022369363068800003,4914,C,G,G,C
rs3094084,rs1634714,0.99,1,T,C,6,30951561,T,C,0.8426,0.1931,0.1023,0.05918,0.009890556450552798,4914,A,T,A,T
rs3096690,rs3130297,0.96,0.98,C,T,6,32198981,T,C,0.1097,-0.0344,0.1158,0.7664,2.3114786251520004e-4,4914,G,C,C,G
rs3136469,rs3136433,1,1,C,A,11,46741908,A,C,0.085,0.0124,0.1044,0.9056,2.3917368e-5,4914,T,A,A,T
rs35902873,rs13197574,1,1,T,C,6,28060239,T,C,0.9159,-0.0764,0.1537,0.6193,8.992092538847993e-4,4914,G,C,G,C
rs3734543,rs13195509,1,1,G,A,6,26463660,A,G,0.0906,0.1117,0.1291,0.3872,0.0020559828583992,4914,G,C,C,G
rs3997983,rs2523634,1,1,A,G,6,31344876,A,G,0.4817,0.0497,0.0598,0.4058,0.0012333905831198,4914,C,G,C,G
rs4713534,NA,NA,NA,NA,NA,NA,NA,NA,NA,NA,NA,NA,NA,NA,NA,NA,NA,NA,NA
rs4748775,rs2666775,0.93,0.99,C,T,10,22240299,T,C,0.6849,0.0978,0.0623,0.1168,0.0041284143088632,4914,A,T,T,A
rs67474621,NA,NA,NA,NA,NA,NA,NA,NA,NA,NA,NA,NA,NA,NA,NA,NA,NA,NA,NA
rs9272557,NA,NA,NA,NA,NA,NA,NA,NA,NA,NA,NA,NA,NA,NA,NA,NA,NA,NA,NA
