SNP,effect_allele.exposure,other_allele.exposure,effect_allele.outcome,other_allele.outcome,beta.exposure,beta.outcome,eaf.exposure,eaf.outcome,remove,palindromic,ambiguous,id.outcome,se.outcome,pval.outcome,outcome,mr_keep.outcome,pval_origin.outcome,se.exposure,pval.exposure,exposure,mr_keep.exposure,pval_origin.exposure,id.exposure,action,mr_keep,samplesize.outcome
rs117753030,A,G,A,G,0.08928274416250333,-0.018703984793771767,0.9223,0.9167,FALSE,FALSE,FALSE,onmaE6,0.0515,0.7167,alcd,TRUE,reported,0.016280587921681862,4.17e-8,hipv,TRUE,reported,QvNhD1,2,TRUE,NA
rs11979341,C,G,C,G,-0.06558166986977386,-0.021703833443786583,0.6837,0.693276354679803,FALSE,TRUE,FALSE,onmaE6,0.034,0.5221,alcd,TRUE,reported,0.00970861137968525,1.424e-11,hipv,TRUE,reported,QvNhD1,2,TRUE,NA
rs17177768,T,C,T,C,-0.07668243531429483,0.05269680899996896,0.2504,0.2545901171888584,FALSE,FALSE,FALSE,onmaE6,0.0253,0.03719,alcd,TRUE,reported,0.009956171814372219,1.339e-14,hipv,TRUE,reported,QvNhD1,2,TRUE,NA
rs2268894,T,C,T,C,-0.056681699959825686,-0.020997990995605488,0.5412,0.5271370463910674,FALSE,FALSE,FALSE,onmaE6,0.0223,0.3477,alcd,TRUE,reported,0.00865898257864737,5.894e-11,hipv,TRUE,reported,QvNhD1,2,TRUE,NA
rs2289881,T,G,T,G,-0.050146901263179396,-0.008899483187032747,0.3544,0.35407689728400576,FALSE,FALSE,FALSE,onmaE6,0.0245,0.7167,alcd,TRUE,reported,0.009022472339542892,2.728e-8,hipv,TRUE,reported,QvNhD1,2,TRUE,NA
rs61921502,T,G,T,G,0.1078839931374046,0.0022973590486834584,0.8466,0.8506468615586499,FALSE,FALSE,FALSE,onmaE6,0.0412,0.9555,alcd,TRUE,reported,0.011964510717245714,1.941e-19,hipv,TRUE,reported,QvNhD1,2,TRUE,NA
rs7020341,C,G,C,G,0.05989482492183185,-0.009505030014304952,0.359,0.3575247070278541,FALSE,TRUE,FALSE,onmaE6,0.023,0.6796,alcd,TRUE,reported,0.009013517670704569,3.035e-11,hipv,TRUE,reported,QvNhD1,2,TRUE,NA
rs77956314,T,C,T,C,-0.16185421080703002,0.023002541565316007,0.916,0.9201303542930099,FALSE,FALSE,FALSE,onmaE6,0.0414,0.5783,alcd,TRUE,reported,0.015536015627474566,2.055e-25,hipv,TRUE,reported,QvNhD1,2,TRUE,NA
rs7976802,A,T,A,T,0.05658511268480389,-6.001800720324606e-4,0.3781,0.3727049414055708,FALSE,TRUE,FALSE,onmaE6,0.0227,0.9799,alcd,TRUE,reported,0.008898429420475529,2.028e-10,hipv,TRUE,reported,QvNhD1,2,TRUE,NA
