target_snp,proxy_snp,ld.r2,Dprime,PHASE,X12,CHR,POS,Effect_allele.proxy,Non_Effect_allele.proxy,EAF,Beta,SE,P,r2,N,ref,ref.proxy,alt,alt.proxy,Effect_allele,Non_Effect_allele,proxy.outcome
rs55683518,rs62167783,0.940187,0.991571,GT/TA,NA,2,147458160,T,A,0.372036,0.003144,0.004182,0.4523,4.618647140584716e-6,3111,G,T,T,A,G,T,TRUE
rs370771,rs13197753,1,1,GG/TC,NA,6,105372685,G,C,0.448491,-0.008503,0.004058,0.03621,3.576684973997605e-5,3110,G,G,T,C,G,T,TRUE
rs6984111,rs4840480,0.986073,0.993012,CC/TT,NA,8,10215039,C,T,0.156806,-0.004811,0.005918,0.4164,6.120556247650162e-6,2630,C,C,T,T,C,T,TRUE
rs9576155,rs9576156,0.918641,1,AT/GC,NA,13,37620397,T,C,0.353557,0.002559,0.00449,0.5688,2.993368917125833e-6,2631,A,T,G,C,A,G,TRUE
rs11693221,NA,NA,NA,NA,NA,NA,NA,NA,NA,NA,NA,NA,NA,NA,NA,NA,NA,NA,NA,NA,NA,NA
