id.exposure,id.outcome,outcome,exposure,method,nsnp,b,se,pval
JQLRGR,7rYuwY,sleep,ptau,Inverse variance weighted (fixed effects),6,-0.042659298122996396,0.04621650353767215,0.35599068233058623
JQLRGR,7rYuwY,sleep,ptau,Weighted median,6,-0.016207871840968315,0.06266467275015117,0.7959095588301758
JQLRGR,7rYuwY,sleep,ptau,Weighted mode,6,-0.02863155866836742,0.07115953992805779,0.7040457056853435
JQLRGR,7rYuwY,sleep,ptau,MR Egger,6,0.1437265429534481,0.23949937871963967,0.5807732092534419
