id.exposure,id.outcome,outcome,exposure,method,nsnp,b,se,pval
zGymLM,VhJcbc,sleep,ptau,Inverse variance weighted (fixed effects),16,-0.04502167714700385,0.03389289042994832,0.18406196207270237
zGymLM,VhJcbc,sleep,ptau,Weighted median,16,-0.06628366248930777,0.04873613718145911,0.17381358828109836
zGymLM,VhJcbc,sleep,ptau,Weighted mode,16,-0.06592568812583344,0.06926200904639129,0.35626963511248344
zGymLM,VhJcbc,sleep,ptau,MR Egger,16,0.06451222432776181,0.10314177951621506,0.5417240467548012
