id.exposure,id.outcome,outcome,exposure,method,nsnp,b,se,pval
JQLRGR,7rYuwY,sleep,ptau,Inverse variance weighted (fixed effects),5,0.007008938113613591,0.04906900265268155,0.8864178046118645
JQLRGR,7rYuwY,sleep,ptau,Weighted median,5,0.005088071468848959,0.056456586965311466,0.9281889868864798
JQLRGR,7rYuwY,sleep,ptau,Weighted mode,5,-0.04231529084986685,0.08158778770140979,0.6313776866916809
JQLRGR,7rYuwY,sleep,ptau,MR Egger,5,-0.11203265634503493,0.1927917451641231,0.60194725436601
