id.exposure,id.outcome,outcome,exposure,egger_intercept,se,pval
Q2EhEA,huJdXx,ab42,fish,-0.0036060367326532904,0.002458782016808184,0.14609178167847947
