id.exposure,id.outcome,outcome,exposure,method,nsnp,b,se,pval
qcxp49,Yo1KZe,ab42,fish,Inverse variance weighted (fixed effects),89,0.046540329907173945,0.03646795187155823,0.20188550964312754
qcxp49,Yo1KZe,ab42,fish,Weighted median,89,0.015669781750524334,0.05619507969542963,0.7803628941947675
qcxp49,Yo1KZe,ab42,fish,Weighted mode,89,-0.11788372140362302,0.13446840487431325,0.3830556269874992
qcxp49,Yo1KZe,ab42,fish,MR Egger,89,0.2972710356968467,0.17638244361581246,0.09549952765683185
