id.exposure,id.outcome,outcome,exposure,method,nsnp,b,se,pval
m9rwjj,hKpZUS,ab42,fish,Inverse variance weighted (fixed effects),287,0.03273855057630154,0.024166872704856766,0.1755172712416731
m9rwjj,hKpZUS,ab42,fish,Weighted median,287,-0.013347695712169264,0.03687660818039793,0.7173851923291796
m9rwjj,hKpZUS,ab42,fish,Weighted mode,287,-0.08189216973989977,0.12511899782575428,0.5133065300751576
m9rwjj,hKpZUS,ab42,fish,MR Egger,287,0.2761217365363258,0.09544196567260539,0.004109093563076298
