id.exposure,id.outcome,outcome,exposure,egger_intercept,se,pval
PXx3xp,Iksd0j,ab42,fish,-0.002370852500521412,0.0011402612450781505,0.03862506209389922
