id.exposure,id.outcome,outcome,exposure,method,nsnp,b,se,pval
PXx3xp,Iksd0j,ab42,fish,Inverse variance weighted (fixed effects),250,0.0013983646085688679,0.025883024038096447,0.9569141923988942
PXx3xp,Iksd0j,ab42,fish,Weighted median,250,-0.031475402432806714,0.04011325398569947,0.4326509445957111
PXx3xp,Iksd0j,ab42,fish,Weighted mode,250,-0.11214612764949483,0.1309619396479227,0.3926407502090574
PXx3xp,Iksd0j,ab42,fish,MR Egger,250,0.19640626084188206,0.09740992704811972,0.04484826741369355
