id.exposure,id.outcome,outcome,exposure,method,nsnp,b,se,pval
qcxp49,Yo1KZe,ab42,fish,Inverse variance weighted (fixed effects),89,0.046540329907173945,0.03646795187155823,0.20188550964312754
qcxp49,Yo1KZe,ab42,fish,Weighted median,89,0.015669781750524334,0.05481131127275867,0.7749655036790548
qcxp49,Yo1KZe,ab42,fish,Weighted mode,89,-0.11788372140362302,0.14446259325870497,0.4166946038451056
qcxp49,Yo1KZe,ab42,fish,MR Egger,89,0.2972710356968467,0.17638244361581246,0.09549952765683185
