id.exposure,id.outcome,outcome,exposure,method,nsnp,b,se,pval
S61SZu,xSbXkf,ab42,fish,Inverse variance weighted (fixed effects),250,0.0013983646085688679,0.025883024038096447,0.9569141923988942
S61SZu,xSbXkf,ab42,fish,Weighted median,250,-0.031475402432806714,0.03854004968597886,0.41410369041738243
S61SZu,xSbXkf,ab42,fish,Weighted mode,250,-0.11214612764949483,0.12107382746330934,0.3552065382881182
S61SZu,xSbXkf,ab42,fish,MR Egger,250,0.19640626084188206,0.09740992704811972,0.04484826741369355
