query_snp_rsid,rsID,ld.r2,Dprime,ref.proxy,alt.proxy,CHR,POS,Effect_allele.proxy,Non_Effect_allele.proxy,EAF,Beta,SE,P,r2,N,ref,alt,Effect_allele,Non_Effect_allele
rs11238325,rs10226937,0.83,1,G,A,7,50845718,G,A,0.2189,0.002576,0.002984,0.388,2.2692069885900806e-6,111366,C,T,C,T
rs149063419,NA,NA,NA,NA,NA,NA,NA,NA,NA,NA,NA,NA,NA,NA,NA,NA,NA,NA,NA
rs16873726,rs117541233,0.92,1,A,G,7,25029905,G,A,0.009521,-7.021e-4,0.002975,0.8135,9.29727718479885e-9,112014,C,T,T,C
rs17089955,rs10517488,1,1,G,A,4,60918911,A,G,0.01225,-0.00311,0.002978,0.2963,2.3406361098750003e-7,111855,T,C,C,T
rs5756795,rs6000870,0.98,1,C,T,22,38123240,T,C,0.4583,-0.001855,0.002982,0.5339,1.7085453720755004e-6,111577,T,C,C,T
rs61890355,rs115930133,0.82,1,T,A,11,51363223,A,T,0.06204,8.933e-4,0.002974,0.7639,9.287113875321954e-8,112168,C,A,A,C
rs61904001,NA,NA,NA,NA,NA,NA,NA,NA,NA,NA,NA,NA,NA,NA,NA,NA,NA,NA,NA
rs61917389,NA,NA,NA,NA,NA,NA,NA,NA,NA,NA,NA,NA,NA,NA,NA,NA,NA,NA,NA
rs72801922,rs56081426,1,1,C,A,16,78520715,A,C,0.08971,-0.001721,0.003005,0.5669,4.837404060387439e-7,109983,G,A,A,G
rs7982293,NA,NA,NA,NA,NA,NA,NA,NA,NA,NA,NA,NA,NA,NA,NA,NA,NA,NA,NA
