id.exposure,id.outcome,outcome,exposure,method,nsnp,b,se,pval
bKqEOg,IuxX5O,aaos,educ,Inverse variance weighted (fixed effects),1202,-0.29245309184028406,0.04489681960872109,7.322752944629773e-11
bKqEOg,IuxX5O,aaos,educ,Weighted median,1202,-0.3820111580986991,0.07283513657128096,1.56388653274693e-7
bKqEOg,IuxX5O,aaos,educ,Weighted mode,1202,-0.516828451504626,0.24541907334702223,0.03542001031648267
bKqEOg,IuxX5O,aaos,educ,MR Egger,1202,0.17938553175085972,0.17087249620591566,0.2940118027426782
