id.exposure,id.outcome,outcome,exposure,egger_intercept,se,pval
OD0Sbx,nxYf92,aaos,educ,-0.0021598011760358177,0.0012259236115417258,0.07821294371755512
