query_snp_rsid,rsID,ld.r2,Dprime,ref.proxy,alt.proxy,CHR,POS,Effect_allele.proxy,Non_Effect_allele.proxy,EAF,Beta,SE,P,r2,N,ref,alt,Effect_allele,Non_Effect_allele
rs1025574,rs2112390,0.97,1,C,T,19,30424152,C,T,0.09443,-0.003656,0.002979,0.2197,2.285990315092467e-6,111780,G,C,G,C
rs10985910,rs10818797,0.86,0.95,T,C,9,126020405,C,T,0.1391,0.003657,0.002982,0.2201,3.2030207647846206e-6,111516,C,T,T,C
rs4872006,rs11985023,0.81,0.99,C,T,8,22531463,C,T,0.4111,0.001349,0.002973,0.6501,8.811359610775799e-7,112176,T,C,T,C
rs7959696,NA,NA,NA,NA,NA,NA,NA,NA,NA,NA,NA,NA,NA,NA,NA,NA,NA,NA,NA
