target_snp,proxy_snp,ld.r2,Dprime,PHASE,X12,CHR,POS,Effect_allele.proxy,Non_Effect_allele.proxy,EAF,Beta,SE,P,r2,N,ref,ref.proxy,alt,alt.proxy,Effect_allele,Non_Effect_allele,proxy.outcome
rs9426656,rs6690574,1,1,GA/TG,NA,1,21504279,A,G,0.467,-0.0444,0.0143,0.001917,9.813863779199999e-4,63926,G,A,T,G,G,T,TRUE
rs112817644,rs10029572,1,1,CA/AG,NA,4,174880436,A,G,0.1879,0.0173,0.0183,0.3447,9.13394711022e-5,63926,C,A,A,G,C,A,TRUE
rs13328893,rs28708902,0.900593,1,TG/CA,NA,11,50052960,A,G,0.8863,-0.0626,0.024,0.009217,7.898049950712002e-4,63926,T,G,C,A,C,T,TRUE
rs9924525,rs147103322,0.984582,0.994822,GA/AG,NA,16,71160423,A,G,0.2921,0.0448,0.0165,0.00675,8.300217884672e-4,63926,G,A,A,G,G,A,TRUE
