id.exposure,id.outcome,outcome,exposure,method,nsnp,b,se,pval
mO63ww,tEOLYq,npany,trig,Inverse variance weighted (fixed effects),163,0.3170618842532074,0.16075744424668945,0.048575385989646634
mO63ww,tEOLYq,npany,trig,Weighted median,163,0.2904557378063184,0.25456089412408517,0.25386704977149693
mO63ww,tEOLYq,npany,trig,Weighted mode,163,0.18263446603546285,0.30455828666153567,0.5495639955137274
mO63ww,tEOLYq,npany,trig,MR Egger,163,0.23634202479709865,0.282180176026054,0.4035210643862067
