id.exposure,id.outcome,outcome,exposure,method,nsnp,b,se,pval
mO63ww,tEOLYq,npany,trig,Inverse variance weighted (fixed effects),165,0.5040083509403445,0.15919579407985335,0.0015456926146953254
mO63ww,tEOLYq,npany,trig,Weighted median,165,0.30637374571104703,0.24870225866811221,0.21799029716215762
mO63ww,tEOLYq,npany,trig,Weighted mode,165,0.20056530395423522,0.26802578097568736,0.4553473766077133
mO63ww,tEOLYq,npany,trig,MR Egger,165,0.4102517400473039,0.35858261718530693,0.2542625485282809
