query_snp_rsid,rsID,ld.r2,Dprime,ref.proxy,alt.proxy,CHR,POS,Effect_allele.proxy,Non_Effect_allele.proxy,EAF,Beta,SE,P,r2,N,ref,alt,Effect_allele,Non_Effect_allele
rs1801272,rs117824460,0.92,0.96,A,G,19,41371480,A,G,0.9619,-0.3397,0.3799,0.3713,0.008458161821590206,4914,A,T,A,T
rs3025327,rs75596189,1,1,C,T,9,136468701,T,C,0.1083,0.003,0.1467,0.9839,1.7382799800000002e-6,4914,G,C,C,G
rs59586387,rs7247903,0.91,0.96,A,G,19,41372475,A,G,0.9399,-0.005,0.3643,0.989,2.824399500000002e-6,4914,C,G,C,G
rs60749569,rs71521595,0.81,1,T,C,8,42573091,T,C,0.897,0.0447,0.1539,0.7713,3.692110663799999e-4,4914,A,T,A,T
rs6089904,NA,NA,NA,NA,NA,NA,NA,NA,NA,NA,NA,NA,NA,NA,NA,NA,NA,NA,NA
