id.exposure,id.outcome,outcome,exposure,egger_intercept,se,pval
k3O0Sv,hEpx0o,aaos,dbp,0.003036342916396809,0.0014012930296235244,0.03039751631267556
