id.exposure,id.outcome,outcome,exposure,method,nsnp,b,se,pval
zBFCbT,QZRwFg,aaos,dbp,Inverse variance weighted (fixed effects),3149,0.006849138832802629,0.002492228563974008,0.005992371618959035
zBFCbT,QZRwFg,aaos,dbp,Weighted median,3149,0.004925099334978798,0.004093491643420902,0.22891687465965357
zBFCbT,QZRwFg,aaos,dbp,Weighted mode,3149,-0.002210667602745131,0.010803913673128641,0.8378843689124045
zBFCbT,QZRwFg,aaos,dbp,MR Egger,3149,-7.226734415231971e-4,0.006695390879949542,0.9140533725666729
