id.exposure,id.outcome,outcome,exposure,method,nsnp,b,se,pval
k3O0Sv,hEpx0o,aaos,dbp,Inverse variance weighted (fixed effects),1587,0.0069260525873339205,0.0029324129882670118,0.018181774108986973
k3O0Sv,hEpx0o,aaos,dbp,Weighted median,1587,0.005355894467451802,0.004938230955728322,0.2781087993976283
k3O0Sv,hEpx0o,aaos,dbp,Weighted mode,1587,0.0011101630824421616,0.01106118575502462,0.9200667255569253
k3O0Sv,hEpx0o,aaos,dbp,MR Egger,1587,-0.01001809349756276,0.008425580530417476,0.2346141121128754
