id.exposure,id.outcome,outcome,exposure,method,nsnp,b,se,pval
EpUirv,0mkdEm,aaos,dbp,Inverse variance weighted (fixed effects),1603,0.006149031174665353,0.0029041014876803875,0.03422922308415315
EpUirv,0mkdEm,aaos,dbp,Weighted median,1603,0.00448118442439263,0.004893128001808808,0.3597656067908709
EpUirv,0mkdEm,aaos,dbp,Weighted mode,1603,0.0010291735508705102,0.011645970130606087,0.9295923415814891
EpUirv,0mkdEm,aaos,dbp,MR Egger,1603,-0.009832516517362534,0.008345394192565187,0.2388932587093038
