exposure,outcome,method,nsnp,b,se,pval,Signif
LOAD,sociso,IVW,40,-0.00481741808687681,0.0014219798654127465,7.044935172895629e-4,***
LOAD,sociso,Weighted median,40,-0.0018492433723276557,0.0021971430460661634,0.3999793246099277, 
LOAD,sociso,MR Egger,40,-0.002322711049388349,0.0025494069043920627,0.36799727718884934, 
AAOS,sociso,IVW,20,-0.0036263114558030586,0.0027660228906188165,0.18985099133119623, 
AAOS,sociso,Weighted median,20,0.0013184638168207987,0.0038425282196229036,0.7315051444378728, 
AAOS,sociso,MR Egger,20,5.983108269392193e-4,0.004384841946434049,0.8929802381533726, 
HV,sociso,IVW,9,-0.018441857752487828,0.010615738704858211,0.08234860929652048,.
HV,sociso,Weighted median,9,-0.029391937829421125,0.015808885239467038,0.06299827147592911,.
HV,sociso,MR Egger,9,0.021536042672126398,0.03513420338853121,0.559279701471546, 
