id.exposure,id.outcome,outcome,exposure,method,nsnp,b,se,pval
iMq7xY,t2ur4Z,alcd,hipv,Inverse variance weighted (fixed effects),9,-0.09307764228891105,0.1273095363421103,0.4647102052168435
iMq7xY,t2ur4Z,alcd,hipv,Weighted median,9,-0.08725203668128188,0.1630510705173928,0.5925662540386278
iMq7xY,t2ur4Z,alcd,hipv,Weighted mode,9,-0.08892658370845541,0.24938907965950047,0.7306298019095723
iMq7xY,t2ur4Z,alcd,hipv,MR Egger,9,-0.3544642114311752,0.36440875444051596,0.3631022137161911
