id.exposure,id.outcome,outcome,exposure,method,nsnp,b,se,pval
iMq7xY,t2ur4Z,alcd,hipv,Inverse variance weighted (fixed effects),9,-0.09307764228891105,0.1273095363421103,0.4647102052168435
iMq7xY,t2ur4Z,alcd,hipv,Weighted median,9,-0.08725203668128188,0.17224319326841198,0.612461442555978
iMq7xY,t2ur4Z,alcd,hipv,Weighted mode,9,-0.08892658370845541,0.2341255438004001,0.7139606584013583
iMq7xY,t2ur4Z,alcd,hipv,MR Egger,9,-0.3544642114311752,0.36440875444051596,0.3631022137161911
