id.exposure,id.outcome,outcome,exposure,method,nsnp,b,se,pval
95KApr,K3QUTA,alcd,hipv,Inverse variance weighted (fixed effects),28,-0.03656741869882886,0.09061479877243336,0.686545147998729
95KApr,K3QUTA,alcd,hipv,Weighted median,28,-0.0291921818496651,0.13793191773596428,0.8323863689689278
95KApr,K3QUTA,alcd,hipv,Weighted mode,28,-0.02295590182539531,0.20974075366343387,0.9136558448077792
95KApr,K3QUTA,alcd,hipv,MR Egger,28,-0.44337632647289776,0.2682566743246032,0.11039688080019619
