id.exposure,id.outcome,outcome,exposure,method,nsnp,b,se,pval
95KApr,K3QUTA,alcd,hipv,Inverse variance weighted (fixed effects),28,-0.03656741869882886,0.09061479877243336,0.686545147998729
95KApr,K3QUTA,alcd,hipv,Weighted median,28,-0.0291921818496651,0.13404108502319664,0.8275963756898144
95KApr,K3QUTA,alcd,hipv,Weighted mode,28,-0.02295590182539531,0.20603405591102544,0.9121090465758207
95KApr,K3QUTA,alcd,hipv,MR Egger,28,-0.44337632647289776,0.2682566743246032,0.11039688080019619
