id.exposure,id.outcome,outcome,exposure,method,nsnp,b,se,pval
hPFf9c,2tKbBe,alcd,hipv,Inverse variance weighted (fixed effects),28,-0.03656741869882886,0.09061479877243336,0.686545147998729
hPFf9c,2tKbBe,alcd,hipv,Weighted median,28,-0.0291921818496651,0.12941138963676968,0.8215307388195576
hPFf9c,2tKbBe,alcd,hipv,Weighted mode,28,-0.02295590182539531,0.2069854696740534,0.9125113211828433
hPFf9c,2tKbBe,alcd,hipv,MR Egger,28,-0.44337632647289776,0.2682566743246032,0.11039688080019619
