target_snp,proxy_snp,ld.r2,Dprime,PHASE,X12,CHR,POS,Effect_allele.proxy,Non_Effect_allele.proxy,EAF,Beta,SE,P,r2,N,ref,ref.proxy,alt,alt.proxy,Effect_allele,Non_Effect_allele,proxy.outcome
rs62508246,rs112674473,0.917795,1,CT/GC,NA,8,41760759,T,C,0.2636,0.1103,0.0814,0.1754,0.004723242093987199,4914,C,T,G,C,C,G,TRUE
rs113025666,rs7847035,0.99189,1,CG/GA,NA,9,128510156,A,G,0.5944,-0.0546,0.0781,0.4844,0.0014374476200448001,4914,C,G,G,A,G,C,TRUE
rs10823730,rs10823729,0.995966,1,TG/CA,NA,10,73147108,A,G,0.5908,-0.1558,0.0739,0.03495,0.0117365651534208,4914,T,G,C,A,C,T,TRUE
rs62055696,rs541886938,1,1,GT/AG,NA,17,43693538,T,G,0.2065,-0.0036,0.0895,0.9677,4.24719288e-6,4914,G,T,A,G,G,A,TRUE
rs111825734,rs77926909,0.962391,0.989021,GC/TT,NA,17,43994252,T,C,0.7895,-0.0642,0.0879,0.4652,0.00136994864238,4914,G,C,T,T,T,G,TRUE
rs13002630,NA,NA,NA,NA,NA,NA,NA,NA,NA,NA,NA,NA,NA,NA,NA,NA,NA,NA,NA,NA,NA,NA
rs55938136,NA,NA,NA,NA,NA,NA,NA,NA,NA,NA,NA,NA,NA,NA,NA,NA,NA,NA,NA,NA,NA,NA
