id.exposure,id.outcome,outcome,exposure,method,nsnp,b,se,pval
fbFVqE,H43D9s,pp,aaos,Inverse variance weighted (fixed effects),49,0.2242212920173503,0.02399945530874329,9.384981681965146e-21
fbFVqE,H43D9s,pp,aaos,Weighted median,49,0.27392421604589046,0.04291576523363521,1.7384004156027112e-10
fbFVqE,H43D9s,pp,aaos,Weighted mode,49,0.24271260687061025,0.046940239202790265,4.497088381546602e-6
fbFVqE,H43D9s,pp,aaos,MR Egger,49,0.2470211136130576,0.07084999873511792,0.0010718266700673778
