id.exposure,id.outcome,outcome,exposure,method,nsnp,b,se,pval
weSpyW,1fQr63,pp,aaos,Inverse variance weighted (fixed effects),18,0.3202685081338147,0.031681529552662374,5.03972341466193e-24
weSpyW,1fQr63,pp,aaos,Weighted median,18,0.2868609226731587,0.0482200611741101,2.697932016938522e-9
weSpyW,1fQr63,pp,aaos,Weighted mode,18,0.27309054505544295,0.04883357251547862,3.237237251586123e-5
weSpyW,1fQr63,pp,aaos,MR Egger,18,0.4214473541605703,0.09967601938268325,6.396976854618887e-4
