id.exposure,id.outcome,outcome,exposure,method,nsnp,b,se,pval
weSpyW,1fQr63,pp,aaos,Inverse variance weighted (fixed effects),17,0.30189951888117733,0.032129931783331823,5.656501499882705e-21
weSpyW,1fQr63,pp,aaos,Weighted median,17,0.286322574659207,0.04865351356541288,3.982198730631439e-9
weSpyW,1fQr63,pp,aaos,Weighted mode,17,0.27331997225199,0.04357921352463255,1.1137210691266105e-5
weSpyW,1fQr63,pp,aaos,MR Egger,17,0.39766470773343987,0.09383076179154555,7.156885758456006e-4
