id.exposure,id.outcome,outcome,exposure,method,nsnp,b,se,pval
fbFVqE,H43D9s,pp,aaos,Inverse variance weighted (fixed effects),47,0.20656839079427936,0.024688733205421753,5.914920510499829e-17
fbFVqE,H43D9s,pp,aaos,Weighted median,47,0.26712778309588187,0.04264102135095745,3.738488439831615e-10
fbFVqE,H43D9s,pp,aaos,Weighted mode,47,0.24780809599763132,0.04725709356629808,3.861667360923111e-6
fbFVqE,H43D9s,pp,aaos,MR Egger,47,0.18406084490879013,0.05323294864880223,0.0012019205750252871
