id.exposure,id.outcome,outcome,exposure,method,nsnp,b,se,pval
weSpyW,1fQr63,pp,aaos,Inverse variance weighted (fixed effects),16,0.25397540934748125,0.0337038631453518,4.864728757961745e-14
weSpyW,1fQr63,pp,aaos,Weighted median,16,0.28468805207675446,0.04898166480292192,6.168103757335402e-9
weSpyW,1fQr63,pp,aaos,Weighted mode,16,0.27388710480230505,0.050980817931375495,7.763647120170236e-5
weSpyW,1fQr63,pp,aaos,MR Egger,16,0.31889556913902506,0.08049725996236752,0.001419136989468837
