id.exposure,id.outcome,outcome,exposure,method,nsnp,b,se,pval
M8DAYY,8SrsWQ,hips,dbp,Inverse variance weighted (fixed effects),1543,-0.056301349144468986,0.017370468689865068,0.001190231715840482
M8DAYY,8SrsWQ,hips,dbp,Weighted median,1543,-0.0788390029100699,0.02765687837033843,0.00436353110127383
M8DAYY,8SrsWQ,hips,dbp,Weighted mode,1543,-0.1403108064806613,0.08330404173529513,0.09232188577275545
M8DAYY,8SrsWQ,hips,dbp,MR Egger,1543,-0.0390963579347695,0.046834331742439235,0.40397104856451116
