SNP,rsID,ld.r2,Dprime,ref.proxy,alt.proxy,CHR,POS,Effect_allele.proxy,Non_Effect_allele.proxy,EAF,Beta,SE,P,r2,N,ref,alt,Effect_allele,Non_Effect_allele
rs429358,rs769449,0.82,1,G,A,19,45410002,A,G,0.1201,0.1589,0.0072,6.77e-103,0.005336470526935801,93260.18,T,C,C,T
rs11979341,NA,NA,NA,NA,NA,NA,NA,NA,NA,NA,NA,NA,NA,NA,NA,NA,NA,NA,NA
rs7976802,rs11175762,1,1,C,T,12,65824224,C,T,0.6372,0.0058,0.0055,0.1652,1.5553532044799996e-5,86726,T,A,T,A
rs11245365,rs10901823,0.97,0.98,G,A,10,126488660,G,A,0.4591,0.0121,0.0051,0.03108,7.271516777579999e-5,94553,G,A,G,A
rs61921502,NA,NA,NA,NA,NA,NA,NA,NA,NA,NA,NA,NA,NA,NA,NA,NA,NA,NA,NA
rs77956314,rs7294919,0.84,0.96,T,C,12,117327592,C,T,0.08179,0.0083,0.0092,0.4656,1.0347332547102e-5,94560,T,C,C,T
rs2641539,rs2620719,0.98,-1,A,G,12,65143382,A,G,0.6108,0.0042,0.0052,0.2848,8.386880140799998e-6,93845,G,A,G,A
rs10908512,rs10494303,0.89,-0.97,G,A,1,153893023,A,G,0.4472,0.0016,0.0051,0.5311,1.2657262592e-6,94580,C,T,T,C
rs11993215,NA,NA,NA,NA,NA,NA,NA,NA,NA,NA,NA,NA,NA,NA,NA,NA,NA,NA,NA
rs138012093,NA,NA,NA,NA,NA,NA,NA,NA,NA,NA,NA,NA,NA,NA,NA,NA,NA,NA,NA
rs113835443,NA,NA,NA,NA,NA,NA,NA,NA,NA,NA,NA,NA,NA,NA,NA,NA,NA,NA,NA
rs17172044,rs1029618,0.93,0.98,G,A,7,42390706,G,A,0.93931,5e-4,0.01,0.9958,2.850336195000001e-8,94595,A,C,A,C
rs117753030,NA,NA,NA,NA,NA,NA,NA,NA,NA,NA,NA,NA,NA,NA,NA,NA,NA,NA,NA
rs659065,rs590003,0.95,1,C,A,12,4008442,A,C,0.1227,0.0052,0.0075,0.4135,5.8214259168e-6,94595,C,G,G,C
rs79522035,rs461075,0.8,-0.97,C,T,12,73060382,C,T,0.05541,0.0082,0.0169,0.3861,7.038647145912002e-6,69433,C,T,C,T
rs6060504,rs761827,0.96,0.98,C,T,20,34207897,C,T,0.847,0.0296,0.0072,8.517e-5,2.2708490112000003e-4,93067,T,C,T,C
rs148054686,NA,NA,NA,NA,NA,NA,NA,NA,NA,NA,NA,NA,NA,NA,NA,NA,NA,NA,NA
rs6552737,rs1970892,0.83,0.96,T,A,4,184955853,T,A,1,0.0052,0.0052,0.2623,0,94478,T,A,T,A
rs59966106,rs11903461,1,1,A,G,2,96999580,A,G,0.6807,0.0055,0.0054,0.3249,1.3149524355e-5,94595,A,G,A,G
rs62583528,NA,NA,NA,NA,NA,NA,NA,NA,NA,NA,NA,NA,NA,NA,NA,NA,NA,NA,NA
