exposure,outcome,method,nsnp,b,se,pval,Signif
LOAD,diab,IVW,14,-0.021758423924903562,0.012727136537655307,0.08733824743171864,.
LOAD,diab,Weighted median,14,-0.024396330977754985,0.019982773359260412,0.22213595608556833, 
LOAD,diab,MR Egger,14,-0.10431680502576059,0.03246564986511427,0.007448630743173419,**
AAOS,diab,IVW,8,-0.10524647244068447,0.028871811319860444,2.670779468238145e-4,***
AAOS,diab,Weighted median,8,-0.1339784086161282,0.037281710088110896,3.260445010483702e-4,***
AAOS,diab,MR Egger,8,-0.15393245927651114,0.10526135875280587,0.1939555637128891, 
HV,diab,IVW,4,-0.02306107285168043,0.05903805051456816,0.696082778724523, 
HV,diab,Weighted median,4,0.03865726546547282,0.0758593810667665,0.6103379601510293, 
HV,diab,MR Egger,4,0.2649851134936312,0.14086735644432521,0.20069217256323418, 
