target_snp,proxy_snp,ld.r2,Dprime,PHASE,X12,CHR,POS,Effect_allele.proxy,Non_Effect_allele.proxy,EAF,Beta,SE,P,r2,N,ref,ref.proxy,alt,alt.proxy,Effect_allele,Non_Effect_allele,proxy.outcome
rs61798958,rs7543328,0.940119,1,TA/GG,NA,1,89533220,A,G,0.2511,-0.0098,0.0204,0.6288,3.6120411583199996e-5,63926,T,A,G,G,T,G,TRUE
rs113098876,rs60081663,0.841716,0.979764,CC/TG,NA,5,32755085,C,G,0.0506,0.0553,0.0326,0.08995,2.9381908537520003e-4,63926,C,C,T,G,C,T,TRUE
rs78778122,rs67756727,0.990396,1,CA/GG,NA,8,76581240,A,G,0.275,0.0043,0.0164,0.7932,7.3728875e-6,63926,C,A,G,G,C,G,TRUE
rs12572586,rs7097287,1,1,CC/TT,NA,10,74747382,T,C,0.9378,0.008,0.031,0.7959,7.466388480000003e-6,63926,C,C,T,T,T,C,TRUE
rs145878042,rs111264094,0.874124,1,GG/AC,NA,12,48202696,C,G,0.9866,-0.0533,0.067,0.4266,7.511563158319982e-5,63926,G,G,A,C,A,G,TRUE
rs561504284,rs62074562,0.968315,1,GG/AA,NA,17,44334768,A,G,0.7742,0.0462,0.0194,0.01698,7.462615251167999e-4,63926,G,G,A,A,A,G,TRUE
rs3058639,rs6035355,0.990194,1,CA/TT,NA,20,19465089,A,T,0.2814,-0.0124,0.0158,0.4342,6.218486158079999e-5,63926,C,A,T,T,C,T,TRUE
rs111346133,NA,NA,NA,NA,NA,NA,NA,NA,NA,NA,NA,NA,NA,NA,NA,NA,NA,NA,NA,NA,NA,NA
rs142076278,NA,NA,NA,NA,NA,NA,NA,NA,NA,NA,NA,NA,NA,NA,NA,NA,NA,NA,NA,NA,NA,NA
