query_snp_rsid,rsID,ld.r2,Dprime,ref.proxy,alt.proxy,CHR,POS,Effect_allele.proxy,Non_Effect_allele.proxy,EAF,Beta,SE,P,r2,N,ref,alt,Effect_allele,Non_Effect_allele
rs11057418,NA,NA,NA,NA,NA,NA,NA,NA,NA,NA,NA,NA,NA,NA,NA,NA,NA,NA,NA
rs116974927,NA,NA,NA,NA,NA,NA,NA,NA,NA,NA,NA,NA,NA,NA,NA,NA,NA,NA,NA
rs117877390,NA,NA,NA,NA,NA,NA,NA,NA,NA,NA,NA,NA,NA,NA,NA,NA,NA,NA,NA
rs12302651,rs10846559,1,1,A,G,12,124274474,A,G,0.3436,-0.0379,0.0738,0.6079,6.479330648928001e-4,4914,G,C,G,C
rs13263584,rs13254048,0.91,1,C,T,8,18212931,T,C,0.074,0.1069,0.1625,0.5104,0.00156613109528,4914,A,T,T,A
rs13277396,NA,NA,NA,NA,NA,NA,NA,NA,NA,NA,NA,NA,NA,NA,NA,NA,NA,NA,NA
rs17625826,NA,NA,NA,NA,NA,NA,NA,NA,NA,NA,NA,NA,NA,NA,NA,NA,NA,NA,NA
rs2072915,rs9277934,1,1,C,T,6,33153528,T,C,0.302,-0.0669,0.0784,0.3936,0.0018868813711200002,4914,T,A,A,T
rs2180314,rs4715315,0.99,1,G,A,6,52625891,A,G,0.5738,-0.0349,0.0747,0.6406,5.957373632312e-4,4914,C,G,G,C
rs2353082,NA,NA,NA,NA,NA,NA,NA,NA,NA,NA,NA,NA,NA,NA,NA,NA,NA,NA,NA
rs3810444,rs73006914,0.9,1,C,T,19,19110422,T,C,0.0481,0.1308,0.2848,0.6462,0.0015666857268192,4914,T,A,A,T
rs4738684,rs10107182,0.98,1,C,T,8,59392737,T,C,0.6529,-0.1109,0.0765,0.1474,0.0055743517546157995,4914,A,G,G,A
rs6547456,rs55968391,1,1,A,G,2,27388883,A,G,0.9443,-0.0942,0.1656,0.5696,9.334627372727996e-4,4914,T,C,T,C
rs6547811,NA,NA,NA,NA,NA,NA,NA,NA,NA,NA,NA,NA,NA,NA,NA,NA,NA,NA,NA
rs7112577,rs117279127,0.93,1,C,T,11,117072074,T,C,0.0395,-0.3989,0.1844,0.0305,0.012074037854194999,4914,C,G,G,C
rs72959041,NA,NA,NA,NA,NA,NA,NA,NA,NA,NA,NA,NA,NA,NA,NA,NA,NA,NA,NA
rs7928525,rs1056136,0.98,0.99,T,G,11,117120998,T,G,0.8259,-0.1515,0.0993,0.1271,0.006600570872355001,4914,A,T,A,T
rs8179228,NA,NA,NA,NA,NA,NA,NA,NA,NA,NA,NA,NA,NA,NA,NA,NA,NA,NA,NA
rs947988,rs10892007,0.94,1,C,T,11,116527609,T,C,0.0891,-0.0551,0.1328,0.6783,4.928123689038001e-4,4914,G,C,C,G
