id.exposure,id.outcome,outcome,exposure,method,nsnp,b,se,pval
CvH14b,v0jbzo,sbp,load,Inverse variance weighted (fixed effects),37,0.08622479088034704,0.02236752620407453,1.1577241352495313e-4
CvH14b,v0jbzo,sbp,load,Weighted median,37,0.03669106162530618,0.047582751366633945,0.44064763512417504
CvH14b,v0jbzo,sbp,load,Weighted mode,37,-0.05806127190366206,0.041360124506701415,0.16894698845799125
CvH14b,v0jbzo,sbp,load,MR Egger,37,0.06668069479283781,0.06804415699174711,0.3338304313999664
