id.exposure,id.outcome,outcome,exposure,method,nsnp,b,se,pval
4m0e4d,HaObCd,sbp,load,Inverse variance weighted (fixed effects),78,0.108532739542525,0.020635688334303005,1.4447287781016375e-7
4m0e4d,HaObCd,sbp,load,Weighted median,78,0.04010028254583679,0.04780314185658751,0.40154624488227597
4m0e4d,HaObCd,sbp,load,Weighted mode,78,-0.027551260782633813,0.03519307103249324,0.43611024217736616
4m0e4d,HaObCd,sbp,load,MR Egger,78,0.0050154956020085194,0.06777248484465417,0.9412009282666939
