id.exposure,id.outcome,outcome,exposure,method,nsnp,b,se,pval
4m0e4d,HaObCd,sbp,load,Inverse variance weighted (fixed effects),76,0.11938133715480945,0.020745626034041533,8.688293364497341e-9
4m0e4d,HaObCd,sbp,load,Weighted median,76,0.04021177696359318,0.0469628738383765,0.39186167522800636
4m0e4d,HaObCd,sbp,load,Weighted mode,76,-0.04325741408871708,0.035727146060324816,0.22978462317865267
4m0e4d,HaObCd,sbp,load,MR Egger,76,0.004642323734400867,0.06589440707050351,0.9440247837945923
