id.exposure,id.outcome,outcome,exposure,egger_intercept,se,pval
4m0e4d,HaObCd,sbp,load,0.030985815710462713,0.015058775865951505,0.04305270603362474
