id.exposure,id.outcome,outcome,exposure,method,nsnp,b,se,pval
ibE0jM,9UMOHk,load,ldl,Inverse variance weighted (fixed effects),174,0.2239571505954679,0.031224460199231762,7.364541615728423e-13
ibE0jM,9UMOHk,load,ldl,Weighted median,174,0.2120579993886275,0.0607393802380966,4.8071763114510067e-4
ibE0jM,9UMOHk,load,ldl,Weighted mode,174,0.6463834667642128,0.06999508943371716,9.187611853282183e-17
ibE0jM,9UMOHk,load,ldl,MR Egger,174,0.4802113412986773,0.07039534831670713,1.470018254987914e-10
