id.exposure,id.outcome,outcome,exposure,egger_intercept,se,pval
ibE0jM,9UMOHk,load,ldl,-0.033332963024727304,0.010396796303466158,0.0015749727233115656
