id.exposure,id.outcome,outcome,exposure,method,nsnp,b,se,pval
KygfAY,Lm30bp,load,ldl,Inverse variance weighted (fixed effects),177,0.23849738659779263,0.031281996955127594,2.4572372125412376e-14
KygfAY,Lm30bp,load,ldl,Weighted median,177,0.23699417737837564,0.05947807050074932,6.760414110052802e-5
KygfAY,Lm30bp,load,ldl,Weighted mode,177,0.6361904467491732,0.06952995670995021,1.406126561631403e-16
KygfAY,Lm30bp,load,ldl,MR Egger,177,0.49448914972654034,0.07120442033198807,7.150671342596687e-11
