id.exposure,id.outcome,outcome,exposure,method,nsnp,b,se,pval
fGxXU6,2eulM6,load,ldl,Inverse variance weighted (fixed effects),202,0.5565397459041597,0.027103803524035665,1.0778979591520188e-93
fGxXU6,2eulM6,load,ldl,Weighted median,202,0.04627987424629889,0.055116437359168616,0.40109084136585577
fGxXU6,2eulM6,load,ldl,Weighted mode,202,0.024138747359867097,0.0669956933051105,0.718998906468111
fGxXU6,2eulM6,load,ldl,MR Egger,202,1.1526990394287746,0.20494381510225032,6.211374287961238e-8
