id.exposure,id.outcome,outcome,exposure,method,nsnp,b,se,pval
fGxXU6,2eulM6,load,ldl,Inverse variance weighted (fixed effects),201,0.5749426463195758,0.02758991541960466,1.923271021310416e-96
fGxXU6,2eulM6,load,ldl,Weighted median,201,0.045780915253713694,0.0565738609084993,0.4183864218660801
fGxXU6,2eulM6,load,ldl,Weighted mode,201,0.024328305894826485,0.06972114118150877,0.7275034673299102
fGxXU6,2eulM6,load,ldl,MR Egger,201,1.210168911424179,0.209251218701636,2.8027838180740058e-8
