id.exposure,id.outcome,outcome,exposure,method,nsnp,b,se,pval
o5XHZb,gJ0FkI,load,ldl,Inverse variance weighted (fixed effects),275,0.19796725290870174,0.02862507660457427,4.6500705360630965e-12
o5XHZb,gJ0FkI,load,ldl,Weighted median,275,0.1461728195879607,0.05618876876944704,0.009282796110712527
o5XHZb,gJ0FkI,load,ldl,Weighted mode,275,0.0022052657230786643,0.08600408148679628,0.9795620227311518
o5XHZb,gJ0FkI,load,ldl,MR Egger,275,0.4076543137869324,0.061920439921314845,2.345866415231123e-10
