id.exposure,id.outcome,outcome,exposure,method,nsnp,b,se,pval
HqBlha,I7KaYB,load,ldl,Inverse variance weighted (fixed effects),291,0.5319804510029132,0.025303967912235468,3.9900927216421016e-98
HqBlha,I7KaYB,load,ldl,Weighted median,291,0.05453862608516986,0.05206563645510136,0.29487016634668023
HqBlha,I7KaYB,load,ldl,Weighted mode,291,0.022985964440737305,0.0978963736096121,0.8145304909518577
HqBlha,I7KaYB,load,ldl,MR Egger,291,0.9641939936077101,0.1447692107136739,1.3768235232945551e-10
