id.exposure,id.outcome,outcome,exposure,method,nsnp,b,se,pval
o5XHZb,gJ0FkI,load,ldl,Inverse variance weighted (fixed effects),295,0.5075656038209785,0.02509943039292669,6.24407373030287e-91
o5XHZb,gJ0FkI,load,ldl,Weighted median,295,0.051245953729012354,0.05255747612865582,0.3295374723867403
o5XHZb,gJ0FkI,load,ldl,Weighted mode,295,0.025888923927617213,0.09566094406137907,0.7868638837617447
o5XHZb,gJ0FkI,load,ldl,MR Egger,295,0.9516391622701651,0.1444659180558347,2.0728132017301438e-10
