id.exposure,id.outcome,outcome,exposure,method,nsnp,b,se,pval
ibE0jM,9UMOHk,load,ldl,Inverse variance weighted (fixed effects),195,0.5527688890645448,0.02635087283779362,1.0583618299722782e-97
ibE0jM,9UMOHk,load,ldl,Weighted median,195,0.05166400914110686,0.05577300453656769,0.3542763556670637
ibE0jM,9UMOHk,load,ldl,Weighted mode,195,0.022457055587915775,0.10415754854660901,0.8295209161213615
ibE0jM,9UMOHk,load,ldl,MR Egger,195,1.0315206802425696,0.18741609027796519,1.1722134080099492e-7
