id.exposure,id.outcome,outcome,exposure,method,nsnp,b,se,pval
5QZUU0,l3aBpF,load,ldl,Inverse variance weighted (fixed effects),283,0.19819007556053522,0.02832992611607659,2.6377755805841472e-12
5QZUU0,l3aBpF,load,ldl,Weighted median,283,0.14038579270722648,0.052390528382794045,0.007370962452569337
5QZUU0,l3aBpF,load,ldl,Weighted mode,283,0.005491993212071389,0.0923475961800455,0.9526191771319239
5QZUU0,l3aBpF,load,ldl,MR Egger,283,0.409685316399346,0.062202995408896296,2.2131504227299334e-10
