id.exposure,id.outcome,outcome,exposure,method,nsnp,b,se,pval
KygfAY,Lm30bp,load,ldl,Inverse variance weighted (fixed effects),197,0.5704955204281386,0.026432855435680334,2.6049508912288543e-103
KygfAY,Lm30bp,load,ldl,Weighted median,197,0.05510590286102001,0.05523339079664798,0.3184288150773233
KygfAY,Lm30bp,load,ldl,Weighted mode,197,0.022413217551578768,0.10745939705026394,0.8349975376856532
KygfAY,Lm30bp,load,ldl,MR Egger,197,1.0495985116149922,0.18682631775629688,6.595291971834377e-8
