id.exposure,id.outcome,outcome,exposure,method,nsnp,b,se,pval
FL2cPQ,kZoemy,load,ldl,Inverse variance weighted (fixed effects),191,0.5916782603096901,0.02705907405019452,5.455120811077654e-106
FL2cPQ,kZoemy,load,ldl,Weighted median,191,0.08109838708125644,0.05732693433564217,0.1571668457658542
FL2cPQ,kZoemy,load,ldl,Weighted mode,191,0.02291783282327664,0.15322264231032354,0.8812608676415217
FL2cPQ,kZoemy,load,ldl,MR Egger,191,1.079923148069479,0.19267653143544322,7.293133423202353e-8
