id.exposure,id.outcome,outcome,exposure,method,nsnp,b,se,pval
FL2cPQ,kZoemy,load,ldl,Inverse variance weighted (fixed effects),195,0.5527688890645447,0.02635087283779362,1.0583618299723573e-97
FL2cPQ,kZoemy,load,ldl,Weighted median,195,0.05166400914110686,0.05574940711680156,0.35407268913962536
FL2cPQ,kZoemy,load,ldl,Weighted mode,195,0.022457055587915775,0.10073173770505871,0.8238173628200386
FL2cPQ,kZoemy,load,ldl,MR Egger,195,1.0315206802425692,0.1874160902779652,1.1722134080099712e-7
