id.exposure,id.outcome,outcome,exposure,method,nsnp,b,se,pval
HhVZDk,IZJUV9,load,ldl,Inverse variance weighted (fixed effects),197,0.5611361501383534,0.027307395663012303,7.877399592430984e-94
HhVZDk,IZJUV9,load,ldl,Weighted median,197,0.04659646367948731,0.05506345023176575,0.3974232317961909
HhVZDk,IZJUV9,load,ldl,Weighted mode,197,0.0244485666205847,0.07166644088838488,0.7333607039046051
HhVZDk,IZJUV9,load,ldl,MR Egger,197,1.1522393179925052,0.20736951172892426,8.951995027767462e-8
