id.exposure,id.outcome,outcome,exposure,method,nsnp,b,se,pval
MyrMER,EKj9b8,load,ldl,Inverse variance weighted (fixed effects),297,0.5120945026204968,0.025921842694638316,7.218533967093049e-87
MyrMER,EKj9b8,load,ldl,Weighted median,297,0.046334849825192946,0.05201734149022349,0.37305914827105663
MyrMER,EKj9b8,load,ldl,Weighted mode,297,0.0242630896663929,0.06693071940420438,0.7172292621719845
MyrMER,EKj9b8,load,ldl,MR Egger,297,1.0393805806425764,0.15776717376239305,2.0439285844139695e-10
