id.exposure,id.outcome,outcome,exposure,method,nsnp,b,se,pval
HqBlha,I7KaYB,load,ldl,Inverse variance weighted (fixed effects),295,0.5075656038209787,0.025099430392926697,6.244073730302422e-91
HqBlha,I7KaYB,load,ldl,Weighted median,295,0.051245953729012354,0.052849705871080795,0.3322187504309736
HqBlha,I7KaYB,load,ldl,Weighted mode,295,0.025888923927617213,0.1024042664843354,0.8005909448320915
HqBlha,I7KaYB,load,ldl,MR Egger,295,0.9516391622701654,0.14446591805583467,2.0728132017301056e-10
