id.exposure,id.outcome,outcome,exposure,method,nsnp,b,se,pval
DnG5wc,YaQCmz,load,ldl,Inverse variance weighted (fixed effects),301,0.5311390465792524,0.025885786256473534,1.4700381567895347e-93
DnG5wc,YaQCmz,load,ldl,Weighted median,301,0.04662869762934868,0.050547707218054926,0.356283944565514
DnG5wc,YaQCmz,load,ldl,Weighted mode,301,0.02167081210189359,0.06715909502787126,0.7471633257951943
DnG5wc,YaQCmz,load,ldl,MR Egger,301,1.0553492154211332,0.1559790160039749,6.979666146168981e-11
