id.exposure,id.outcome,outcome,exposure,method,nsnp,b,se,pval
HhVZDk,IZJUV9,load,ldl,Inverse variance weighted (fixed effects),191,0.5880875774412188,0.027851454707431084,5.772944728425658e-99
HhVZDk,IZJUV9,load,ldl,Weighted median,191,0.04780493273760818,0.05489378672824648,0.38382931009567756
HhVZDk,IZJUV9,load,ldl,Weighted mode,191,0.023117544765916875,0.06932541058660127,0.7391515964757893
HhVZDk,IZJUV9,load,ldl,MR Egger,191,1.1524216365783404,0.2114656878712775,1.560822025564186e-7
