id.exposure,id.outcome,outcome,exposure,method,nsnp,b,se,pval
MyrMER,EKj9b8,load,ldl,Inverse variance weighted (fixed effects),294,0.5417533426776657,0.026469519829490064,4.233751427777948e-93
MyrMER,EKj9b8,load,ldl,Weighted median,294,0.047128284558189334,0.05477528834367397,0.38957234363340904
MyrMER,EKj9b8,load,ldl,Weighted mode,294,0.024620265297686572,0.07257357106792452,0.7346677328541433
MyrMER,EKj9b8,load,ldl,MR Egger,294,1.1041908494958315,0.16120966931834235,4.388013830955746e-11
