id.exposure,id.outcome,outcome,exposure,method,nsnp,b,se,pval
5QZUU0,l3aBpF,load,ldl,Inverse variance weighted (fixed effects),300,0.5224017268601604,0.025055291206426338,1.5256179144956511e-96
5QZUU0,l3aBpF,load,ldl,Weighted median,300,0.051654416274079754,0.05131698195794479,0.314138817598451
5QZUU0,l3aBpF,load,ldl,Weighted mode,300,0.022873629333115986,0.09551884701700789,0.8109074094541024
5QZUU0,l3aBpF,load,ldl,MR Egger,300,0.9700224083168838,0.14263050329888374,5.687568647134046e-11
