id.exposure,id.outcome,outcome,exposure,method,nsnp,b,se,pval
DnG5wc,YaQCmz,load,ldl,Inverse variance weighted (fixed effects),306,0.5038015389523409,0.025689761382250525,1.2459412707477729e-85
DnG5wc,YaQCmz,load,ldl,Weighted median,306,0.045868522037862354,0.05195289294955622,0.3772974504554257
DnG5wc,YaQCmz,load,ldl,Weighted mode,306,0.02410699896855384,0.06440987402358456,0.7084598753756386
DnG5wc,YaQCmz,load,ldl,MR Egger,306,1.0428953623479755,0.1554244336351175,9.518065494585441e-11
