id.exposure,id.outcome,outcome,exposure,method,nsnp,b,se,pval
xkIckG,cVKmfa,nft4,cpd,Inverse variance weighted (fixed effects),47,0.24616528547705083,0.2678728486670863,0.3581148301198771
xkIckG,cVKmfa,nft4,cpd,Weighted median,47,0.06750829151217919,0.44374517455384827,0.8790820246808871
xkIckG,cVKmfa,nft4,cpd,Weighted mode,47,0.10310576651621606,0.47973231520185333,0.8307769562915196
xkIckG,cVKmfa,nft4,cpd,MR Egger,47,-0.8504202573461072,0.5174188842524476,0.10723246988254279
