id.exposure,id.outcome,outcome,exposure,method,nsnp,b,se,pval
Pbm7dd,Ep3zxo,nft4,cpd,Inverse variance weighted (fixed effects),21,-0.25211947894583137,0.33188875953273417,0.447463494124743
Pbm7dd,Ep3zxo,nft4,cpd,Weighted median,21,-0.07490724212825375,0.46718878699431804,0.8726162993262024
Pbm7dd,Ep3zxo,nft4,cpd,Weighted mode,21,0.04423285217307793,0.5025391685721066,0.9307371681388452
Pbm7dd,Ep3zxo,nft4,cpd,MR Egger,21,-1.294743456909291,0.7780774022299716,0.11251266108956304
