id.exposure,id.outcome,outcome,exposure,method,nsnp,b,se,pval
pwZPzh,oZxEWA,ab42,cpd,Inverse variance weighted (fixed effects),8,0.04592546746133368,0.03902659904979003,0.2392859233336239
pwZPzh,oZxEWA,ab42,cpd,Weighted median,8,0.024828554890187704,0.044974943826690116,0.5809120078841989
pwZPzh,oZxEWA,ab42,cpd,Weighted mode,8,0.020820356472541407,0.045443181052211144,0.6607196614974754
pwZPzh,oZxEWA,ab42,cpd,MR Egger,8,0.031084459653532983,0.0841997283943492,0.7246749392319756
