id.exposure,id.outcome,outcome,exposure,method,nsnp,b,se,pval
G3JUik,91hDSj,ab42,cpd,Inverse variance weighted (fixed effects),28,0.011077530142282136,0.02932085268499791,0.7055763359376805
G3JUik,91hDSj,ab42,cpd,Weighted median,28,0.01957054681081021,0.044144589475734394,0.6575282724881248
G3JUik,91hDSj,ab42,cpd,Weighted mode,28,0.02244497392859024,0.04471569156524883,0.6197726630308882
G3JUik,91hDSj,ab42,cpd,MR Egger,28,0.034932877880087164,0.05978698478200994,0.5640617232907661
