id.exposure,id.outcome,outcome,exposure,method,nsnp,b,se,pval
pwZPzh,oZxEWA,ab42,cpd,Inverse variance weighted (fixed effects),8,0.04592546746133368,0.03902659904979003,0.2392859233336239
pwZPzh,oZxEWA,ab42,cpd,Weighted median,8,0.024828554890187704,0.04628910990826163,0.5916959193434965
pwZPzh,oZxEWA,ab42,cpd,Weighted mode,8,0.020820356472541407,0.04809300473986185,0.6780996265191497
pwZPzh,oZxEWA,ab42,cpd,MR Egger,8,0.031084459653532983,0.0841997283943492,0.7246749392319756
