query_snp_rsid,rsID,ld.r2,Dprime,ref.proxy,alt.proxy,CHR,POS,Effect_allele.proxy,Non_Effect_allele.proxy,EAF,Beta,SE,P,r2,N,ref,alt,Effect_allele,Non_Effect_allele
rs10002787,NA,NA,NA,NA,NA,NA,NA,NA,NA,NA,NA,NA,NA,NA,NA,NA,NA,NA,NA
rs10175979,NA,NA,NA,NA,NA,NA,NA,NA,NA,NA,NA,NA,NA,NA,NA,NA,NA,NA,NA
rs11215655,NA,NA,NA,NA,NA,NA,NA,NA,NA,NA,NA,NA,NA,NA,NA,NA,NA,NA,NA
rs143502921,NA,NA,NA,NA,NA,NA,NA,NA,NA,NA,NA,NA,NA,NA,NA,NA,NA,NA,NA
rs28986310,NA,NA,NA,NA,NA,NA,NA,NA,NA,NA,NA,NA,NA,NA,NA,NA,NA,NA,NA
rs3791021,rs16846433,0.92,1,G,A,1,173820593,A,G,0.08483,-0.00167,0.00298,0.5751,4.3302620622158e-7,111732,C,T,T,C
rs4589057,rs12122377,0.98,0.99,C,T,1,73426984,C,T,0.4866,0.003764,0.002976,0.2059,7.078760097012481e-6,112148,G,T,G,T
rs4971040,rs2274533,0.84,0.98,T,C,1,151395782,T,C,0.1731,0.001053,0.00298,0.7237,3.174218349190199e-7,111796,A,C,A,C
rs6699744,rs6661921,0.98,1,G,A,1,72824855,G,A,0.4104,0.005676,0.003013,0.05957,1.5591201923911677e-5,109238,A,T,A,T
rs68006638,rs13213957,0.9,0.96,T,C,6,25786226,C,T,0.09758,0.002948,0.002979,0.3224,1.5305745216341888e-6,111756,G,A,A,G
rs9843540,rs7612339,0.89,0.99,C,T,3,81270797,T,C,0.4884,-0.002134,0.003017,0.4795,2.2757524393612806e-6,108893,T,C,C,T
