id.exposure,id.outcome,outcome,exposure,method,nsnp,b,se,pval
dBZ12T,9w1qdF,npany,alcd,Inverse variance weighted (fixed effects),18,0.06387488486511705,0.1340649475345036,0.6337557299765426
dBZ12T,9w1qdF,npany,alcd,Weighted median,18,0.001964127948913854,0.20010987348049808,0.9921686912491487
dBZ12T,9w1qdF,npany,alcd,Weighted mode,18,-0.007440277372622539,0.23458515818441633,0.9750673436446403
dBZ12T,9w1qdF,npany,alcd,MR Egger,18,0.15766304828166888,0.29427246163702536,0.5994853569694752
