id.exposure,id.outcome,outcome,exposure,method,nsnp,b,se,pval
412JRH,Rsylut,trig,ab42,Inverse variance weighted (fixed effects),4,-0.5052147081732048,0.047978939930142815,6.288360141174381e-26
412JRH,Rsylut,trig,ab42,Weighted median,4,-0.4280468453364207,0.061893654027675556,4.650865377482224e-12
412JRH,Rsylut,trig,ab42,Weighted mode,4,-0.4143091577544473,0.06502476256709604,0.007825323046360345
412JRH,Rsylut,trig,ab42,MR Egger,4,-0.35321382478306673,0.4462923093100286,0.5116404729701384
