id.exposure,id.outcome,outcome,exposure,method,nsnp,b,se,pval
6MA2WI,fe4M3o,trig,ab42,Inverse variance weighted (fixed effects),4,-0.537172720958557,0.050570463384565334,2.3480088478046282e-26
6MA2WI,fe4M3o,trig,ab42,Weighted median,4,-0.43654837219722264,0.06328639718022598,5.27467586898435e-12
6MA2WI,fe4M3o,trig,ab42,Weighted mode,4,-0.4423193976428039,0.06635739716821884,0.006883610326985177
6MA2WI,fe4M3o,trig,ab42,MR Egger,4,-0.47350186645262377,0.42574898268430467,0.38183681573024675
