id.exposure,id.outcome,outcome,exposure,method,nsnp,b,se,pval
ODC4UN,dxFOJg,trig,ab42,Inverse variance weighted (fixed effects),9,-0.4216587351301724,0.04538844499878932,1.5428573662134204e-20
ODC4UN,dxFOJg,trig,ab42,Weighted median,9,-0.4026360729340018,0.06474464132162831,5.008679599961578e-10
ODC4UN,dxFOJg,trig,ab42,Weighted mode,9,-0.39825470615754655,0.07036340938088541,4.7589384668123464e-4
ODC4UN,dxFOJg,trig,ab42,MR Egger,9,-0.6647660378836545,0.24373638859837551,0.029449167658297474
