id.exposure,id.outcome,outcome,exposure,method,nsnp,b,se,pval
6MA2WI,fe4M3o,trig,ab42,Inverse variance weighted (fixed effects),3,-0.5729590877329473,0.05181865029107846,2.0275457110421583e-28
6MA2WI,fe4M3o,trig,ab42,Weighted median,3,-0.44017947552661935,0.06712967491407208,5.484514026447314e-11
6MA2WI,fe4M3o,trig,ab42,Weighted mode,3,-0.4292316220728388,0.0603118121133392,0.019177269195969984
6MA2WI,fe4M3o,trig,ab42,MR Egger,3,-0.34703814913680125,0.4682421591643632,0.593955213814217
