id.exposure,id.outcome,outcome,exposure,method,nsnp,b,se,pval
412JRH,Rsylut,trig,ab42,Inverse variance weighted (fixed effects),5,-0.47710858022530495,0.04698307242691533,3.151208371566548e-24
412JRH,Rsylut,trig,ab42,Weighted median,5,-0.424415742007024,0.06617424525435353,1.4211432028201043e-10
412JRH,Rsylut,trig,ab42,Weighted mode,5,-0.38921425039341084,0.07336393058412553,0.00606560633345676
412JRH,Rsylut,trig,ab42,MR Egger,5,-0.460538610261405,0.3991649205262887,0.3321746369050554
