id.exposure,id.outcome,outcome,exposure,method,nsnp,b,se,pval
1FY3pa,qA655N,alcd,ab42,Inverse variance weighted (fixed effects),16,0.13022475944421383,0.22881886453641048,0.5692765829909752
1FY3pa,qA655N,alcd,ab42,Weighted median,16,0.18906246291383746,0.32076062980658265,0.5555801226470172
1FY3pa,qA655N,alcd,ab42,Weighted mode,16,0.23888949168405604,0.3854043371299839,0.5446639804303044
1FY3pa,qA655N,alcd,ab42,MR Egger,16,0.10439960145953485,0.5105848035155671,0.8409284469620784
