id.exposure,id.outcome,outcome,exposure,egger_intercept,se,pval
1FY3pa,qA655N,alcd,ab42,9.712270971929128e-4,0.016869186846621753,0.954901612902384
