id.exposure,id.outcome,outcome,exposure,method,nsnp,b,se,pval
1A5nhT,TeDUXM,alcd,ab42,Inverse variance weighted (fixed effects),5,0.03294498910821067,0.2935046113754834,0.9106276261429758
1A5nhT,TeDUXM,alcd,ab42,Weighted median,5,0.20619203576784584,0.3443933463660347,0.5493657155197912
1A5nhT,TeDUXM,alcd,ab42,Weighted mode,5,0.2942934587527404,0.3970231038381717,0.4996992298755197
1A5nhT,TeDUXM,alcd,ab42,MR Egger,5,0.5670213173238605,0.6205246756692528,0.4282126510507315
