id.exposure,id.outcome,outcome,exposure,method,nsnp,b,se,pval
l6geCk,4m2cZI,sociso,load,Inverse variance weighted (fixed effects),80,-0.0036606100686043625,0.0013201394569442393,0.00555597899748523
l6geCk,4m2cZI,sociso,load,Weighted median,80,-0.0019331942409409049,0.002194671007541616,0.37839450325096174
l6geCk,4m2cZI,sociso,load,Weighted mode,80,-0.0035517415737041924,0.0020129490735721566,0.08152214709488784
l6geCk,4m2cZI,sociso,load,MR Egger,80,-0.005400248921061519,0.002726539424483368,0.05115912540801365
