id.exposure,id.outcome,outcome,exposure,method,nsnp,b,se,pval
JSvq2O,14JtHb,sociso,load,Inverse variance weighted (fixed effects),40,-0.004817418086876807,0.0014219798654127465,7.044935172895672e-4
JSvq2O,14JtHb,sociso,load,Weighted median,40,-0.0018492433723276557,0.00220332305396064,0.4013024261523633
JSvq2O,14JtHb,sociso,load,Weighted mode,40,-0.0018809846225137233,0.0021826829918464366,0.39407853974905416
JSvq2O,14JtHb,sociso,load,MR Egger,40,-0.0023227110493883488,0.002549406904392062,0.3679972771888491
