id.exposure,id.outcome,outcome,exposure,method,nsnp,b,se,pval
3jW1cH,3d6fKW,sociso,load,Inverse variance weighted (fixed effects),40,-0.004817418086876806,0.001421979865412746,7.044935172895685e-4
3jW1cH,3d6fKW,sociso,load,Weighted median,40,-0.0018492433723276557,0.002137469473555601,0.38695347147896564
3jW1cH,3d6fKW,sociso,load,Weighted mode,40,-0.0018809846225137233,0.0021171062685738113,0.3797353927118984
3jW1cH,3d6fKW,sociso,load,MR Egger,40,-0.0023227110493883483,0.0025494069043920627,0.36799727718884934
