id.exposure,id.outcome,outcome,exposure,method,nsnp,b,se,pval
3jW1cH,3d6fKW,sociso,load,Inverse variance weighted (fixed effects),40,-0.004817418086876806,0.001421979865412746,7.044935172895685e-4
3jW1cH,3d6fKW,sociso,load,Weighted median,40,-0.0018492433723276557,0.00220332305396064,0.4013024261523633
3jW1cH,3d6fKW,sociso,load,Weighted mode,40,-0.0018809846225137233,0.0021826829918464366,0.39407853974905416
3jW1cH,3d6fKW,sociso,load,MR Egger,40,-0.0023227110493883483,0.0025494069043920627,0.36799727718884934
