id.exposure,id.outcome,outcome,exposure,method,nsnp,b,se,pval
DN3mAy,B1oVkD,audit,aaos,Inverse variance weighted (fixed effects),60,-0.004727435432813489,0.0012071300551623769,8.993317008468112e-5
DN3mAy,B1oVkD,audit,aaos,Weighted median,60,-0.004746412682269732,0.001869501821197877,0.011121273790667779
DN3mAy,B1oVkD,audit,aaos,Weighted mode,60,-0.006778326422129964,0.002017197441995866,0.0013700273403233025
DN3mAy,B1oVkD,audit,aaos,MR Egger,60,-0.0041500189496734945,0.00205805468554385,0.048388708309395435
