id.exposure,id.outcome,outcome,exposure,method,nsnp,b,se,pval
RVAhTN,ZosnBJ,trig,load,Inverse variance weighted (fixed effects),25,0.0083729294920970691,0.006814865057690344,0.21921156199375944
RVAhTN,ZosnBJ,trig,load,Weighted median,25,-0.028186978150981454,0.012551877736444134,0.024727181246431397
RVAhTN,ZosnBJ,trig,load,Weighted mode,25,-0.02645190972710676,0.012239639698891096,0.04087888295064008
RVAhTN,ZosnBJ,trig,load,MR Egger,25,0.04091596386012227,0.020352519657640886,0.05626123685786209
