id.exposure,id.outcome,outcome,exposure,method,nsnp,b,se,pval
PcDlDq,bO3Rdf,trig,load,Inverse variance weighted (fixed effects),8,0.020554189282589244,0.007894421523416434,0.009224103132235694
PcDlDq,bO3Rdf,trig,load,Weighted median,8,-0.014343381826556683,0.01917669656245703,0.4544849183305146
PcDlDq,bO3Rdf,trig,load,Weighted mode,8,-0.02277670497340606,0.013899193856462143,0.1452836777428017
PcDlDq,bO3Rdf,trig,load,MR Egger,8,0.06209019999237707,0.03651059329813586,0.13992219524006166
