id.exposure,id.outcome,outcome,exposure,method,nsnp,b,se,pval
PFqI7E,Xj1PwN,trig,load,Inverse variance weighted (fixed effects),45,-0.019419249539069098,0.0033253527777839186,5.2277263133432994e-9
PFqI7E,Xj1PwN,trig,load,Weighted median,45,-0.035892527735503166,0.004575387175721669,4.3399882322451124e-15
PFqI7E,Xj1PwN,trig,load,Weighted mode,45,-0.03543580122045137,0.004145829206664438,6.695967720179926e-11
PFqI7E,Xj1PwN,trig,load,MR Egger,45,-0.025739199945729218,0.009095209864946715,0.007048410029350629
