id.exposure,id.outcome,outcome,exposure,method,nsnp,b,se,pval
Pi7SiK,MsKOTy,trig,load,Inverse variance weighted (fixed effects),20,-0.02135741650464939,0.003466816064972557,7.250291711862723e-10
Pi7SiK,MsKOTy,trig,load,Weighted median,20,-0.034697011336439584,0.004550272644099757,2.4354328649629324e-14
Pi7SiK,MsKOTy,trig,load,Weighted mode,20,-0.03591508848694436,0.0046013699912123285,2.411789801570814e-7
Pi7SiK,MsKOTy,trig,load,MR Egger,20,-0.025066191521267808,0.013425877330218033,0.0782754260084106
