id.exposure,id.outcome,outcome,exposure,method,nsnp,b,se,pval
PcDlDq,bO3Rdf,trig,load,Inverse variance weighted (fixed effects),9,0.01573354472978373,0.0077207183928623664,0.041566507271314244
PcDlDq,bO3Rdf,trig,load,Weighted median,9,-0.01589749066563457,0.01798520881396566,0.37673925316475276
PcDlDq,bO3Rdf,trig,load,Weighted mode,9,-0.02576646785280387,0.014808467899068714,0.12004765967197079
PcDlDq,bO3Rdf,trig,load,MR Egger,9,0.06333124606152782,0.032314157967430805,0.09083834653830172
