id.exposure,id.outcome,outcome,exposure,method,nsnp,b,se,pval
ytKU9a,P1m69c,hipv,educ,Inverse variance weighted (fixed effects),2803,0.059509771811314026,0.019940755983270865,0.0028420121851210124
ytKU9a,P1m69c,hipv,educ,Weighted median,2803,0.05665548374116777,0.03144844202955125,0.07161852211911914
ytKU9a,P1m69c,hipv,educ,Weighted mode,2803,0.047783589555773,0.15025235591957659,0.7504917720976084
ytKU9a,P1m69c,hipv,educ,MR Egger,2803,-0.014212994022159583,0.06917727202360344,0.8372295772304766
