id.exposure,id.outcome,outcome,exposure,egger_intercept,se,pval
Xz0ITm,iNAUz3,hipv,educ,0.0010037817165963068,0.0011443498234787982,0.38057753410600437
