id.exposure,id.outcome,outcome,exposure,method,nsnp,b,se,pval
Xz0ITm,iNAUz3,hipv,educ,Inverse variance weighted (fixed effects),1175,0.05760128347505265,0.026193909368382468,0.027875542318447088
Xz0ITm,iNAUz3,hipv,educ,Weighted median,1175,0.010408901809310011,0.040874975597234416,0.7989917504357043
Xz0ITm,iNAUz3,hipv,educ,Weighted mode,1175,0.005635324793851204,0.1562718129071143,0.9712398144841468
Xz0ITm,iNAUz3,hipv,educ,MR Egger,1175,-0.026492044112242107,0.10000016035970742,0.7911176225498825
