id.exposure,id.outcome,outcome,exposure,method,nsnp,b,se,pval
AVuCZI,nVfCBJ,hipv,educ,Inverse variance weighted (fixed effects),1176,0.051899354115858054,0.02618786748513045,0.04750061049125191
AVuCZI,nVfCBJ,hipv,educ,Weighted median,1176,0.009916718275356413,0.041430628700938596,0.8108286337340589
AVuCZI,nVfCBJ,hipv,educ,Weighted mode,1176,0.005597553946993905,0.1461445679633615,0.9694538131981443
AVuCZI,nVfCBJ,hipv,educ,MR Egger,1176,-0.03238150645118409,0.09942988493605213,0.7447307413467908
