id.exposure,id.outcome,outcome,exposure,method,nsnp,b,se,pval
Xz0ITm,iNAUz3,hipv,educ,Inverse variance weighted (fixed effects),1174,0.05395693983109588,0.026208163108603473,0.039514960843914156
Xz0ITm,iNAUz3,hipv,educ,Weighted median,1174,0.010037611866519582,0.040706312165238366,0.8052285420201899
Xz0ITm,iNAUz3,hipv,educ,Weighted mode,1174,0.005645400979604531,0.15093621216642972,0.9701703943559913
Xz0ITm,iNAUz3,hipv,educ,MR Egger,1174,-0.028337534797683795,0.0994002005687898,0.7756291703372206
