id.exposure,id.outcome,outcome,exposure,method,nsnp,b,se,pval
AVuCZI,nVfCBJ,hipv,educ,Inverse variance weighted (fixed effects),1175,0.05822033829041728,0.0262085197863077,0.026321989933255067
AVuCZI,nVfCBJ,hipv,educ,Weighted median,1175,0.009929040459361958,0.040363287592935546,0.8056885285600875
AVuCZI,nVfCBJ,hipv,educ,Weighted mode,1175,-8.92195618216185e-5,0.1443641868269372,0.9995069985812126
AVuCZI,nVfCBJ,hipv,educ,MR Egger,1175,-0.019619518933854295,0.09815266437874068,0.8416029882299529
