id.exposure,id.outcome,outcome,exposure,method,nsnp,b,se,pval
6s8R6u,xNHLYj,hipv,audit,Inverse variance weighted (fixed effects),10,-0.1834992489030655,0.2635372174224716,0.48624504916321903
6s8R6u,xNHLYj,hipv,audit,Weighted median,10,-0.09204376410606094,0.3293835853440627,0.7799052789325619
6s8R6u,xNHLYj,hipv,audit,Weighted mode,10,-0.1174717218319421,0.40068860250282606,0.7760362415251976
6s8R6u,xNHLYj,hipv,audit,MR Egger,10,-0.08721985973040286,0.3975064376321942,0.8318197384734656
