id.exposure,id.outcome,outcome,exposure,method,nsnp,b,se,pval
OvppYV,IkEqfJ,hipv,audit,Inverse variance weighted (fixed effects),61,-0.08419163181898252,0.16131772606607356,0.601740344257855
OvppYV,IkEqfJ,hipv,audit,Weighted median,61,-0.07150468250630675,0.23373731437770223,0.7596663288225269
OvppYV,IkEqfJ,hipv,audit,Weighted mode,61,-0.09282599213181797,0.3093759453064778,0.7651816679810282
OvppYV,IkEqfJ,hipv,audit,MR Egger,61,0.08107319137953915,0.32450839657536423,0.8035836542860078
