query_snp_rsid,rsID,ld.r2,Dprime,ref.proxy,alt.proxy,CHR,POS,Effect_allele.proxy,Non_Effect_allele.proxy,EAF,Beta,SE,P,r2,N,ref,alt,Effect_allele,Non_Effect_allele
rs10191160,rs12465843,0.85,0.99,T,C,2,224819470,C,T,0.147567,-0.038117322113128044,0.05290945066227198,0.471263,3.655310402843851e-4,13239,A,G,G,A
rs1028427,rs2268719,0.93,0.97,C,T,6,52411713,T,C,0.27428399999999997,-0.06347242295557354,0.0358367129727476,0.0765347,0.0016038631985036773,13239,G,A,A,G
rs111312143,NA,NA,NA,NA,NA,NA,NA,NA,NA,NA,NA,NA,NA,NA,NA,NA,NA,NA,NA
rs1229984,NA,NA,NA,NA,NA,NA,NA,NA,NA,NA,NA,NA,NA,NA,NA,NA,NA,NA,NA
rs13296886,NA,NA,NA,NA,NA,NA,NA,NA,NA,NA,NA,NA,NA,NA,NA,NA,NA,NA,NA
rs147909804,NA,NA,NA,NA,NA,NA,NA,NA,NA,NA,NA,NA,NA,NA,NA,NA,NA,NA,NA
rs17028896,rs1372679,0.9,1,C,T,4,100304530,T,C,0.106036,-0.10524941071909748,0.0561986533061127,0.061094600000000006,0.002100113216660271,13239,A,T,T,A
rs187025437,NA,NA,NA,NA,NA,NA,NA,NA,NA,NA,NA,NA,NA,NA,NA,NA,NA,NA,NA
rs2006682,NA,NA,NA,NA,NA,NA,NA,NA,NA,NA,NA,NA,NA,NA,NA,NA,NA,NA,NA
rs4590429,rs4330678,1,1,A,G,8,69409442,G,A,0.372806,-0.030459207484708574,0.03295140392045704,0.35529499999999997,4.338623683370886e-4,13239,T,C,C,T
rs56328486,NA,NA,NA,NA,NA,NA,NA,NA,NA,NA,NA,NA,NA,NA,NA,NA,NA,NA,NA
rs579837,NA,NA,NA,NA,NA,NA,NA,NA,NA,NA,NA,NA,NA,NA,NA,NA,NA,NA,NA
rs7240201,rs11081389,0.97,0.99,G,T,18,8506957,T,G,0.261734,-0.007326775386460855,0.043945796144918815,0.8675879999999999,2.074573192047427e-5,13239,C,T,T,C
rs77694582,rs17717648,0.96,1,T,C,14,102882024,C,T,0.0357099,-0.10380616872558918,0.09640954743398378,0.281605,7.421174823588555e-4,13239,G,A,A,G
rs78323057,NA,NA,NA,NA,NA,NA,NA,NA,NA,NA,NA,NA,NA,NA,NA,NA,NA,NA,NA
rs79171978,rs12817084,0.82,0.95,T,C,12,17763314,C,T,0.110286,0.06877951539482563,0.05297216971477436,0.19414700000000001,9.283655765927646e-4,13239,G,C,C,G
rs8088633,NA,NA,NA,NA,NA,NA,NA,NA,NA,NA,NA,NA,NA,NA,NA,NA,NA,NA,NA
rs870089,rs2346463,1,1,A,G,14,57886739,G,A,0.134801,-0.043325124738373653,0.049270467084355105,0.37922100000000003,4.3784335401722844e-4,13239,C,G,G,C
rs9571413,rs9571492,0.88,0.97,A,C,13,34924203,C,A,0.0677703,0.02273948696948934,0.07310383342610145,0.755757,6.533616861160639e-5,13239,C,G,G,C
