id.exposure,id.outcome,outcome,exposure,method,nsnp,b,se,pval
n9mZj1,mlnLCC,insom,hipv2015,Inverse variance weighted (fixed effects),11,-1.8877125968170904e-4,1.4611755731715865e-4,0.1963870669351394
n9mZj1,mlnLCC,insom,hipv2015,Weighted median,11,1.1715203171866083e-5,2.1505714334613062e-4,0.9565568547107806
n9mZj1,mlnLCC,insom,hipv2015,Weighted mode,11,1.390742479097191e-4,3.5147804130107845e-4,0.7006482423227857
n9mZj1,mlnLCC,insom,hipv2015,MR Egger,11,-3.3952561536505554e-4,6.600142724404157e-4,0.6193502784043043
