target_snp,proxy_snp,ld.r2,Dprime,PHASE,X12,CHR,POS,Effect_allele.proxy,Non_Effect_allele.proxy,EAF,Beta,SE,P,r2,N,ref,ref.proxy,alt,alt.proxy,Effect_allele,Non_Effect_allele,proxy.outcome
rs67474621,rs1486096,0.937188,0.98363,TA/AG,NA,1,72584184,A,G,0.4688,-0.0143,0.0142,0.316,1.018468825088e-4,63926,T,A,A,G,T,A,TRUE
rs1046874,rs2169137,1,1,CG/TC,NA,1,204497913,C,G,0.722,-0.0351,0.0159,0.02706,4.9456823832e-4,63926,C,G,T,C,T,C,TRUE
rs112442053,rs885936,0.924667,1,GG/AA,NA,6,29780740,A,G,0.5951,-0.0047,0.0155,0.7599,1.06454356382e-5,63926,G,G,A,A,A,G,TRUE
rs9272557,rs9272554,0.928889,0.967669,CG/TA,NA,6,32607026,A,G,0.7293,0.0244,0.0186,0.1896,2.3507374038720007e-4,63926,C,G,T,A,T,C,TRUE
rs139086772,rs142103091,0.874124,1,CA/AG,NA,10,52930082,A,G,0.0049,0.0585,0.1388,0.6731,3.3373713555000006e-5,63926,C,A,A,G,C,A,TRUE
rs80129742,rs114714025,0.968691,1,AC/GA,NA,11,50436766,A,C,0.9748,0.0534,0.0842,0.5261,1.400969146752e-4,63926,A,C,G,A,G,A,TRUE
rs566002249,rs1635285,0.973111,0.989133,CG/TC,NA,17,43684209,C,G,0.7653,0.041,0.0183,0.02508,6.038686894200002e-4,63926,C,G,T,C,T,C,TRUE
rs17642135,rs146205032,0.899097,1,AA/GG,NA,19,16285292,A,G,0.0083,0.137,0.1018,0.1783,3.089794071800001e-4,63926,A,A,G,G,A,G,TRUE
rs1064173,NA,NA,NA,NA,NA,NA,NA,NA,NA,NA,NA,NA,NA,NA,NA,NA,NA,NA,NA,NA,NA,NA
rs186708312,NA,NA,NA,NA,NA,NA,NA,NA,NA,NA,NA,NA,NA,NA,NA,NA,NA,NA,NA,NA,NA,NA
rs72716182,NA,NA,NA,NA,NA,NA,NA,NA,NA,NA,NA,NA,NA,NA,NA,NA,NA,NA,NA,NA,NA,NA
rs6857,NA,NA,NA,NA,NA,NA,NA,NA,NA,NA,NA,NA,NA,NA,NA,NA,NA,NA,NA,NA,NA,NA
