id.exposure,id.outcome,outcome,exposure,method,nsnp,b,se,pval
J1K0Rf,b51tSR,vbiany,alcc,Inverse variance weighted (fixed effects),50,0.09696850149153273,0.6784096800813285,0.8863415002157611
J1K0Rf,b51tSR,vbiany,alcc,Weighted median,50,-0.12313605235607952,1.0210767580367324,0.9040123718292175
J1K0Rf,b51tSR,vbiany,alcc,Weighted mode,50,-0.42709942411451607,1.2512894085368307,0.7343164864129004
J1K0Rf,b51tSR,vbiany,alcc,MR Egger,50,-3.7248248001279127,3.0129635073150656,0.22237513245744706
