id.exposure,id.outcome,outcome,exposure,method,nsnp,b,se,pval
mWeZ4k,j0vK7O,nft4,alcd,Inverse variance weighted (fixed effects),18,0.08072128272067167,0.08141894803372571,0.3214750874459104
mWeZ4k,j0vK7O,nft4,alcd,Weighted median,18,0.05533459295533729,0.13086099433293766,0.6724045849689411
mWeZ4k,j0vK7O,nft4,alcd,Weighted mode,18,0.06515691894505915,0.15079354997383876,0.6711042397051893
mWeZ4k,j0vK7O,nft4,alcd,MR Egger,18,0.006416414673075833,0.24037276350358544,0.979034222212868
