query_snp_rsid,rsID,ld.r2,Dprime,ref.proxy,alt.proxy,CHR,POS,Effect_allele.proxy,Non_Effect_allele.proxy,EAF,Beta,SE,P,r2,N,ref,alt,Effect_allele,Non_Effect_allele
rs1363104,rs10052804,1,1,A,C,5,103919822,A,C,0.4982,0.0108,0.0575,0.8504,5.831924417280001e-5,4914,C,G,C,G
rs34215985,rs4263431,0.96,0.99,G,A,4,42042686,A,G,0.7988,0.0917,0.0724,0.2057,0.0027029293839968007,4914,C,G,G,C
rs62099069,rs2187251,1,1,C,T,18,36885807,T,C,0.571,0.0545,0.0592,0.3571,0.0014551789395,4914,A,T,T,A
