query_snp_rsid,rsID,ld.r2,Dprime,ref.proxy,alt.proxy,CHR,POS,Effect_allele.proxy,Non_Effect_allele.proxy,EAF,Beta,SE,P,r2,N,ref,alt,Effect_allele,Non_Effect_allele
rs10753661,rs10494434,0.92,0.99,A,G,1,165117237,A,G,0.3115,0.0184,0.0168,0.2732,1.4522040288e-4,54162,G,A,G,A
rs11625650,rs12896307,0.97,1,T,C,14,104616589,C,T,0.7505,0.026,0.0229,0.2571,2.53161662e-4,54162,G,A,A,G
rs13032049,rs12993804,0.83,0.92,T,A,2,63494689,A,T,0.2922,-0.0033,0.0171,0.8452,4.5045213048e-6,54162,A,G,G,A
rs144198753,NA,NA,NA,NA,NA,NA,NA,NA,NA,NA,NA,NA,NA,NA,NA,NA,NA,NA,NA
rs378421,NA,NA,NA,NA,NA,NA,NA,NA,NA,NA,NA,NA,NA,NA,NA,NA,NA,NA,NA
rs4916723,rs17422060,0.82,0.97,T,G,5,87858930,G,T,0.6317,-0.0016,0.0168,0.9262,1.1911941632e-6,54162,A,C,C,A
rs500321,rs536966,0.97,0.99,T,C,13,27118983,T,C,0.2643,0.0032,0.0175,0.8541,3.9822440448e-6,54162,A,T,A,T
rs6951574,rs35574721,0.92,0.97,T,C,7,153490087,C,T,0.5843,0.0144,0.0231,0.5348,1.0073279646719998e-4,54162,T,C,C,T
rs7682824,NA,NA,NA,NA,NA,NA,NA,NA,NA,NA,NA,NA,NA,NA,NA,NA,NA,NA,NA
rs79139602,rs17029090,1,1,A,G,4,100443853,G,A,0.9818,0.023,0.061,0.7062,1.8905148079999993e-5,54162,A,T,T,A
