query_snp_rsid,rsID,ld.r2,Dprime,ref.proxy,alt.proxy,CHR,POS,Effect_allele.proxy,Non_Effect_allele.proxy,EAF,Beta,SE,P,r2,N,ref,alt,Effect_allele,Non_Effect_allele
rs10511095,rs4856463,0.91,0.97,C,T,3,83638568,T,C,0.2256,5.2342,5.9086,0.3757,9.57271350698066,13163,A,T,T,A
rs10956809,rs12546418,0.94,0.98,G,A,8,92805751,A,G,0.471,-0.8745,4.5884,0.8489,0.38108881507950004,13163,G,C,C,G
rs12404691,rs12119736,1,1,G,A,1,72912656,A,G,0.1517,2.3325,6.1344,0.7038,1.4002589212098753,13163,A,T,T,A
rs13246563,rs10274978,1,1,T,C,7,3433777,T,C,0.4406,-6.8351,4.6625,0.1427,23.02961598239119,12964,C,G,C,G
rs146901418,NA,NA,NA,NA,NA,NA,NA,NA,NA,NA,NA,NA,NA,NA,NA,NA,NA,NA,NA
rs2523696,NA,NA,NA,NA,NA,NA,NA,NA,NA,NA,NA,NA,NA,NA,NA,NA,NA,NA,NA
rs323740,rs1407905,1,1,C,T,9,102086676,C,T,0.4538,-2.7496,4.6086,0.5508,3.7478760658529793,13163,C,G,C,G
rs7216173,rs11652923,0.96,0.99,C,T,17,51888072,C,T,0.2441,8.0948,5.7559,0.1596,24.18100609117027,13163,A,T,A,T
rs73138150,NA,NA,NA,NA,NA,NA,NA,NA,NA,NA,NA,NA,NA,NA,NA,NA,NA,NA,NA
rs7585579,rs2192512,0.91,0.98,T,C,2,60000720,C,T,0.4974,-1.678,4.6092,0.7158,1.4078039319523197,13163,C,G,G,C
rs77804773,rs28820372,0.95,0.99,G,A,8,59888813,A,G,0.1082,4.7289,8.3356,0.5705,4.31563776659936,13163,T,A,A,T
rs77878475,NA,NA,NA,NA,NA,NA,NA,NA,NA,NA,NA,NA,NA,NA,NA,NA,NA,NA,NA
