target_snp,proxy_snp,ld.r2,Dprime,PHASE,X12,CHR,POS,Effect_allele.proxy,Non_Effect_allele.proxy,EAF,Beta,SE,P,r2,N,ref,ref.proxy,alt,alt.proxy,Effect_allele,Non_Effect_allele,proxy.outcome
rs176813,rs293429,0.99016,0.995068,CC/TT,NA,4,69591612,C,T,0.289221,0.00542,0.00629,0.3889,1.2077943125288097e-5,2197,C,C,T,T,C,T,TRUE
rs2066714,rs2297400,0.95773,0.982819,CC/TT,NA,9,107599481,C,T,0.149107,-0.005707,0.0078,0.4644,8.26454072419317e-6,2819,C,C,T,T,C,T,TRUE
rs4752805,rs7106731,1,1,GG/AT,NA,11,48003392,G,T,0.263551,0.006164,0.006231,0.3226,1.4749000860510967e-5,2814,G,G,A,T,G,A,TRUE
rs921919,rs838881,0.843055,0.979587,GG/AA,NA,12,125261797,G,A,0.321897,0.01039,0.005757,0.07133,4.7127422261466744e-5,2817,G,G,A,A,G,A,TRUE
rs6573778,rs11626929,0.887,0.962646,TT/CC,NA,14,24876237,T,C,0.445026,0.009366,0.006609,0.1567,4.333076181718823e-5,1718,T,T,C,C,T,C,TRUE
rs8075213,rs72820042,0.965926,1,TT/CC,NA,17,9577529,T,C,0.159763,-0.009281,0.007566,0.22,2.312584177507655e-5,2754,T,T,C,C,T,C,TRUE
rs75687619,rs77301115,0.940919,1,TA/GG,NA,19,45396973,A,G,0.0251155,0.03989,0.01466,0.006553,7.792073891601057e-5,2183,T,A,G,G,T,G,TRUE
rs11591147,NA,NA,NA,NA,NA,NA,NA,NA,NA,NA,NA,NA,NA,NA,NA,NA,NA,NA,NA,NA,NA,NA
rs2315065,NA,NA,NA,NA,NA,NA,NA,NA,NA,NA,NA,NA,NA,NA,NA,NA,NA,NA,NA,NA,NA,NA
rs8103315,NA,NA,NA,NA,NA,NA,NA,NA,NA,NA,NA,NA,NA,NA,NA,NA,NA,NA,NA,NA,NA,NA
rs77719426,NA,NA,NA,NA,NA,NA,NA,NA,NA,NA,NA,NA,NA,NA,NA,NA,NA,NA,NA,NA,NA,NA
