SNP,rsID,ld.r2,Dprime,ref.proxy,alt.proxy,CHR,POS,Effect_allele.proxy,Non_Effect_allele.proxy,EAF,Beta,SE,P,r2,N,ref,alt,Effect_allele,Non_Effect_allele
rs3130838,rs138286553,1,1,A,T,6,28799155,A,T,0.9128,0.0147,0.0377,0.6965,3.4399868428800016e-5,40255,T,C,T,C
rs9257566,NA,NA,NA,NA,NA,NA,NA,NA,NA,NA,NA,NA,NA,NA,NA,NA,NA,NA,NA
rs2023463,rs2746150,0.98,1,C,T,6,29442701,T,C,0.0827,-0.0035,0.0264,0.8941,1.8585873950000002e-6,40255,C,T,T,C
rs3094622,rs3094621,1,1,T,C,6,30328753,T,C,0.9018,-0.0131,0.0242,0.5897,3.039445116719999e-5,40255,A,G,A,G
rs3129981,rs3129985,0.87,1,C,T,6,30762542,T,C,0.1129,0.009,0.0227,0.6925,1.622488158e-5,40255,C,T,T,C
rs3132089,rs3131618,0.95,1,A,G,6,31434621,A,G,0.9024,0.012,0.0245,0.6244,2.5365381120000005e-5,40255,G,A,G,A
rs559411160,NA,NA,NA,NA,NA,NA,NA,NA,NA,NA,NA,NA,NA,NA,NA,NA,NA,NA,NA
rs9272302,NA,NA,NA,NA,NA,NA,NA,NA,NA,NA,NA,NA,NA,NA,NA,NA,NA,NA,NA
