target_snp,proxy_snp,ld.r2,Dprime,PHASE,X12,CHR,POS,Effect_allele.proxy,Non_Effect_allele.proxy,EAF,Beta,SE,P,r2,N,ref,ref.proxy,alt,alt.proxy,Effect_allele,Non_Effect_allele,proxy.outcome
rs28986310,rs115938232,0.959076,0.979324,TG/CA,NA,6,29725013,G,A,0.0482445,-0.002816,0.01286,0.8266,7.282298918783877e-7,2445,T,G,C,A,T,C,TRUE
rs1634726,rs3130544,0.894472,0.985574,AA/GC,NA,6,31058340,A,C,0.103188,0.003815,0.008281,0.6451,2.693702851689343e-6,2833,A,A,G,C,A,G,TRUE
rs10501696,rs10765820,0.988092,0.996007,AA/GG,NA,11,88734123,A,G,0.48629500000000003,-0.00226,0.005389,0.67490000000000006,2.5518813093742195e-6,2805,A,A,G,G,A,G,TRUE
rs28541419,NA,NA,NA,NA,NA,NA,NA,NA,NA,NA,NA,NA,NA,NA,NA,NA,NA,NA,NA,NA,NA,NA
