target_snp,proxy_snp,ld.r2,Dprime,PHASE,X12,CHR,POS,Effect_allele.proxy,Non_Effect_allele.proxy,EAF,Beta,SE,P,r2,N,ref,ref.proxy,alt,alt.proxy,Effect_allele,Non_Effect_allele,proxy.outcome
rs11961509,rs9468464,1,1,GC/AT,NA,6,28984512,C,T,0.0538343,-0.003213,0.01208,0.7902,1.0516657183829974e-6,2194,G,C,A,T,G,A,TRUE
rs2523734,rs2257914,0.874509,0.939173,CA/AC,NA,6,30120563,A,C,0.117709,0.006829,0.007521,0.364,9.686474519754146e-6,2833,C,A,A,C,C,A,TRUE
rs1634726,rs3130544,0.894472,0.985574,AA/GC,NA,6,31058340,A,C,0.103188,0.003815,0.008281,0.6451,2.693702851689343e-6,2833,A,A,G,C,A,G,TRUE
rs10501696,rs10765820,0.988092,0.996007,AA/GG,NA,11,88734123,A,G,0.48629500000000003,-0.00226,0.005389,0.67490000000000006,2.5518813093742195e-6,2805,A,A,G,G,A,G,TRUE
rs28541419,NA,NA,NA,NA,NA,NA,NA,NA,NA,NA,NA,NA,NA,NA,NA,NA,NA,NA,NA,NA,NA,NA
