target_snp,proxy_snp,ld.r2,Dprime,PHASE,X12,CHR,POS,Effect_allele.proxy,Non_Effect_allele.proxy,EAF,Beta,SE,P,r2,N,ref,ref.proxy,alt,alt.proxy,Effect_allele,Non_Effect_allele,proxy.outcome
rs17111966,rs77873217,1,1,CA/GG,NA,1,55799130,A,G,0.0365,-0.1168,0.1572,0.4575,9.5953377152e-4,4914,C,A,G,G,C,G,TRUE
rs2902211,rs11588515,0.99048,1,TG/GA,NA,1,177944972,A,G,0.887,0.0631,0.0903,0.4848,7.981615038199999e-4,4914,T,G,G,A,G,T,TRUE
rs11687782,rs7575402,1,1,AG/TA,NA,2,113844110,A,G,0.5278,0.0364,0.0575,0.5269,6.604320358272e-4,4914,A,G,T,A,T,A,TRUE
rs1978154,rs6973987,0.936319,0.995724,TC/AT,NA,7,21501358,T,C,0.5822,0.003,0.0605,0.9598,4.3783768799999994e-6,4914,T,C,A,T,A,T,TRUE
rs9987289,rs4841133,1,1,AA/GG,NA,8,9183664,A,G,0.0871,0.1315,0.1029,0.2014,0.002749937753355,4914,A,A,G,G,A,G,TRUE
rs4738684,rs9297994,1,1,AG/GA,NA,8,59392324,A,G,0.6573,0.0149,0.0609,0.8073,1.000184843742e-4,4914,A,G,G,A,G,A,TRUE
rs2954029,rs2980860,0.99599,1,TG/AA,NA,8,126485337,A,G,0.5348,-0.0313,0.0606,0.6058,4.874721124448e-4,4914,T,G,A,A,A,T,TRUE
rs5880,rs117427818,0.838952,0.976906,CT/GC,NA,16,57010486,T,C,0.0534,-0.0604,0.154,0.6949,3.6881759374080003e-4,4914,C,T,G,C,C,G,TRUE
rs17667053,rs75203664,1,1,CA/GC,NA,16,72067332,A,C,0.0195,-0.1479,0.2223,0.506,8.364665011950001e-4,4914,C,A,G,C,C,G,TRUE
rs8069974,rs11656732,1,1,CT/GC,NA,17,4670778,T,C,0.3716,0.0259,0.0614,0.673,3.132863013728e-4,4914,C,T,G,C,C,G,TRUE
rs2156552,rs6507938,0.971431,0.985612,AG/TA,NA,18,47168648,A,G,0.8364,0.0069,0.0789,0.9303,1.30294325088e-5,4914,A,G,T,A,T,A,TRUE
rs4808802,rs10423802,0.965583,1,CT/GC,NA,19,18567901,T,C,0.2036,0.0524,0.0723,0.4686,8.904337131008e-4,4914,C,T,G,C,C,G,TRUE
rs8120178,rs6072092,0.991062,1,GA/CG,NA,20,39292093,A,G,0.3116,-0.0961,0.0629,0.1269,0.0039620055690848,4914,G,A,C,G,G,C,TRUE
rs11591147,NA,NA,NA,NA,NA,NA,NA,NA,NA,NA,NA,NA,NA,NA,NA,NA,NA,NA,NA,NA,NA,NA
rs1800478,NA,NA,NA,NA,NA,NA,NA,NA,NA,NA,NA,NA,NA,NA,NA,NA,NA,NA,NA,NA,NA,NA
rs581080,NA,NA,NA,NA,NA,NA,NA,NA,NA,NA,NA,NA,NA,NA,NA,NA,NA,NA,NA,NA,NA,NA
rs964184,NA,NA,NA,NA,NA,NA,NA,NA,NA,NA,NA,NA,NA,NA,NA,NA,NA,NA,NA,NA,NA,NA
rs117877390,NA,NA,NA,NA,NA,NA,NA,NA,NA,NA,NA,NA,NA,NA,NA,NA,NA,NA,NA,NA,NA,NA
rs77719426,NA,NA,NA,NA,NA,NA,NA,NA,NA,NA,NA,NA,NA,NA,NA,NA,NA,NA,NA,NA,NA,NA
