id.exposure,id.outcome,outcome,exposure,egger_intercept,se,pval
Mhd156,EKxPPm,hipv2015,bmi,-1.1507610812191515,0.4575299030647085,0.012007116910139077
