id.exposure,id.outcome,outcome,exposure,method,nsnp,b,se,pval
Mhd156,EKxPPm,hipv2015,bmi,Inverse variance weighted (fixed effects),1427,12.57174296609621,9.75855956690854,0.19764901721519398
Mhd156,EKxPPm,hipv2015,bmi,Weighted median,1427,24.567786957172874,15.811894862275498,0.12024322657671375
Mhd156,EKxPPm,hipv2015,bmi,Weighted mode,1427,66.67313571277282,45.51289124638263,0.14316083090617773
Mhd156,EKxPPm,hipv2015,bmi,MR Egger,1427,86.53169755684515,31.187954013365825,0.005600449626205473
