id.exposure,id.outcome,outcome,exposure,method,nsnp,b,se,pval
tqG5jR,dPfTVC,hipv2015,bmi,Inverse variance weighted (fixed effects),2908,11.463555506308495,8.055323796290383,0.15470629718148732
tqG5jR,dPfTVC,hipv2015,bmi,Weighted median,2908,17.06060622022981,12.967784351059432,0.18830343593576648
tqG5jR,dPfTVC,hipv2015,bmi,Weighted mode,2908,46.35578478345042,43.92997950562623,0.2914124940681222
tqG5jR,dPfTVC,hipv2015,bmi,MR Egger,2908,50.75819455752487,24.720656716539448,0.04013567854855842
