id.exposure,id.outcome,outcome,exposure,method,nsnp,b,se,pval
9tbEMn,RLKDUr,bmi,hipv,Inverse variance weighted (fixed effects),5,-0.005775940001479392,0.011643764699051328,0.6198560733997103
9tbEMn,RLKDUr,bmi,hipv,Weighted median,5,-0.023253216711223143,0.020034458043112463,0.24577973500904005
9tbEMn,RLKDUr,bmi,hipv,Weighted mode,5,-0.034373151457198464,0.053292380065679344,0.5540626633789016
9tbEMn,RLKDUr,bmi,hipv,MR Egger,5,0.12160534142789227,0.02935824949039069,0.025552567249951974
