id.exposure,id.outcome,outcome,exposure,method,nsnp,b,se,pval
RfWO3F,5c7tkK,bmi,hipv,Inverse variance weighted (fixed effects),17,0.004654205420829491,0.009074741999243298,0.6080389843582052
RfWO3F,5c7tkK,bmi,hipv,Weighted median,17,-0.02223828186474109,0.014917525843095424,0.13602749180998042
RfWO3F,5c7tkK,bmi,hipv,Weighted mode,17,-0.024414013776683646,0.01979300034977594,0.23521560755119594
RfWO3F,5c7tkK,bmi,hipv,MR Egger,17,-0.010409014925340387,0.11482967839545205,0.9289721453975337
