id.exposure,id.outcome,outcome,exposure,method,nsnp,b,se,pval
MrxwVY,8Jhatf,bmi,hipv,Inverse variance weighted (fixed effects),8,-0.03768163515871925,0.012070583196574983,0.0017976475950853045
MrxwVY,8Jhatf,bmi,hipv,Weighted median,8,-0.027831156368830056,0.017187270260054597,0.10538511263566512
MrxwVY,8Jhatf,bmi,hipv,Weighted mode,8,-0.02304919595687782,0.02241801203226061,0.3380872660237843
MrxwVY,8Jhatf,bmi,hipv,MR Egger,8,-0.029579091495054718,0.09746100163999118,0.7717600673807345
