id.exposure,id.outcome,outcome,exposure,method,nsnp,b,se,pval
9mVjvY,mxVNWP,bmi,hipv,Inverse variance weighted (fixed effects),4,-0.04820639372594361,0.014965240575281043,0.00127644292366788
9mVjvY,mxVNWP,bmi,hipv,Weighted median,4,-0.0371994597429901,0.018822473858371776,0.048117173539611646
9mVjvY,mxVNWP,bmi,hipv,Weighted mode,4,-0.0315780897503867,0.020310926407871393,0.21784891566582437
9mVjvY,mxVNWP,bmi,hipv,MR Egger,4,0.09170140414003376,0.09836532156926615,0.4496215749470852
