id.exposure,id.outcome,outcome,exposure,method,nsnp,b,se,pval
9mVjvY,mxVNWP,bmi,hipv,Inverse variance weighted (fixed effects),4,-0.04820639372594361,0.014965240575281043,0.00127644292366788
9mVjvY,mxVNWP,bmi,hipv,Weighted median,4,-0.0371994597429901,0.01911127143090331,0.05159866462326764
9mVjvY,mxVNWP,bmi,hipv,Weighted mode,4,-0.0315780897503867,0.022291803909923115,0.25159048559030556
9mVjvY,mxVNWP,bmi,hipv,MR Egger,4,0.09170140414003376,0.09836532156926615,0.4496215749470852
