id.exposure,id.outcome,outcome,exposure,method,nsnp,b,se,pval
RfWO3F,5c7tkK,bmi,hipv,Inverse variance weighted (fixed effects),15,-0.007765601620946106,0.009615741719968136,0.4193251621863895
RfWO3F,5c7tkK,bmi,hipv,Weighted median,15,-0.01720765620702871,0.014688744214139899,0.24140353659290448
RfWO3F,5c7tkK,bmi,hipv,Weighted mode,15,-0.02452907435339871,0.019841687882374354,0.23670952962110825
RfWO3F,5c7tkK,bmi,hipv,MR Egger,15,-0.07810216295714816,0.05686036677819852,0.19279711609654934
