id.exposure,id.outcome,outcome,exposure,method,nsnp,b,se,pval
6hgwxO,k8b8lq,ptau,dbp,Inverse variance weighted (fixed effects),1216,-0.004043109595247137,0.0011597701440305304,4.900626270374778e-4
6hgwxO,k8b8lq,ptau,dbp,Weighted median,1216,-0.002233374265683252,0.0019173719551998532,0.24409585977220463
6hgwxO,k8b8lq,ptau,dbp,Weighted mode,1216,-7.919759224275791e-5,0.005359523754031413,0.9882125283655961
6hgwxO,k8b8lq,ptau,dbp,MR Egger,1216,-0.009118479351293484,0.0031566067211511533,0.003937103144141061
