target_snp,proxy_snp,ld.r2,Dprime,PHASE,X12,CHR,POS,Effect_allele.proxy,Non_Effect_allele.proxy,EAF,Beta,SE,P,r2,N,ref,ref.proxy,alt,alt.proxy,Effect_allele,Non_Effect_allele,proxy.outcome
rs13032049,rs13009169,0.90385,0.955366,GA/AG,NA,2,63405218,A,G,0.3042,-0.0099,0.0622,0.8738,4.149005580720001e-5,4914,G,A,A,G,G,A,TRUE
rs6835022,rs71606156,0.993836,1,TA/AG,NA,4,39361863,A,G,0.1862,-0.0217,0.0747,0.7714,1.427075090168e-4,4914,T,A,A,G,T,A,TRUE
rs144502847,rs138283763,1,1,AT/TC,NA,4,98394739,T,C,0.0161,-0.2549,0.3373,0.4499,0.0020584792957358006,4914,A,T,T,C,A,T,TRUE
rs150955800,rs138283763,0.856286,1,AT/TC,NA,4,98394739,T,C,0.0161,-0.2549,0.3373,0.4499,0.0020584792957358006,4914,A,T,T,C,A,T,TRUE
rs13127398,rs13126505,0.983084,1,AA/TG,NA,4,102865304,A,G,0.0882,-0.021,0.1215,0.8625,7.093111032e-5,4914,A,A,T,G,A,T,TRUE
rs28601761,rs112875651,0.804853,0.941059,GA/CG,NA,8,126506694,A,G,0.3849,0.0191,0.0625,0.7597,1.7273898694379999e-4,4914,G,A,C,G,G,C,TRUE
rs2049045,rs6265,0.962549,1,CT/GC,NA,11,27679916,T,C,0.1906,0.0351,0.073,0.6309,3.801284063928e-4,4914,C,T,G,C,C,G,TRUE
rs34704785,rs12871346,1,1,CC/TT,NA,13,68100360,T,C,0.5275,0.025,0.058,0.6668,3.115546875000001e-4,4914,C,C,T,T,T,C,TRUE
rs1123285,rs2274794,0.939305,0.982019,GT/CC,NA,14,57283934,T,C,0.3213,0.0241,0.0631,0.7023,2.533101870222e-4,4914,G,T,C,C,G,C,TRUE
rs79616692,rs11648570,0.969235,1,CC/GT,NA,16,72356964,T,C,0.8947,-0.006,0.0968,0.9502,6.783257519999997e-6,4914,C,C,G,T,G,C,TRUE
rs13332432,rs3794666,0.911587,0.97073,GT/CC,NA,16,85723042,T,C,0.2806,0.2239,0.0699,0.001371,0.0202393370564088,4914,G,T,C,C,G,C,TRUE
rs76640332,rs62062290,0.946138,1,AA/GC,NA,17,44099129,A,C,0.2217,0.0067,0.0701,0.9233,1.5491459095800002e-5,4914,A,A,G,C,A,G,TRUE
rs538628,rs169201,1,1,CG/GA,NA,17,44790203,A,G,0.7932,0.0222,0.071,0.7547,1.616847965568e-4,4914,C,G,G,A,G,C,TRUE
rs17288033,NA,NA,NA,NA,NA,NA,NA,NA,NA,NA,NA,NA,NA,NA,NA,NA,NA,NA,NA,NA,NA,NA
rs144198753,NA,NA,NA,NA,NA,NA,NA,NA,NA,NA,NA,NA,NA,NA,NA,NA,NA,NA,NA,NA,NA,NA
rs148382129,NA,NA,NA,NA,NA,NA,NA,NA,NA,NA,NA,NA,NA,NA,NA,NA,NA,NA,NA,NA,NA,NA
rs55938136,NA,NA,NA,NA,NA,NA,NA,NA,NA,NA,NA,NA,NA,NA,NA,NA,NA,NA,NA,NA,NA,NA
