id.exposure,id.outcome,outcome,exposure,method,nsnp,b,se,pval
VP9jyR,fihmQq,ptau,alcd,Inverse variance weighted (fixed effects),15,0.028614644547203867,0.012219064941391649,0.01919083470219991
VP9jyR,fihmQq,ptau,alcd,Weighted median,15,0.038890923009006234,0.0166034878207544,0.01916352898214628
VP9jyR,fihmQq,ptau,alcd,Weighted mode,15,0.04002869732989546,0.027500640765387784,0.1675717924770298
VP9jyR,fihmQq,ptau,alcd,MR Egger,15,0.03158026384687435,0.037039165956521014,0.40930507135876426
