id.exposure,id.outcome,outcome,exposure,method,nsnp,b,se,pval
XLFvy2,ICtlAn,ptau,alcd,Inverse variance weighted (fixed effects),15,0.028614644547203864,0.012219064941391649,0.019190834702199937
XLFvy2,ICtlAn,ptau,alcd,Weighted median,15,0.038890923009006234,0.0166034878207544,0.01916352898214628
XLFvy2,ICtlAn,ptau,alcd,Weighted mode,15,0.04002869732989546,0.027500640765387784,0.1675717924770298
XLFvy2,ICtlAn,ptau,alcd,MR Egger,15,0.03158026384687435,0.037039165956521014,0.40930507135876426
