id.exposure,id.outcome,outcome,exposure,method,nsnp,b,se,pval
ECtZVO,x3ky0L,ptau,alcd,Inverse variance weighted (fixed effects),16,0.022674788000125175,0.011742616728071115,0.05348521035028537
ECtZVO,x3ky0L,ptau,alcd,Weighted median,16,0.03518603147824825,0.016037146821014592,0.028233027712965174
ECtZVO,x3ky0L,ptau,alcd,Weighted mode,16,0.03952796516640171,0.02852933129699952,0.1861508615710508
ECtZVO,x3ky0L,ptau,alcd,MR Egger,16,0.03868625215025229,0.03680229100162347,0.3109777419833699
