id.exposure,id.outcome,outcome,exposure,method,nsnp,b,se,pval
gkkn4j,olGEnD,hipv2015,dep,Inverse variance weighted (fixed effects),16,74.20503531717264,166.6283031663932,0.6560793261673408
gkkn4j,olGEnD,hipv2015,dep,Weighted median,16,17.115144451654288,235.34192291522,0.9420252817270655
gkkn4j,olGEnD,hipv2015,dep,Weighted mode,16,-24.35088933040106,428.12328057700626,0.9553929573208586
gkkn4j,olGEnD,hipv2015,dep,MR Egger,16,1703.8232523827712,759.4474867882348,0.04155968692927445
