id.exposure,id.outcome,outcome,exposure,method,nsnp,b,se,pval
bmpOAK,YJXXtC,hipv2015,dep,Inverse variance weighted (fixed effects),16,74.20503531717267,166.6283031663932,0.6560793261673407
bmpOAK,YJXXtC,hipv2015,dep,Weighted median,16,17.115144451654288,225.82900256971809,0.9395877068936731
bmpOAK,YJXXtC,hipv2015,dep,Weighted mode,16,-24.35088933040106,421.2958568552333,0.9546709171744953
bmpOAK,YJXXtC,hipv2015,dep,MR Egger,16,1703.8232523827712,759.4474867882346,0.04155968692927445
