id.exposure,id.outcome,outcome,exposure,method,nsnp,b,se,pval
gkkn4j,olGEnD,hipv2015,dep,Inverse variance weighted (fixed effects),16,74.20503531717264,166.6283031663932,0.6560793261673408
gkkn4j,olGEnD,hipv2015,dep,Weighted median,16,17.115144451654288,225.82900256971809,0.9395877068936731
gkkn4j,olGEnD,hipv2015,dep,Weighted mode,16,-24.35088933040106,421.2958568552333,0.9546709171744953
gkkn4j,olGEnD,hipv2015,dep,MR Egger,16,1703.823252382771,759.4474867882348,0.04155968692927446
