id.exposure,id.outcome,outcome,exposure,method,nsnp,b,se,pval
1jfUjY,j51Pkv,hipv2015,dep,Inverse variance weighted (fixed effects),124,-11.530765651694171,71.36690751718419,0.8716443244416288
1jfUjY,j51Pkv,hipv2015,dep,Weighted median,124,-53.79979507006593,101.311625444852,0.595396057287657
1jfUjY,j51Pkv,hipv2015,dep,Weighted mode,124,-166.08014552141958,305.0714586951256,0.5871535291517255
1jfUjY,j51Pkv,hipv2015,dep,MR Egger,124,396.46642739913614,318.9416950576704,0.216226191842001
