id.exposure,id.outcome,outcome,exposure,method,nsnp,b,se,pval
mvTXec,yrG6Z3,ab42,sleep,Inverse variance weighted (fixed effects),20,7.358867394585727e-5,0.04347049919990045,0.9986493083854905
mvTXec,yrG6Z3,ab42,sleep,Weighted median,20,0.03432818805101942,0.059985421638965246,0.5671353350852301
mvTXec,yrG6Z3,ab42,sleep,Weighted mode,20,0.05795581920440185,0.1017550136314708,0.5756474054463422
mvTXec,yrG6Z3,ab42,sleep,MR Egger,20,0.1427044694211448,0.16160626437847536,0.38885725237889057
