id.exposure,id.outcome,outcome,exposure,method,nsnp,b,se,pval
EyXWlW,GxLMtH,ab42,sleep,Inverse variance weighted (fixed effects),18,0.0053715055717461725,0.04581240960531763,0.9066619364236862
EyXWlW,GxLMtH,ab42,sleep,Weighted median,18,0.03472222542460541,0.06056301855767789,0.5664254123072985
EyXWlW,GxLMtH,ab42,sleep,Weighted mode,18,0.0659971647193559,0.10038392396639627,0.519696380286149
EyXWlW,GxLMtH,ab42,sleep,MR Egger,18,0.13220135479448572,0.16315551899550004,0.4296678798914835
