id.exposure,id.outcome,outcome,exposure,method,nsnp,b,se,pval
8d2TbZ,DIzt21,sbp,hipv,Inverse variance weighted (fixed effects),26,0.3842474852485193,0.11740277766923705,0.001064503429375443
8d2TbZ,DIzt21,sbp,hipv,Weighted median,26,0.3463580403890745,0.1717973056678836,0.04379104605704069
8d2TbZ,DIzt21,sbp,hipv,Weighted mode,26,0.36443213326815105,0.2284108951363059,0.12316325351942664
8d2TbZ,DIzt21,sbp,hipv,MR Egger,26,0.28218518865043435,0.6157528423029044,0.6508763187102273
