id.exposure,id.outcome,outcome,exposure,egger_intercept,se,pval
8d2TbZ,DIzt21,sbp,hipv,0.006788755438409733,0.03845537204983425,0.8613541682009183
