exposure,outcome,method,nsnp,b,se,pval,Signif
ab42,load,IVW,5,-10.541538999757483,0.189399959845847,0,***
ab42,load,Weighted median,5,-10.020540288550203,0.870059780356642,1.0822763732947163e-30,***
ab42,load,MR Egger,5,-14.887704436869008,2.3909593861471348,0.008351802127472593,**
load,ab42,IVW,19,0.021549291865727876,0.0032786534834765924,4.9442741664396565e-11,***
load,ab42,Weighted median,19,0.06316315608694527,0.01422490833354404,8.982488352703972e-6,***
load,ab42,MR Egger,19,0.05239558228661713,0.02015236510372671,0.01868114642412029,*
