exposure,outcome,method,nsnp,b,se,pval,Signif
alcc,load,IVW,9,0.19660297805321666,0.3146329766334695,0.5320599925974705, 
alcc,load,Weighted median,9,0.0886736957481379,0.44356098538361394,0.8415484671370812, 
alcc,load,MR Egger,9,1.8796035698371956,1.4793359045617083,0.244476982993865, 
load,alcc,IVW,29,-0.0040919899137406585,0.001879252459710168,0.029446546648265404,*
load,alcc,Weighted median,29,-0.0031034712563538193,0.002666452453357604,0.2444664782430922, 
load,alcc,MR Egger,29,-0.0036274450508709385,0.003411259780016584,0.29703089593606646, 
