exposure,outcome,method,nsnp,b,se,pval,Signif
alcc,load,IVW,44,0.18144370623108175,0.18957736622104773,0.3385188893598292, 
alcc,load,Weighted median,44,0.24861000786398607,0.2732618508690737,0.36293499008730734, 
alcc,load,MR Egger,44,0.554092636988756,0.9564784130349052,0.5654778837287561, 
load,alcc,IVW,69,-0.001911208021317195,0.0015546373763914473,0.2189370976652047, 
load,alcc,Weighted median,69,-0.002596794461456818,0.0024304315419789594,0.2853175952888778, 
load,alcc,MR Egger,69,-0.002885232552964152,0.002956915153642867,0.33269454469942494, 
