exposure,outcome,method,nsnp,b,se,pval,Signif
ptau,load,IVW,16,4.122048924743624,0.13184637348382156,1.4392988405545217e-214,***
ptau,load,Weighted median,16,0.3405133016674963,0.22562229264979025,0.1312429952436901, 
ptau,load,MR Egger,16,8.017637401872207,4.58121831636855,0.10197345777152986, 
load,ptau,IVW,58,-9.635633809986408e-4,0.00410500513074126,0.8144191473967568, 
load,ptau,Weighted median,58,-0.007054060277389746,0.014252480918248742,0.6206455760937833, 
load,ptau,MR Egger,58,-0.025900200534471913,0.011009591376773582,0.022186690061922865,*
