exposure,outcome,method,nsnp,b,se,pval,Signif
tau,load,IVW,2,10.254998439160278,0.2569198676055671,0,***
load,tau,IVW,19,-0.011459247111476644,0.004786110727586122,0.01665342969470854,*
load,tau,Weighted median,19,-0.03972425709893286,0.01566783403507912,0.01123183636620196,*
load,tau,MR Egger,19,-0.035159382178279054,0.01795642484069234,0.06684498113734573,.
