id.exposure,id.outcome,outcome,exposure,method,nsnp,b,se,pval
q0d6Nt,rn8uzA,aaos,mdd,Inverse variance weighted (fixed effects),45,-0.05373799754716954,0.07370777405913406,0.4659599174038613
q0d6Nt,rn8uzA,aaos,mdd,Weighted median,45,-0.09191539305879187,0.10510406397798491,0.38183623633564695
q0d6Nt,rn8uzA,aaos,mdd,Weighted mode,45,0.06829403853367788,0.20015109730854969,0.7345677846708807
q0d6Nt,rn8uzA,aaos,mdd,MR Egger,45,-0.5888568013352614,0.42846706794176764,0.17645910106110205
