id.exposure,id.outcome,outcome,exposure,method,nsnp,b,se,pval
q0d6Nt,rn8uzA,aaos,mdd,Inverse variance weighted (fixed effects),45,-0.05373799754716954,0.07370777405913406,0.4659599174038613
q0d6Nt,rn8uzA,aaos,mdd,Weighted median,45,-0.09191539305879187,0.11087257706008163,0.40709406380008534
q0d6Nt,rn8uzA,aaos,mdd,Weighted mode,45,0.06829403853367788,0.2051727754359415,0.7408199556665767
q0d6Nt,rn8uzA,aaos,mdd,MR Egger,45,-0.5888568013352614,0.42846706794176764,0.17645910106110205
