id.exposure,id.outcome,outcome,exposure,egger_intercept,se,pval
dT7Gsh,tq5jD0,aaos,mdd,0.01052089642024697,0.0065544937856179914,0.11019622004721868
