target_snp,proxy_snp,ld.r2,Dprime,PHASE,X12,CHR,POS,Effect_allele.proxy,Non_Effect_allele.proxy,EAF,Beta,SE,P,r2,N,ref,ref.proxy,alt,alt.proxy,Effect_allele,Non_Effect_allele,proxy.outcome
rs10888896,rs6681159,0.985306,0.995066,GC/CT,NA,1,55507882,T,C,0.7392,0.1148,0.1113,0.3024,0.0050813992255488005,4914,G,C,C,T,C,G,TRUE
rs1010167,rs11101980,0.963176,0.983435,GG/CT,NA,1,110193645,T,G,0.6078,-0.0581,0.0802,0.4692,0.0016093501525752,4914,G,G,C,T,C,G,TRUE
rs17563312,rs56080648,1,1,TG/AA,NA,5,74798065,A,G,0.9385,-0.2172,0.1651,0.1884,0.00544576667832,4914,T,G,A,A,A,T,TRUE
rs3125055,rs3125060,1,1,AA/TG,NA,6,160711018,A,G,0.1274,-0.0067,0.1092,0.9513,9.980774367200002e-6,4914,A,A,T,G,A,T,TRUE
rs9987289,rs4841133,1,1,AA/GG,NA,8,9183664,A,G,0.0958,-0.084,0.1225,0.4931,0.00122241474432,4914,A,A,G,G,A,G,TRUE
rs2954029,rs2980860,0.99599,1,TG/AA,NA,8,126485337,A,G,0.5283,0.078,0.0739,0.2909,0.00303225477048,4914,T,G,A,A,A,T,TRUE
rs8180991,rs55921265,1,1,GA/CG,NA,8,126503915,A,G,0.2313,-0.0237,0.0843,0.7789,1.9973731224779998e-4,4914,G,A,C,G,G,C,TRUE
rs11230815,rs6591661,1,1,GC/CT,NA,11,61635689,T,C,0.8856,0.1204,0.115,0.2951,0.002937288478924798,4914,G,C,C,T,C,G,TRUE
rs2738464,rs7258950,1,1,GA/CG,NA,19,11250139,A,G,0.1188,0.0791,0.1156,0.49370000000000003,0.0013100078309472001,4914,G,A,C,G,G,C,TRUE
rs3810444,rs80341032,1,1,AA/TG,NA,19,19207229,A,G,0.0445,-0.0168,0.2578,0.9479,2.4001548479999997e-5,4914,A,A,T,G,A,T,TRUE
rs2965156,rs2965155,0.945466,0.995866,GT/CC,NA,19,45188471,T,C,0.4992,0.08,0.075,0.286,0.0031999918080000004,4914,G,T,C,C,G,C,TRUE
rs4803763,rs4803764,0.969803,0.989784,CC/GT,NA,19,45357377,T,C,0.6844,-0.3997,0.0957,2.94e-5,0.0690152852921952,4914,C,C,G,T,G,C,TRUE
rs8108762,rs12977416,0.936312,0.995137,AT/GC,NA,19,45597737,T,C,0.3159,0.0463,0.0786,0.5559,9.265336442622e-4,4914,A,T,G,C,A,G,TRUE
rs11591147,NA,NA,NA,NA,NA,NA,NA,NA,NA,NA,NA,NA,NA,NA,NA,NA,NA,NA,NA,NA,NA,NA
rs11583974,NA,NA,NA,NA,NA,NA,NA,NA,NA,NA,NA,NA,NA,NA,NA,NA,NA,NA,NA,NA,NA,NA
rs1998013,NA,NA,NA,NA,NA,NA,NA,NA,NA,NA,NA,NA,NA,NA,NA,NA,NA,NA,NA,NA,NA,NA
rs648673,NA,NA,NA,NA,NA,NA,NA,NA,NA,NA,NA,NA,NA,NA,NA,NA,NA,NA,NA,NA,NA,NA
rs1800478,NA,NA,NA,NA,NA,NA,NA,NA,NA,NA,NA,NA,NA,NA,NA,NA,NA,NA,NA,NA,NA,NA
rs964184,NA,NA,NA,NA,NA,NA,NA,NA,NA,NA,NA,NA,NA,NA,NA,NA,NA,NA,NA,NA,NA,NA
rs35136575,NA,NA,NA,NA,NA,NA,NA,NA,NA,NA,NA,NA,NA,NA,NA,NA,NA,NA,NA,NA,NA,NA
