id.exposure,id.outcome,outcome,exposure,method,nsnp,b,se,pval
IHee6l,d7ca6E,insom,ab42,Inverse variance weighted (fixed effects),16,0.2782814197857152,0.11049768971559584,0.011787712174983592
IHee6l,d7ca6E,insom,ab42,Weighted median,16,0.3472596421559824,0.15051707384805713,0.021048616076875335
IHee6l,d7ca6E,insom,ab42,Weighted mode,16,0.49838936690463687,0.16156652017311768,0.007548986981404525
IHee6l,d7ca6E,insom,ab42,MR Egger,16,0.4442300157265463,0.21745170204568814,0.06036212995831275
