id.exposure,id.outcome,outcome,exposure,method,nsnp,b,se,pval
FezmaQ,iCVMV7,insom,ab42,Inverse variance weighted (fixed effects),5,0.3510489560003198,0.1354236771280267,0.009535673987775568
FezmaQ,iCVMV7,insom,ab42,Weighted median,5,0.3050471094110956,0.16562434540444365,0.06550424217128742
FezmaQ,iCVMV7,insom,ab42,Weighted mode,5,0.5206372989554222,0.18376280381598276,0.047191528811478624
FezmaQ,iCVMV7,insom,ab42,MR Egger,5,0.5989934576992879,0.27453510087819183,0.1171459854771677
