id.exposure,id.outcome,outcome,exposure,egger_intercept,se,pval
IHee6l,d7ca6E,insom,ab42,-0.006906126500654906,0.0077940448850564795,0.39054242009508855
