id.exposure,id.outcome,outcome,exposure,method,nsnp,b,se,pval
FezmaQ,iCVMV7,insom,ab42,Inverse variance weighted (fixed effects),5,0.3510489560003198,0.1354236771280267,0.009535673987775568
FezmaQ,iCVMV7,insom,ab42,Weighted median,5,0.3050471094110956,0.16377916819518104,0.06252541569385962
FezmaQ,iCVMV7,insom,ab42,Weighted mode,5,0.5206372989554222,0.1821141006383061,0.04598273022605495
FezmaQ,iCVMV7,insom,ab42,MR Egger,5,0.5989934576992879,0.27453510087819183,0.1171459854771677
