target_snp,proxy_snp,ld.r2,Dprime,PHASE,X12,CHR,POS,Effect_allele.proxy,Non_Effect_allele.proxy,EAF,Beta,SE,P,r2,N,ref,ref.proxy,alt,alt.proxy,Effect_allele,Non_Effect_allele,proxy.outcome
rs13147559,rs36027619,0.991507,1,GT/CC,NA,4,17525356,T,C,0.1421,0.0976,0.0828,0.2386,0.0023225248890368,4914,G,T,C,C,G,C,TRUE
rs2354376,rs6945259,0.987385,0.995768,CG/AT,NA,7,138485954,T,G,0.6093,-0.021,0.0599,0.726,2.0996319582000005e-4,4914,C,G,A,T,A,C,TRUE
rs146229052,rs145759401,0.927636,1,CA/TG,NA,22,38347867,A,G,0.0215,0.0649,0.2306,0.7784,1.7722242675499995e-4,4914,C,A,T,G,C,T,TRUE
