id.exposure,id.outcome,outcome,exposure,method,nsnp,b,se,pval
cDw5Iy,VAUU0t,hipv,mdd,Inverse variance weighted (fixed effects),180,0.035259461630995755,0.025437741630633653,0.16571387445113153
cDw5Iy,VAUU0t,hipv,mdd,Weighted median,180,0.0017634760758911197,0.03736881546719494,0.9623609086714275
cDw5Iy,VAUU0t,hipv,mdd,Weighted mode,180,-0.036291764992020026,0.11354801118422117,0.7496321401439882
cDw5Iy,VAUU0t,hipv,mdd,MR Egger,180,0.09465100367553383,0.13927487084682919,0.497641492464882
