id.exposure,id.outcome,outcome,exposure,egger_intercept,se,pval
VE3E8n,q8TH5T,hipv,mdd,-0.0017309355302770636,0.003986000951405423,0.6646301694373369
