id.exposure,id.outcome,outcome,exposure,method,nsnp,b,se,pval
EtNy7P,EBHISS,hipv,mdd,Inverse variance weighted (fixed effects),44,0.06700958952127922,0.04444198312265768,0.13160591014296869
EtNy7P,EBHISS,hipv,mdd,Weighted median,44,0.020901861940708776,0.06193066532025535,0.735736818728141
EtNy7P,EBHISS,hipv,mdd,Weighted mode,44,-0.030348346669598625,0.1362172018371713,0.8247509447110207
EtNy7P,EBHISS,hipv,mdd,MR Egger,44,-0.14877054111722454,0.26627069524981173,0.579320297899671
