SNP,rsID,ld.r2,Dprime,ref.proxy,alt.proxy,CHR,POS,Effect_allele.proxy,Non_Effect_allele.proxy,EAF,Beta,SE,P,r2,N,ref,alt,Effect_allele,Non_Effect_allele
rs451162,rs388631,1,1,T,C,1,4834229,T,C,0.208,-0.0144,0.0192,0.4517,6.831931392e-5,54162,G,C,G,C
rs182589382,rs140311383,0.96,1,C,T,2,60417210,T,C,0.1059,-0.0635,0.0424,0.1338,7.635887147549999e-4,54162,C,T,T,C
rs76485002,NA,NA,NA,NA,NA,NA,NA,NA,NA,NA,NA,NA,NA,NA,NA,NA,NA,NA,NA
rs1518367,rs11887138,0.94,1,T,A,2,198805838,T,A,0.6851,-0.0118,0.0165,0.4774,6.00787154552e-5,54162,T,A,T,A
rs73104582,rs17198113,0.93,1,C,T,4,10138470,T,C,0.2637,0.0018,0.018,0.9222,1.2581717688e-6,54162,G,T,T,G
rs34215985,rs145083620,0.98,0.99,T,C,4,42047543,T,C,0.2415,-0.0119,0.0192,0.5344,5.1879602355e-5,54162,C,G,C,G
rs80315381,NA,NA,NA,NA,NA,NA,NA,NA,NA,NA,NA,NA,NA,NA,NA,NA,NA,NA,NA
rs3094005,rs1800628,0.9,0.96,G,A,6,31546850,A,G,0.0963,-0.0223,0.0294,0.4477,8.655462739980001e-5,54162,G,T,T,G
rs1403175,rs10268609,1,1,G,T,7,1962163,G,T,0.8182,0.0387,0.0208,0.06331,4.455590607287999e-4,54162,A,T,A,T
rs2342502,rs6970287,0.85,0.95,T,C,7,4150914,C,T,0.5648,0.0108,0.0165,0.5133,5.7340447948800005e-5,54162,C,G,G,C
rs12672058,rs4577906,0.95,1,C,G,7,82955177,G,C,0.5856,-0.0036,0.0159,0.8184,6.2900748288e-6,54162,G,C,C,G
rs6999559,NA,NA,NA,NA,NA,NA,NA,NA,NA,NA,NA,NA,NA,NA,NA,NA,NA,NA,NA
rs2447670,NA,NA,NA,NA,NA,NA,NA,NA,NA,NA,NA,NA,NA,NA,NA,NA,NA,NA,NA
rs77741769,rs61946386,0.97,0.99,T,C,12,121364025,C,T,0.6426,-0.021,0.0182,0.2481,2.0256474168000004e-4,54162,C,T,T,C
rs142091199,NA,NA,NA,NA,NA,NA,NA,NA,NA,NA,NA,NA,NA,NA,NA,NA,NA,NA,NA
rs415551,rs238859,0.93,1,T,C,22,34157814,T,C,0.1259,-0.0182,0.0232,0.4333,7.29053873912e-5,54162,T,G,T,G
rs2267983,rs1076650,0.88,0.98,G,A,22,50697636,A,G,0.3314,-0.0328,0.0181,0.06956,4.767564303872001e-4,54162,C,A,A,C
