id.exposure,id.outcome,outcome,exposure,egger_intercept,se,pval
0x9A0l,i4A7QE,tau,alcc,0.022215344008563474,0.01131774490922967,0.09730625803514453
