id.exposure,id.outcome,outcome,exposure,method,nsnp,b,se,pval
yvFKBs,YAORG0,tau,alcc,Inverse variance weighted (fixed effects),7,0.1343282207202466,0.12670073700496845,0.28905326447187074
yvFKBs,YAORG0,tau,alcc,Weighted median,7,0.1739212274653938,0.1604244529458254,0.2783064298798797
yvFKBs,YAORG0,tau,alcc,Weighted mode,7,0.16261749432074568,0.16994714668854388,0.3755821502075697
yvFKBs,YAORG0,tau,alcc,MR Egger,7,-0.6190323192323625,0.5624965839163292,0.3212493351085817
