id.exposure,id.outcome,outcome,exposure,method,nsnp,b,se,pval
5LfdtO,jxOQlh,tau,alcc,Inverse variance weighted (fixed effects),8,0.0134414218485177,0.10915125657774735,0.901992347545125
5LfdtO,jxOQlh,tau,alcc,Weighted median,8,0.06659451583096415,0.15620257543198232,0.669864266945841
5LfdtO,jxOQlh,tau,alcc,Weighted mode,8,0.11644377692671126,0.19477234311624317,0.5687718257530747
5LfdtO,jxOQlh,tau,alcc,MR Egger,8,-0.9431097130156813,0.4993953039360299,0.10787571934729398
