id.exposure,id.outcome,outcome,exposure,method,nsnp,b,se,pval
0x9A0l,i4A7QE,tau,alcc,Inverse variance weighted (fixed effects),8,0.0134414218485177,0.10915125657774734,0.901992347545125
0x9A0l,i4A7QE,tau,alcc,Weighted median,8,0.06659451583096415,0.15871230954243684,0.6747830711557289
0x9A0l,i4A7QE,tau,alcc,Weighted mode,8,0.11644377692671126,0.19696170392710674,0.5729735835425539
0x9A0l,i4A7QE,tau,alcc,MR Egger,8,-0.9431097130156809,0.4993953039360297,0.10787571934729404
