id.exposure,id.outcome,outcome,exposure,method,nsnp,b,se,pval
yvFKBs,YAORG0,tau,alcc,Inverse variance weighted (fixed effects),7,0.1343282207202466,0.12670073700496845,0.28905326447187074
yvFKBs,YAORG0,tau,alcc,Weighted median,7,0.1739212274653938,0.1623294614789256,0.2839856191666324
yvFKBs,YAORG0,tau,alcc,Weighted mode,7,0.16261749432074568,0.1784664842913555,0.3973231725154114
yvFKBs,YAORG0,tau,alcc,MR Egger,7,-0.6190323192323626,0.5624965839163292,0.3212493351085817
