id.exposure,id.outcome,outcome,exposure,method,nsnp,b,se,pval
CDEEO7,WoElio,tau,alcc,Inverse variance weighted (fixed effects),31,0.08484899534273976,0.07666566124352214,0.2684061223131491
CDEEO7,WoElio,tau,alcc,Weighted median,31,0.17882630206121064,0.11496863466676298,0.1198423717878838
CDEEO7,WoElio,tau,alcc,Weighted mode,31,0.21035796560090825,0.1484764590711751,0.16684961534219367
CDEEO7,WoElio,tau,alcc,MR Egger,31,0.06777890888018538,0.35655660237736425,0.8505606539579156
