id.exposure,id.outcome,outcome,exposure,method,nsnp,b,se,pval
pmExzy,el2M6u,tau,alcc,Inverse variance weighted (fixed effects),37,0.01682474469042521,0.0686881708637471,0.8064999119810122
pmExzy,el2M6u,tau,alcc,Weighted median,37,0.0815487390906403,0.10731910522250734,0.447331345210914
pmExzy,el2M6u,tau,alcc,Weighted mode,37,0.197389076941886,0.1625177936478946,0.23243746520301944
pmExzy,el2M6u,tau,alcc,MR Egger,37,-0.14595300063088812,0.3066423359752987,0.6370524149831083
