id.exposure,id.outcome,outcome,exposure,method,nsnp,b,se,pval
0x9A0l,i4A7QE,tau,alcc,Inverse variance weighted (fixed effects),8,0.0134414218485177,0.10915125657774734,0.901992347545125
0x9A0l,i4A7QE,tau,alcc,Weighted median,8,0.06659451583096415,0.14905763257587193,0.6550409533049022
0x9A0l,i4A7QE,tau,alcc,Weighted mode,8,0.11644377692671126,0.1916982548304665,0.5627420762118349
0x9A0l,i4A7QE,tau,alcc,MR Egger,8,-0.9431097130156809,0.4993953039360297,0.10787571934729404
