id.exposure,id.outcome,outcome,exposure,method,nsnp,b,se,pval
f2ZfKF,NgKV4m,tau,alcc,Inverse variance weighted (fixed effects),31,0.08484899534273976,0.07666566124352214,0.2684061223131491
f2ZfKF,NgKV4m,tau,alcc,Weighted median,31,0.17882630206121064,0.11331667245275392,0.11454008160838078
f2ZfKF,NgKV4m,tau,alcc,Weighted mode,31,0.21035796560090825,0.14548466091209755,0.15856899516624565
f2ZfKF,NgKV4m,tau,alcc,MR Egger,31,0.06777890888018538,0.35655660237736425,0.8505606539579156
