id.exposure,id.outcome,outcome,exposure,method,nsnp,b,se,pval
BbHPYv,tyS2TN,dep,ab42,Inverse variance weighted (fixed effects),16,-0.004321756520297583,0.01072327867059304,0.6869293438252263
BbHPYv,tyS2TN,dep,ab42,Weighted median,16,-0.010467056286701073,0.01573617718967891,0.5059489473635728
BbHPYv,tyS2TN,dep,ab42,Weighted mode,16,-0.005170139195441847,0.014714088584584973,0.7301950671408081
BbHPYv,tyS2TN,dep,ab42,MR Egger,16,-0.03154549216427952,0.024396985223639946,0.21693901187454762
