id.exposure,id.outcome,outcome,exposure,method,nsnp,b,se,pval
qEKP8R,nOLuzl,dep,ab42,Inverse variance weighted (fixed effects),5,-7.779657863694269e-4,0.013204960385974119,0.9530200792366419
qEKP8R,nOLuzl,dep,ab42,Weighted median,5,-0.00814157935584667,0.015800455097026034,0.6063608725210377
qEKP8R,nOLuzl,dep,ab42,Weighted mode,5,-0.01131859643993053,0.01762389600182812,0.555681709706153
qEKP8R,nOLuzl,dep,ab42,MR Egger,5,-0.01873792409166402,0.02678967973480157,0.534628192795693
