id.exposure,id.outcome,outcome,exposure,method,nsnp,b,se,pval
qEKP8R,nOLuzl,dep,ab42,Inverse variance weighted (fixed effects),5,-7.779657863694269e-4,0.013204960385974119,0.9530200792366419
qEKP8R,nOLuzl,dep,ab42,Weighted median,5,-0.00814157935584667,0.014938173319989048,0.5857408611773999
qEKP8R,nOLuzl,dep,ab42,Weighted mode,5,-0.01131859643993053,0.017413316794798055,0.5511370298378298
qEKP8R,nOLuzl,dep,ab42,MR Egger,5,-0.01873792409166402,0.02678967973480157,0.534628192795693
