id.exposure,id.outcome,outcome,exposure,method,nsnp,b,se,pval
n0a6xU,eaIXD9,load,smkukbb,Inverse variance weighted (fixed effects),685,-0.03838437024111864,0.09045561320412224,0.6713143621114142
n0a6xU,eaIXD9,load,smkukbb,Weighted median,685,-0.11371611822987214,0.13891934396207273,0.4130280468919086
n0a6xU,eaIXD9,load,smkukbb,Weighted mode,685,-0.22692466267160682,0.45508810489267126,0.6181940571007334
n0a6xU,eaIXD9,load,smkukbb,MR Egger,685,0.9429119055524925,0.39568776575182235,0.017446092861451504
