id.exposure,id.outcome,outcome,exposure,method,nsnp,b,se,pval
PoULhL,5UOXOK,load,smkukbb,Inverse variance weighted (fixed effects),198,0.18692213769453078,0.14036233468860662,0.18295500317457836
PoULhL,5UOXOK,load,smkukbb,Weighted median,198,0.05416851452338693,0.21331906560886993,0.7995481737237531
PoULhL,5UOXOK,load,smkukbb,Weighted mode,198,-0.18684449071193932,0.5387693177173272,0.7291127281375824
PoULhL,5UOXOK,load,smkukbb,MR Egger,198,0.40619334333791746,0.708974900691424,0.5673484397311539
