id.exposure,id.outcome,outcome,exposure,method,nsnp,b,se,pval
lwzFNt,czkE4f,aaos,sociso,Inverse variance weighted (fixed effects),24,-0.5772951525593214,0.2322684313775994,0.012938215928803933
lwzFNt,czkE4f,aaos,sociso,Weighted median,24,-0.6515468191570957,0.336351770437081,0.05273319161867916
lwzFNt,czkE4f,aaos,sociso,Weighted mode,24,-0.573985618103853,0.43671134463068567,0.20169033087041466
lwzFNt,czkE4f,aaos,sociso,MR Egger,24,-0.8145770850608915,1.4787468281774798,0.5872831696981535
