id.exposure,id.outcome,outcome,exposure,method,nsnp,b,se,pval
HjfPzZ,SCH7wd,hipv,trig,Inverse variance weighted (fixed effects),255,-0.0015102962527274535,0.01763410198036723,0.9317475616283877
HjfPzZ,SCH7wd,hipv,trig,Weighted median,255,0.005634570049114441,0.029860452106759385,0.8503305046493324
HjfPzZ,SCH7wd,hipv,trig,Weighted mode,255,0.018731746361990265,0.034679722364107525,0.589576905057063
HjfPzZ,SCH7wd,hipv,trig,MR Egger,255,0.05343666901199297,0.037665571389443146,0.1572131445894895
