id.exposure,id.outcome,outcome,exposure,egger_intercept,se,pval
2ZucVi,4COt0D,hipv,trig,-0.0022927432136919538,0.0018665254973351353,0.22139205510990814
