id.exposure,id.outcome,outcome,exposure,egger_intercept,se,pval
UjY79n,5iwLBe,hipv,trig,-0.002565528537889243,0.0014264564969102668,0.07328454640011378
