id.exposure,id.outcome,outcome,exposure,method,nsnp,b,se,pval
UjY79n,5iwLBe,hipv,trig,Inverse variance weighted (fixed effects),255,-0.0015102962527274535,0.01763410198036723,0.9317475616283877
UjY79n,5iwLBe,hipv,trig,Weighted median,255,0.005634570049114441,0.03118965417617766,0.8566383049406697
UjY79n,5iwLBe,hipv,trig,Weighted mode,255,0.018731746361990265,0.03249765289163727,0.5648531972390585
UjY79n,5iwLBe,hipv,trig,MR Egger,255,0.05343666901199297,0.037665571389443146,0.1572131445894895
