id.exposure,id.outcome,outcome,exposure,egger_intercept,se,pval
MtuA2c,L8Fc7I,hipv,trig,-0.0020447190685187865,0.0018755295280154542,0.2774676716121048
