id.exposure,id.outcome,outcome,exposure,method,nsnp,b,se,pval
vD375i,vRzkUR,hipv,trig,Inverse variance weighted (fixed effects),141,0.009543179153942758,0.019234024236527307,0.6197805876471287
vD375i,vRzkUR,hipv,trig,Weighted median,141,0.0062975663935748525,0.03137386414625382,0.8409124261477402
vD375i,vRzkUR,hipv,trig,Weighted mode,141,0.008033425264008631,0.031623195721276635,0.799840585650689
vD375i,vRzkUR,hipv,trig,MR Egger,141,0.04985457305048173,0.04018164246483902,0.2167955268886559
