id.exposure,id.outcome,outcome,exposure,method,nsnp,b,se,pval
EM1diF,ErLsVz,hipv,trig,Inverse variance weighted (fixed effects),258,0.0019802911812724098,0.01758342584610129,0.9103297647786124
EM1diF,ErLsVz,hipv,trig,Weighted median,258,0.0058953353718886785,0.030756633435929773,0.847995321446139
EM1diF,ErLsVz,hipv,trig,Weighted mode,258,0.019775503642180947,0.02960069458996009,0.5046848249377159
EM1diF,ErLsVz,hipv,trig,MR Egger,258,0.05531626775293556,0.037789383745984534,0.14447419005219295
