id.exposure,id.outcome,outcome,exposure,method,nsnp,b,se,pval
2ZucVi,4COt0D,hipv,trig,Inverse variance weighted (fixed effects),141,0.009543179153942758,0.019234024236527307,0.6197805876471287
2ZucVi,4COt0D,hipv,trig,Weighted median,141,0.0062975663935748525,0.031143235434583343,0.8397502274322636
2ZucVi,4COt0D,hipv,trig,Weighted mode,141,0.008033425264008631,0.03611552918650977,0.8242979900186655
2ZucVi,4COt0D,hipv,trig,MR Egger,141,0.04985457305048173,0.04018164246483902,0.2167955268886559
