id.exposure,id.outcome,outcome,exposure,egger_intercept,se,pval
vD375i,vRzkUR,hipv,trig,-0.0022927432136919538,0.0018665254973351353,0.22139205510990814
