id.exposure,id.outcome,outcome,exposure,method,nsnp,b,se,pval
MtuA2c,L8Fc7I,hipv,trig,Inverse variance weighted (fixed effects),143,0.01929414799855365,0.01921104438566666,0.31522158985065785
MtuA2c,L8Fc7I,hipv,trig,Weighted median,143,0.006703148343835501,0.029832419457330672,0.82221778409779
MtuA2c,L8Fc7I,hipv,trig,Weighted mode,143,0.011782922454153022,0.03461213122572024,0.7340376826072541
MtuA2c,L8Fc7I,hipv,trig,MR Egger,143,0.051929473558005056,0.03870045306059614,0.18180765166396856
