id.exposure,id.outcome,outcome,exposure,method,nsnp,b,se,pval
EM1diF,ErLsVz,hipv,trig,Inverse variance weighted (fixed effects),257,0.006711252140104615,0.01761638780896643,0.703228168301274
EM1diF,ErLsVz,hipv,trig,Weighted median,257,0.006040151999375085,0.029488589856138194,0.8377048376369944
EM1diF,ErLsVz,hipv,trig,Weighted mode,257,0.019806899625431917,0.031610298083283306,0.5314821650760273
EM1diF,ErLsVz,hipv,trig,MR Egger,257,0.05940164860332081,0.036968177915672855,0.10932876015034199
