id.exposure,id.outcome,outcome,exposure,egger_intercept,se,pval
k8x7Zl,BxpET4,nft4,pp,-0.005613187057991534,0.003209216898396898,0.08041186040615278
