id.exposure,id.outcome,outcome,exposure,method,nsnp,b,se,pval
t9lqcQ,oSsbzw,nft4,pp,Inverse variance weighted (fixed effects),1138,-0.015550550644539233,0.008726555812220876,0.07475244246636939
t9lqcQ,oSsbzw,nft4,pp,Weighted median,1138,-0.009515545256625126,0.013845463768802616,0.49191381175536003
t9lqcQ,oSsbzw,nft4,pp,Weighted mode,1138,0.016471788503414686,0.03692662936670393,0.6556330428046674
t9lqcQ,oSsbzw,nft4,pp,MR Egger,1138,0.028766938489780642,0.025380516259119596,0.25727451758111475
