id.exposure,id.outcome,outcome,exposure,method,nsnp,b,se,pval
681x9C,QE7ZUK,ab42,mdd,Inverse variance weighted (fixed effects),130,-0.014123526824613574,0.014059977789438769,0.3151281067913227
681x9C,QE7ZUK,ab42,mdd,Weighted median,130,-0.008055506554478354,0.02159058315503897,0.7090719511604651
681x9C,QE7ZUK,ab42,mdd,Weighted mode,130,0.0027574290880081342,0.0647606099152376,0.9661031290699014
681x9C,QE7ZUK,ab42,mdd,MR Egger,130,0.024477271074440872,0.08066770055378895,0.7620522716957737
