id.exposure,id.outcome,outcome,exposure,egger_intercept,se,pval
681x9C,QE7ZUK,ab42,mdd,-0.0011326749295937559,0.002322598713070672,0.6266138213777328
