id.exposure,id.outcome,outcome,exposure,method,Q,Q_df,Q_pval
D512NJ,6QKw4p,ab42,mdd,MR Egger,46.250789529251215,32,0.049431131167201166
D512NJ,6QKw4p,ab42,mdd,Inverse variance weighted,46.27377697806218,33,0.06240304988915044
