id.exposure,id.outcome,outcome,exposure,method,nsnp,b,se,pval
ZthmBV,6v6hH0,ab42,mdd,Inverse variance weighted (fixed effects),34,-0.003367779161347376,0.023652833047594808,0.8867768940965607
ZthmBV,6v6hH0,ab42,mdd,Weighted median,34,-0.018671509158087737,0.03596077483601869,0.6036081936016462
ZthmBV,6v6hH0,ab42,mdd,Weighted mode,34,-0.08190483836904072,0.07924112627454494,0.3088318064357609
ZthmBV,6v6hH0,ab42,mdd,MR Egger,34,0.016471940064688374,0.15986599123272974,0.9185774764721633
