id.exposure,id.outcome,outcome,exposure,egger_intercept,se,pval
D512NJ,6QKw4p,ab42,mdd,-6.590788487039771e-4,0.005226086251552737,0.9004313137266156
