id.exposure,id.outcome,outcome,exposure,method,Q,Q_df,Q_pval
681x9C,QE7ZUK,ab42,mdd,MR Egger,156.7886529433376,128,0.04265439079015408
681x9C,QE7ZUK,ab42,mdd,Inverse variance weighted,157.07997064379114,129,0.046852925479796144
