id.exposure,id.outcome,outcome,exposure,method,nsnp,b,se,pval
EQz3JR,wBjUs4,load,bmi,Inverse variance weighted (fixed effects),3199,-0.04191499603910211,0.02637388270859593,0.1120013699467099
EQz3JR,wBjUs4,load,bmi,Weighted median,3199,0.0302392867330832,0.04822113499011274,0.5305962292551425
EQz3JR,wBjUs4,load,bmi,Weighted mode,3199,0.07541770480722221,0.18094999029616357,0.6768617757759636
EQz3JR,wBjUs4,load,bmi,MR Egger,3199,-0.1049432314882641,0.118475709428274,0.3758035380782585
