id.exposure,id.outcome,outcome,exposure,method,nsnp,b,se,pval
5Tn0Wd,sT92R8,load,bmi,Inverse variance weighted (fixed effects),1564,-0.08991210838847982,0.03202861057948809,0.004996745778021275
5Tn0Wd,sT92R8,load,bmi,Weighted median,1564,0.018907556103325975,0.055877309815694075,0.7350796485537703
5Tn0Wd,sT92R8,load,bmi,Weighted mode,1564,0.13501773720870602,0.18665566062946842,0.46957191435882295
5Tn0Wd,sT92R8,load,bmi,MR Egger,1564,-0.17342828504233487,0.15991417962915597,0.2783067653113794
