id.exposure,id.outcome,outcome,exposure,egger_intercept,se,pval
5Tn0Wd,sT92R8,load,bmi,0.0012346949400146403,0.002336590518429474,0.5972846773224891
