id.exposure,id.outcome,outcome,exposure,method,nsnp,b,se,pval
vPMEdO,KMxUAD,load,bmi,Inverse variance weighted (fixed effects),1600,-0.09743058400853948,0.031654058198372664,0.0020840832824199347
vPMEdO,KMxUAD,load,bmi,Weighted median,1600,0.017435098800334985,0.05523693712537418,0.7522742342704206
vPMEdO,KMxUAD,load,bmi,Weighted mode,1600,0.1320085002788005,0.18802535950976826,0.4827325953948679
vPMEdO,KMxUAD,load,bmi,MR Egger,1600,-0.18576975018339176,0.15752200143438264,0.23844404340011088
