id.exposure,id.outcome,outcome,exposure,method,nsnp,b,se,pval
5Tn0Wd,sT92R8,load,bmi,Inverse variance weighted (fixed effects),1566,-0.09465555505059436,0.032018856575793134,0.003114105502779473
5Tn0Wd,sT92R8,load,bmi,Weighted median,1566,0.01887753976813956,0.05310602224783987,0.7222383333255091
5Tn0Wd,sT92R8,load,bmi,Weighted mode,1566,0.13635707598614744,0.18569871338715802,0.46288080348485183
5Tn0Wd,sT92R8,load,bmi,MR Egger,1566,-0.17486641518116733,0.16043629616676566,0.27590616116769673
