id.exposure,id.outcome,outcome,exposure,method,nsnp,b,se,pval
EQz3JR,wBjUs4,load,bmi,Inverse variance weighted (fixed effects),3198,-0.040412571338211516,0.026376120067121846,0.12548169184800656
EQz3JR,wBjUs4,load,bmi,Weighted median,3198,0.030835502526810523,0.04513746966427878,0.49451430140554653
EQz3JR,wBjUs4,load,bmi,Weighted mode,3198,0.07486774326287104,0.16235400024467753,0.6447303320343405
EQz3JR,wBjUs4,load,bmi,MR Egger,3198,-0.09710917330102425,0.1183650726118219,0.41203741871112143
