id.exposure,id.outcome,outcome,exposure,method,nsnp,b,se,pval
KR7jVH,6KmGae,load,bmi,Inverse variance weighted (fixed effects),3267,-0.0473697102201829,0.026085499791489938,0.06937953105781346
KR7jVH,6KmGae,load,bmi,Weighted median,3267,0.02114090381251758,0.04713365433462955,0.6537700384872605
KR7jVH,6KmGae,load,bmi,Weighted mode,3267,0.15528913714848613,0.1786564985341884,0.3847988370045441
KR7jVH,6KmGae,load,bmi,MR Egger,3267,-0.1053604504323605,0.1161266810491727,0.36432099065705714
