id.exposure,id.outcome,outcome,exposure,method,nsnp,b,se,pval
vPMEdO,KMxUAD,load,bmi,Inverse variance weighted (fixed effects),1598,-0.091894417299903,0.031665469944045864,0.003707428089927763
vPMEdO,KMxUAD,load,bmi,Weighted median,1598,0.017697257400927154,0.05593860139785886,0.7517221994847871
vPMEdO,KMxUAD,load,bmi,Weighted mode,1598,0.13250596530706815,0.1876848304890492,0.4802895391530043
vPMEdO,KMxUAD,load,bmi,MR Egger,1598,-0.18326153842052015,0.15687243278190793,0.24289244565635107
