id.exposure,id.outcome,outcome,exposure,method,nsnp,b,se,pval
Y0vcWj,HJDWFC,ab42,sbp,Inverse variance weighted (fixed effects),1033,3.0467744261245164e-5,5.484805135190125e-4,0.955700803019795
Y0vcWj,HJDWFC,ab42,sbp,Weighted median,1033,4.2778437127877493e-4,9.064791706382633e-4,0.636984898993656
Y0vcWj,HJDWFC,ab42,sbp,Weighted mode,1033,-3.708120477768917e-5,0.002742783333606615,0.9892158990133242
Y0vcWj,HJDWFC,ab42,sbp,MR Egger,1033,0.00318447824005144,0.0015624391591633749,0.041790194102435674
