id.exposure,id.outcome,outcome,exposure,method,nsnp,b,se,pval
43oIRd,59vJKp,ptau,ldl,Inverse variance weighted (fixed effects),188,0.030318750225696654,0.009044819297825593,8.021348958130177e-4
43oIRd,59vJKp,ptau,ldl,Weighted median,188,8.187057328796038e-4,0.01701333928573815,0.9616194899260015
43oIRd,59vJKp,ptau,ldl,Weighted mode,188,-0.014570453559399899,0.022797491190386657,0.5235235151104901
43oIRd,59vJKp,ptau,ldl,MR Egger,188,0.08496119051633702,0.021616680755267518,1.1953131598565372e-4
