id.exposure,id.outcome,outcome,exposure,egger_intercept,se,pval
27EcLd,jXq5a7,ptau,ldl,-0.0022988378702625835,8.570429073505557e-4,0.007743419375812028
