id.exposure,id.outcome,outcome,exposure,method,nsnp,b,se,pval
27EcLd,jXq5a7,ptau,ldl,Inverse variance weighted (fixed effects),284,0.031049727639593107,0.008613603626914778,3.124759055847491e-4
27EcLd,jXq5a7,ptau,ldl,Weighted median,284,0.0025910232709075148,0.01638424146530577,0.8743455522909219
27EcLd,jXq5a7,ptau,ldl,Weighted mode,284,-0.010711880995820655,0.020861228516531796,0.6080143157118705
27EcLd,jXq5a7,ptau,ldl,MR Egger,284,0.07057739603457976,0.018381941976479223,0.00015226493350157378
