id.exposure,id.outcome,outcome,exposure,method,nsnp,b,se,pval
43oIRd,59vJKp,ptau,ldl,Inverse variance weighted (fixed effects),188,0.030318750225696654,0.009044819297825593,8.021348958130177e-4
43oIRd,59vJKp,ptau,ldl,Weighted median,188,8.187057328796038e-4,0.01694980544638854,0.9614757378965811
43oIRd,59vJKp,ptau,ldl,Weighted mode,188,-0.014570453559399899,0.022844344638092293,0.5243746787673331
43oIRd,59vJKp,ptau,ldl,MR Egger,188,0.08496119051633702,0.021616680755267518,1.1953131598565372e-4
