id.exposure,id.outcome,outcome,exposure,method,nsnp,b,se,pval
YQ8VJg,Vl8qKL,ptau,ldl,Inverse variance weighted (fixed effects),178,0.033212623569261586,0.008767399410654683,1.5174538532120436e-4
YQ8VJg,Vl8qKL,ptau,ldl,Weighted median,178,0.02597560001278537,0.016487960032380167,0.11515760003007006
YQ8VJg,Vl8qKL,ptau,ldl,Weighted mode,178,0.03668859478530473,0.018131371135350224,0.0445270635546147
YQ8VJg,Vl8qKL,ptau,ldl,MR Egger,178,0.07631695382583564,0.018766408972103087,7.183614982494716e-5
