id.exposure,id.outcome,outcome,exposure,egger_intercept,se,pval
PVkn9K,3UMM4C,ptau,ldl,-0.0035026855192920926,0.001081681756306608,0.0014271348205822365
