id.exposure,id.outcome,outcome,exposure,method,nsnp,b,se,pval
DS6DRu,keidDe,ptau,ldl,Inverse variance weighted (fixed effects),180,0.03130135067947378,0.009180028843327876,6.502901518080824e-4
DS6DRu,keidDe,ptau,ldl,Weighted median,180,2.083379995657392e-4,0.01713077044630466,0.9902966666799442
DS6DRu,keidDe,ptau,ldl,Weighted mode,180,-0.01424333758360452,0.023798040757799222,0.5502570660703217
DS6DRu,keidDe,ptau,ldl,MR Egger,180,0.08066487111753914,0.021694232251490586,0.00026857841361290576
