id.exposure,id.outcome,outcome,exposure,method,nsnp,b,se,pval
j4CFcP,7WEfKh,ptau,ldl,Inverse variance weighted (fixed effects),270,0.03457056821588688,0.008390388173640633,3.784475542533079e-5
j4CFcP,7WEfKh,ptau,ldl,Weighted median,270,0.03497651294960645,0.016380444791744494,0.03273975637100988
j4CFcP,7WEfKh,ptau,ldl,Weighted mode,270,0.03255604842785542,0.016826249404989342,0.05405862947503735
j4CFcP,7WEfKh,ptau,ldl,MR Egger,270,0.06579913842072865,0.016247529566865235,6.716657581883048e-5
