id.exposure,id.outcome,outcome,exposure,egger_intercept,se,pval
43oIRd,59vJKp,ptau,ldl,-0.0036755644968272613,0.0011882772947619151,0.0022854048110250553
