id.exposure,id.outcome,outcome,exposure,method,nsnp,b,se,pval
27EcLd,jXq5a7,ptau,ldl,Inverse variance weighted (fixed effects),283,0.02769545459846468,0.008663188468317293,0.0013890710659030232
27EcLd,jXq5a7,ptau,ldl,Weighted median,283,0.0014744902621472526,0.016780174152501926,0.9299792260023912
27EcLd,jXq5a7,ptau,ldl,Weighted mode,283,-0.010700439524048422,0.02211406654529899,0.6288502597796297
27EcLd,jXq5a7,ptau,ldl,MR Egger,283,0.06437754792714125,0.01833414117483996,5.19216021198131e-4
