id.exposure,id.outcome,outcome,exposure,egger_intercept,se,pval
YQ8VJg,Vl8qKL,ptau,ldl,-0.003195960740724498,0.0010847221625930438,0.0036510715185010868
