id.exposure,id.outcome,outcome,exposure,method,nsnp,b,se,pval
641HAT,9ydake,aaos,alcc,Inverse variance weighted (fixed effects),15,-0.14276389773449488,0.26021512707816224,0.5832539264832806
641HAT,9ydake,aaos,alcc,Weighted median,15,0.016584172433253386,0.36292250644479623,0.9635524079940947
641HAT,9ydake,aaos,alcc,Weighted mode,15,0.04731570056254775,0.2816253141817206,0.8689787982040381
641HAT,9ydake,aaos,alcc,MR Egger,15,0.6247474771915962,1.4343629201675354,0.6703023547827573
