id.exposure,id.outcome,outcome,exposure,egger_intercept,se,pval
GR1lhE,b2uS03,aaos,alcc,0.010138452296527023,0.013576876452256982,0.45845708988033307
