id.exposure,id.outcome,outcome,exposure,method,nsnp,b,se,pval
4Q5zen,js9eTP,aaos,alcc,Inverse variance weighted (fixed effects),56,0.10016946012992556,0.16256870680763796,0.5377843555721568
4Q5zen,js9eTP,aaos,alcc,Weighted median,56,-0.007921405454834315,0.2658956473760625,0.9762334119342427
4Q5zen,js9eTP,aaos,alcc,Weighted mode,56,-0.06990025226152596,0.2741371103079144,0.7996874316607355
4Q5zen,js9eTP,aaos,alcc,MR Egger,56,-0.49213265688725744,0.8162983770089721,0.549110062664496
