id.exposure,id.outcome,outcome,exposure,method,nsnp,b,se,pval
7IWep2,rvaWB8,aaos,alcc,Inverse variance weighted (fixed effects),15,-0.142763897734495,0.26021512707816224,0.5832539264832802
7IWep2,rvaWB8,aaos,alcc,Weighted median,15,0.016584172433253386,0.34749153137929334,0.9619350906586435
7IWep2,rvaWB8,aaos,alcc,Weighted mode,15,0.04731570056254775,0.26565808613174086,0.8611900251037281
7IWep2,rvaWB8,aaos,alcc,MR Egger,15,0.6247474771915961,1.4343629201675354,0.6703023547827573
