id.exposure,id.outcome,outcome,exposure,method,nsnp,b,se,pval
7IWep2,rvaWB8,aaos,alcc,Inverse variance weighted (fixed effects),15,-0.142763897734495,0.26021512707816224,0.5832539264832802
7IWep2,rvaWB8,aaos,alcc,Weighted median,15,0.016584172433253386,0.3525232731192243,0.9624780066283757
7IWep2,rvaWB8,aaos,alcc,Weighted mode,15,0.04731570056254775,0.28178428785594717,0.8690519755109796
7IWep2,rvaWB8,aaos,alcc,MR Egger,15,0.6247474771915961,1.4343629201675354,0.6703023547827573
