id.exposure,id.outcome,outcome,exposure,method,nsnp,b,se,pval
EwDoun,xvBdPo,aaos,alcc,Inverse variance weighted (fixed effects),56,0.10016946012992559,0.16256870680763796,0.5377843555721566
EwDoun,xvBdPo,aaos,alcc,Weighted median,56,-0.007921405454834315,0.26486442978937486,0.9761409071331516
EwDoun,xvBdPo,aaos,alcc,Weighted mode,56,-0.06990025226152596,0.2704354724411966,0.7970067602329483
EwDoun,xvBdPo,aaos,alcc,MR Egger,56,-0.49213265688725744,0.8162983770089721,0.549110062664496
