id.exposure,id.outcome,outcome,exposure,method,nsnp,b,se,pval
641HAT,9ydake,aaos,alcc,Inverse variance weighted (fixed effects),15,-0.14276389773449488,0.26021512707816224,0.5832539264832806
641HAT,9ydake,aaos,alcc,Weighted median,15,0.016584172433253386,0.35097252098447423,0.9623123409139995
641HAT,9ydake,aaos,alcc,Weighted mode,15,0.04731570056254775,0.27554102610882886,0.8661156619904071
641HAT,9ydake,aaos,alcc,MR Egger,15,0.6247474771915962,1.4343629201675354,0.6703023547827573
