id.exposure,id.outcome,outcome,exposure,method,nsnp,b,se,pval
4Q5zen,js9eTP,aaos,alcc,Inverse variance weighted (fixed effects),56,0.10016946012992556,0.16256870680763796,0.5377843555721568
4Q5zen,js9eTP,aaos,alcc,Weighted median,56,-0.007921405454834315,0.2646534267545272,0.9761218904196459
4Q5zen,js9eTP,aaos,alcc,Weighted mode,56,-0.06990025226152596,0.27098588257987066,0.7974098380165136
4Q5zen,js9eTP,aaos,alcc,MR Egger,56,-0.49213265688725744,0.8162983770089721,0.549110062664496
