id.exposure,id.outcome,outcome,exposure,method,nsnp,b,se,pval
ACGDnT,BJ8LMb,ldl,ptau,Inverse variance weighted (fixed effects),13,1.227027660107786,0.04418808665894875,1.0480197463096548e-169
ACGDnT,BJ8LMb,ldl,ptau,Weighted median,13,0.10167758320895064,0.07118464196487251,0.1531871022003122
ACGDnT,BJ8LMb,ldl,ptau,Weighted mode,13,0.08230364328852668,0.07875708303677814,0.31660332125271345
ACGDnT,BJ8LMb,ldl,ptau,MR Egger,13,1.3247639906916027,1.2211099903809854,0.30117708280847655
