query_snp_rsid,rsID,ld.r2,Dprime,ref.proxy,alt.proxy,CHR,POS,Effect_allele.proxy,Non_Effect_allele.proxy,EAF,Beta,SE,P,r2,N,ref,alt,Effect_allele,Non_Effect_allele
rs10511095,rs4856463,0.91,0.97,C,T,3,83638568,T,C,0.2208,0.0744,0.1083,0.4924,0.0019046881492991996,4914,A,T,T,A
rs10956809,rs12546418,0.94,0.98,G,A,8,92805751,A,G,0.4587,0.0618,0.0871,0.4782,0.0018965911210488,4914,G,C,C,G
rs12244388,rs7904113,0.96,0.99,G,T,10,104633114,T,G,0.3692,0.0604,0.09,0.502,0.0016992498877952,4914,G,A,A,G
rs12404691,rs12119736,1,1,G,A,1,72912656,A,G,0.162,0.0533,0.1202,0.6572,7.7133572568e-4,4914,A,T,T,A
rs13246563,rs10274978,1,1,T,C,7,3433777,T,C,0.4509,-0.0037,0.0899,0.9672,6.7789920222000005e-6,4914,C,G,C,G
rs146901418,NA,NA,NA,NA,NA,NA,NA,NA,NA,NA,NA,NA,NA,NA,NA,NA,NA,NA,NA
rs323740,rs1407905,1,1,C,T,9,102086676,T,C,0.492,0.1179,0.0871,0.1756,0.006948425747520001,4914,C,G,G,C
rs7216173,rs9896751,0.96,1,A,G,17,51890515,A,G,0.2073,-0.09,0.1111,0.4179,0.0026620927020000002,4914,A,T,A,T
rs73121433,rs12714557,0.94,1,C,T,3,83154934,T,C,0.1804,0.0359,0.113,0.7504,3.811161703008001e-4,4914,G,A,A,G
rs73138150,NA,NA,NA,NA,NA,NA,NA,NA,NA,NA,NA,NA,NA,NA,NA,NA,NA,NA,NA
rs7585579,rs2192512,0.91,0.98,T,C,2,60000720,T,C,0.5275,-0.0114,0.0881,0.8972,6.478343550000001e-5,4914,C,G,C,G
rs77804773,rs28820372,0.95,0.99,G,A,8,59888813,A,G,0.0981,0.0756,0.1771,0.6694,0.0010113488407008002,4914,T,A,A,T
rs77878475,NA,NA,NA,NA,NA,NA,NA,NA,NA,NA,NA,NA,NA,NA,NA,NA,NA,NA,NA
