id.exposure,id.outcome,outcome,exposure,method,nsnp,b,se,pval
oQcHsi,E74FUO,load,trig,Inverse variance weighted (fixed effects),249,0.21576622103290496,0.032555242892889254,3.409690224012556e-11
oQcHsi,E74FUO,load,trig,Weighted median,249,-0.0053302949390632735,0.05838548592832481,0.9272582996759671
oQcHsi,E74FUO,load,trig,Weighted mode,249,0.016558482986874345,0.060934610098708285,0.7860466068235816
oQcHsi,E74FUO,load,trig,MR Egger,249,0.18861600178192278,0.19347330775069493,0.33056654842470934
