id.exposure,id.outcome,outcome,exposure,method,nsnp,b,se,pval
V5A7Oa,kzSrNA,load,trig,Inverse variance weighted (fixed effects),249,0.21576622103290496,0.032555242892889254,3.409690224012556e-11
V5A7Oa,kzSrNA,load,trig,Weighted median,249,-0.0053302949390632735,0.05716987728363766,0.925716015869614
V5A7Oa,kzSrNA,load,trig,Weighted mode,249,0.016558482986874345,0.0609166055777559,0.7859849185391294
V5A7Oa,kzSrNA,load,trig,MR Egger,249,0.18861600178192278,0.19347330775069493,0.33056654842470934
