id.exposure,id.outcome,outcome,exposure,method,nsnp,b,se,pval
1Mb0CJ,F51n8j,load,trig,Inverse variance weighted (fixed effects),253,0.015207458204004678,0.032586082303322286,0.6407247715945968
1Mb0CJ,F51n8j,load,trig,Weighted median,253,-0.005390572368558988,0.05585073951899298,0.9231095954867315
1Mb0CJ,F51n8j,load,trig,Weighted mode,253,0.041752912401119335,0.05869500664508108,0.47752299517621744
1Mb0CJ,F51n8j,load,trig,MR Egger,253,0.01843515383914856,0.06171199295073278,0.7653940983780788
