id.exposure,id.outcome,outcome,exposure,method,nsnp,b,se,pval
xkdI87,0NqvmO,load,trig,Inverse variance weighted (fixed effects),137,0.23419945702430084,0.0353479584482792,3.4597145683839307e-11
xkdI87,0NqvmO,load,trig,Weighted median,137,-0.005488378278477481,0.056537851077707264,0.9226673063442463
xkdI87,0NqvmO,load,trig,Weighted mode,137,0.012906652260585627,0.061632583234813625,0.8344393572766943
xkdI87,0NqvmO,load,trig,MR Egger,137,0.1729367318489992,0.2733177777838684,0.5279793589784566
