id.exposure,id.outcome,outcome,exposure,method,nsnp,b,se,pval
2ORJfI,HS6w3y,load,trig,Inverse variance weighted (fixed effects),136,0.2408687123869466,0.035399888502241565,1.0159652528073e-11
2ORJfI,HS6w3y,load,trig,Weighted median,136,-0.005422631351826102,0.0575112292906224,0.9248802085193636
2ORJfI,HS6w3y,load,trig,Weighted mode,136,0.038377759196567496,0.061296009792397105,0.532303019233204
2ORJfI,HS6w3y,load,trig,MR Egger,136,0.16400502764166985,0.27392217420147225,0.5503646995362306
