id.exposure,id.outcome,outcome,exposure,method,nsnp,b,se,pval
QXbzVH,DbTWyP,load,trig,Inverse variance weighted (fixed effects),145,0.2291089491288216,0.03493359744509117,5.438352906392098e-11
QXbzVH,DbTWyP,load,trig,Weighted median,145,-0.005343401468043659,0.05649903041460782,0.9246523282521292
QXbzVH,DbTWyP,load,trig,Weighted mode,145,0.05966243576272845,0.0586611132322854,0.310826096529258
QXbzVH,DbTWyP,load,trig,MR Egger,145,0.18110659180339655,0.2648462692789085,0.4951968173906923
