id.exposure,id.outcome,outcome,exposure,method,Q,Q_df,Q_pval
eL7q82,8gfbE7,hipv2015,trig,MR Egger,153.02126529840788,134,0.12479322362827351
eL7q82,8gfbE7,hipv2015,trig,Inverse variance weighted,156.12836166626147,135,0.10305020942138893
