id.exposure,id.outcome,outcome,exposure,egger_intercept,se,pval
eL7q82,8gfbE7,hipv2015,trig,-1.4809505228041886,0.8978146401663959,0.10138634791609878
