id.exposure,id.outcome,outcome,exposure,method,Q,Q_df,Q_pval
0Jbu7C,4U72Q2,hipv2015,trig,MR Egger,159.59397637472188,140,0.12306249048456543
0Jbu7C,4U72Q2,hipv2015,trig,Inverse variance weighted,162.64877479191193,141,0.10244187884347498
