id.exposure,id.outcome,outcome,exposure,method,nsnp,b,se,pval
eL7q82,8gfbE7,hipv2015,trig,Inverse variance weighted (fixed effects),136,2.738946302183584,10.513580499931178,0.7944664819118277
eL7q82,8gfbE7,hipv2015,trig,Weighted median,136,11.37141883966991,16.2222392806427,0.4833172837190207
eL7q82,8gfbE7,hipv2015,trig,Weighted mode,136,12.484232480301557,16.914238014476894,0.4617407810375912
eL7q82,8gfbE7,hipv2015,trig,MR Egger,136,28.776625485896474,19.375150319294757,0.13983070280049492
