id.exposure,id.outcome,outcome,exposure,egger_intercept,se,pval
0Jbu7C,4U72Q2,hipv2015,trig,-1.4576658550036838,0.8904528582538915,0.10387767537494073
