id.exposure,id.outcome,outcome,exposure,method,nsnp,b,se,pval
pULA84,p1mtJD,hipv2015,trig,Inverse variance weighted (fixed effects),254,-1.6800290974562062,9.576402606051603,0.8607384230055994
pULA84,p1mtJD,hipv2015,trig,Weighted median,254,10.74895754928057,15.829671171327586,0.4971134127432874
pULA84,p1mtJD,hipv2015,trig,Weighted mode,254,10.605607123852224,17.31217187750516,0.5406845733521446
pULA84,p1mtJD,hipv2015,trig,MR Egger,254,21.105935492385264,18.682295208309217,0.2596645107441263
