id.exposure,id.outcome,outcome,exposure,method,nsnp,b,se,pval
x73KI5,IWBphv,hipv2015,trig,Inverse variance weighted (fixed effects),247,-0.8943462334284074,9.646392461185338,0.9261315484691462
x73KI5,IWBphv,hipv2015,trig,Weighted median,247,10.829999380831813,16.321020878942505,0.5069710726185919
x73KI5,IWBphv,hipv2015,trig,Weighted mode,247,10.776889586781408,15.493875124478427,0.4873621888745212
x73KI5,IWBphv,hipv2015,trig,MR Egger,247,21.36635370826841,18.762311962879284,0.2559025675485558
