id.exposure,id.outcome,outcome,exposure,method,nsnp,b,se,pval
gQUcNN,Gj6mID,hipv2015,trig,Inverse variance weighted (fixed effects),248,-2.2300717769187948,9.641261214717854,0.8170778745189435
gQUcNN,Gj6mID,hipv2015,trig,Weighted median,248,10.79722870664685,16.061376557850043,0.5014258105022104
gQUcNN,Gj6mID,hipv2015,trig,Weighted mode,248,9.80512090044681,15.9129616235348,0.5383484534208295
gQUcNN,Gj6mID,hipv2015,trig,MR Egger,248,24.36137666362759,19.193568635813,0.20555254403266252
