target_snp,proxy_snp,ld.r2,Dprime,PHASE,X12,CHR,POS,Effect_allele.proxy,Non_Effect_allele.proxy,EAF,Beta,SE,P,r2,N,ref,ref.proxy,alt,alt.proxy,Effect_allele,Non_Effect_allele,proxy.outcome
rs1801214,rs9998519,0.974513,0.99566,CC/TT,NA,4,6292909,C,T,0.6044,-0.0253,0.0159,0.1117,3.060918573152e-4,54162,C,C,T,T,C,T,TRUE
rs7674212,rs7691873,0.99187,0.995927,TC/GT,NA,4,103987899,C,T,0.5884,-2e-4,0.0165,0.9911,1.93748352e-8,54162,T,C,G,T,T,G,TRUE
rs6878122,rs7708285,0.955243,0.990741,GG/AA,NA,5,76425867,G,A,0.6998,0.0067,0.0176,0.7056,1.8860978808800002e-5,54162,G,G,A,A,G,A,TRUE
rs2246618,rs2534685,1,1,TT/CC,NA,6,31462245,T,C,0.3066,-0.0428,0.0193,0.02687,7.788853252991999e-4,54162,T,T,C,C,T,C,TRUE
rs3130287,rs9267576,0.810284,0.904858,CT/TG,NA,6,31812038,T,G,0.1288,0.0519,0.025,0.03784,6.045029730432001e-4,54162,C,T,T,G,C,T,TRUE
rs9271775,rs9271636,0.873203,0.992723,CG/TC,NA,6,32592119,G,C,0.8012,0.0753,0.0251,0.002641,0.0018062475405408,54162,C,G,T,C,C,T,TRUE
rs1063355,rs9273373,0.987653,0.995859,TA/GG,NA,6,32626601,A,G,NA,0.0758,0.0202,1.698e-4,NA,54162,T,A,G,G,T,G,TRUE
rs72892910,rs62405437,0.972828,1,TC/GT,NA,6,50813729,C,T,0.8242,0.0046,0.0203,0.8219,6.131929315199999e-6,54162,T,C,G,T,T,G,TRUE
rs753270,rs1250591,0.817405,0.968434,TA/CG,NA,10,80985374,A,G,0.4424,-0.0249,0.0159,0.1173,3.0589091124479995e-4,54162,T,A,C,G,T,C,TRUE
rs7909016,rs6585194,1,1,GG/AC,NA,10,114717471,G,C,0.7149,-0.0203,0.019,0.2853,1.679827109982e-4,54162,G,G,A,C,G,A,TRUE
rs2915640,rs25643,0.925582,0.983423,AC/TT,NA,12,121660787,C,T,0.5607,0.0091,0.0162,0.5717,4.0794774766200004e-5,54162,A,C,T,T,A,T,TRUE
rs1265099,NA,NA,NA,NA,NA,NA,NA,NA,NA,NA,NA,NA,NA,NA,NA,NA,NA,NA,NA,NA,NA,NA
rs3094663,NA,NA,NA,NA,NA,NA,NA,NA,NA,NA,NA,NA,NA,NA,NA,NA,NA,NA,NA,NA,NA,NA
rs2857605,NA,NA,NA,NA,NA,NA,NA,NA,NA,NA,NA,NA,NA,NA,NA,NA,NA,NA,NA,NA,NA,NA
rs2227956,NA,NA,NA,NA,NA,NA,NA,NA,NA,NA,NA,NA,NA,NA,NA,NA,NA,NA,NA,NA,NA,NA
rs4148870,NA,NA,NA,NA,NA,NA,NA,NA,NA,NA,NA,NA,NA,NA,NA,NA,NA,NA,NA,NA,NA,NA
