id.exposure,id.outcome,outcome,exposure,egger_intercept,se,pval
B2kzK3,o1ofPl,aaos,bmi,0.0015964435275343232,0.0010115240823137372,0.11460278033483333
