id.exposure,id.outcome,outcome,exposure,method,nsnp,b,se,pval
KQiPgQ,6hAbbD,aaos,bmi,Inverse variance weighted (fixed effects),1615,0.0211283692263929,0.027326439155075884,0.43941341383650523
KQiPgQ,6hAbbD,aaos,bmi,Weighted median,1615,0.07643303843032008,0.04559100957740637,0.09364153736796439
KQiPgQ,6hAbbD,aaos,bmi,Weighted mode,1615,0.13687681085270498,0.13410949974711533,0.3075804931329889
KQiPgQ,6hAbbD,aaos,bmi,MR Egger,1615,-0.054308124581516154,0.10415110549893139,0.6021347375711508
