id.exposure,id.outcome,outcome,exposure,method,nsnp,b,se,pval
6cOiC5,9bEHwk,aaos,smkukbb,Inverse variance weighted (fixed effects),733,0.12130617059133231,0.08020054461090333,0.13039768944860936
6cOiC5,9bEHwk,aaos,smkukbb,Weighted median,733,0.22110669385007295,0.12745975444657306,0.0827908171644558
6cOiC5,9bEHwk,aaos,smkukbb,Weighted mode,733,0.40609889741782723,0.3468875281767651,0.24210305893616987
6cOiC5,9bEHwk,aaos,smkukbb,MR Egger,733,0.38554605171243356,0.32272975459407044,0.23261496546189983
