id.exposure,id.outcome,outcome,exposure,method,nsnp,b,se,pval
7DUE34,FnDP8g,aaos,smkukbb,Inverse variance weighted (fixed effects),212,0.17837973305300237,0.12150628929609286,0.1420852209149253
7DUE34,FnDP8g,aaos,smkukbb,Weighted median,212,0.2840216201422468,0.18324786851930405,0.12115798900323636
7DUE34,FnDP8g,aaos,smkukbb,Weighted mode,212,0.4716123607558096,0.40719620765517855,0.24809396394485722
7DUE34,FnDP8g,aaos,smkukbb,MR Egger,212,0.01791976091940604,0.5490958585940043,0.9739966299056388
