id.exposure,id.outcome,outcome,exposure,method,nsnp,b,se,pval
6cOiC5,9bEHwk,aaos,smkukbb,Inverse variance weighted (fixed effects),732,0.1335265495742649,0.08025957413129967,0.09617564457941996
6cOiC5,9bEHwk,aaos,smkukbb,Weighted median,732,0.2236606863702275,0.1286318440036464,0.08207591840021851
6cOiC5,9bEHwk,aaos,smkukbb,Weighted mode,732,0.40513763923505763,0.3381452257121828,0.23125966888765345
6cOiC5,9bEHwk,aaos,smkukbb,MR Egger,732,0.33885833545587773,0.32005039341891695,0.2900567644980603
