id.exposure,id.outcome,outcome,exposure,method,nsnp,b,se,pval
47yuaV,wVVJZW,aaos,smkukbb,Inverse variance weighted (fixed effects),736,0.12386699105113275,0.08005755546198952,0.1218091808367204
47yuaV,wVVJZW,aaos,smkukbb,Weighted median,736,0.219724109105121,0.12599766722616587,0.08118098963489286
47yuaV,wVVJZW,aaos,smkukbb,Weighted mode,736,0.4046210920464546,0.3441718932554911,0.24012077157050868
47yuaV,wVVJZW,aaos,smkukbb,MR Egger,736,0.37935626664142613,0.32081316653581216,0.23739682231821177
