id.exposure,id.outcome,outcome,exposure,method,nsnp,b,se,pval
j2HSJx,vJFkGs,cpd,load,Inverse variance weighted (fixed effects),41,-0.0030905222545475784,0.002841481775901839,0.2767520420100751
j2HSJx,vJFkGs,cpd,load,Weighted median,41,-3.300725319876657e-5,0.004327590110811889,0.9939144600791128
j2HSJx,vJFkGs,cpd,load,Weighted mode,41,-0.0011020244546851299,0.004696482858121749,0.815678291916014
j2HSJx,vJFkGs,cpd,load,MR Egger,41,-0.0033175039482098113,0.005765194240699842,0.5683015550039582
