id.exposure,id.outcome,outcome,exposure,method,nsnp,b,se,pval
j2HSJx,vJFkGs,cpd,load,Inverse variance weighted (fixed effects),40,-2.2826088559761666e-4,0.0029585411199420032,0.9385016794401707
j2HSJx,vJFkGs,cpd,load,Weighted median,40,5.432105258757229e-5,0.004547886892503337,0.9904701019020719
j2HSJx,vJFkGs,cpd,load,Weighted mode,40,-0.0010749521325759126,0.004275600219347048,0.8028129613410485
j2HSJx,vJFkGs,cpd,load,MR Egger,40,-4.703189271020998e-4,0.0053842890373138235,0.9308518134190461
