id.exposure,id.outcome,outcome,exposure,method,nsnp,b,se,pval
U2DrIs,mtFWdR,cpd,load,Inverse variance weighted (fixed effects),81,-0.004103108214756916,0.002645464002997502,0.12090226860404664
U2DrIs,mtFWdR,cpd,load,Weighted median,81,-1.7320412879810688e-4,0.0046457238299224424,0.9702597707638181
U2DrIs,mtFWdR,cpd,load,Weighted mode,81,-0.0016988700935342826,0.004040140033894699,0.6752492038431436
U2DrIs,mtFWdR,cpd,load,MR Egger,81,-0.0016602087205262882,0.004823733518480969,0.7316291030388853
