id.exposure,id.outcome,outcome,exposure,method,nsnp,b,se,pval
nyRXHR,pcItkK,cpd,load,Inverse variance weighted (fixed effects),40,-2.2826088559761606e-4,0.0029585411199420032,0.9385016794401708
nyRXHR,pcItkK,cpd,load,Weighted median,40,5.432105258757229e-5,0.004547886892503337,0.9904701019020719
nyRXHR,pcItkK,cpd,load,Weighted mode,40,-0.0010749521325759126,0.004275600219347048,0.8028129613410485
nyRXHR,pcItkK,cpd,load,MR Egger,40,-4.7031892710209925e-4,0.005384289037313823,0.9308518134190462
