id.exposure,id.outcome,outcome,exposure,method,nsnp,b,se,pval
pNGOH7,fjP5eC,cpd,load,Inverse variance weighted (fixed effects),81,-0.003517374270028611,0.0026453615599492555,0.1836374449426414
pNGOH7,fjP5eC,cpd,load,Weighted median,81,-1.1017296608681598e-4,0.004530596893836466,0.9805993232695636
pNGOH7,fjP5eC,cpd,load,Weighted mode,81,-0.0012370384719870287,0.004346158781360192,0.7766646452830029
pNGOH7,fjP5eC,cpd,load,MR Egger,81,-0.002148155866968901,0.004580462108473946,0.6403739259686432
