target_snp,proxy_snp,ld.r2,Dprime,PHASE,X12,CHR,POS,Effect_allele.proxy,Non_Effect_allele.proxy,EAF,Beta,SE,P,r2,N,ref,ref.proxy,alt,alt.proxy,Effect_allele,Non_Effect_allele,proxy.outcome
rs222449,rs222443,0.955063,0.99415,AG/TC,NA,6,52940484,G,C,0.208839,0.005708,0.006474,0.378,1.0766496418155458e-5,2827,A,G,T,C,A,T,TRUE
rs10498846,rs10455615,0.865972,0.974247,TG/CT,NA,6,67471264,G,T,0.449784,0.005419,0.005412,0.3167,1.4534681362605575e-5,2824,T,G,C,T,T,C,TRUE
rs4236259,rs7787321,0.934588,1,TG/GA,NA,7,1702606,A,G,0.489898,-0.002321,0.006395,0.7167,2.6924210005791717e-6,1788,T,G,G,A,G,T,TRUE
rs12333760,rs13227795,0.965304,1,CG/TA,NA,7,99049403,G,A,0.198168,-0.01142,0.007761,0.1415,4.144566517293665e-5,2390,C,G,T,A,C,T,TRUE
rs10159545,rs10828246,0.945919,0.982854,GC/CT,NA,10,21769216,C,T,0.385294,-0.008299,0.006032,0.169,3.262430157601867e-5,2377,G,C,C,T,G,C,TRUE
rs62098013,rs56027651,0.870481,0.976611,AA/GT,NA,18,50807090,A,T,0.360872,-0.007714,0.00574,0.1791,2.744923817259235e-5,2735,A,A,G,T,A,G,TRUE
rs11872397,rs12607948,0.839067,0.983167,AA/GC,NA,18,72478553,A,C,0.280705,0.008607,0.006062,0.1558,2.9915122907689273e-5,2796,A,A,G,C,A,G,TRUE
rs1555445,rs159058,0.897016,0.973696,TC/AA,NA,20,31108108,C,A,0.330721,0.002685,0.00646,0.6778,3.191446338531533e-6,2174,T,C,A,A,T,A,TRUE
rs11768481,NA,NA,NA,NA,NA,NA,NA,NA,NA,NA,NA,NA,NA,NA,NA,NA,NA,NA,NA,NA,NA,NA
rs9423279,NA,NA,NA,NA,NA,NA,NA,NA,NA,NA,NA,NA,NA,NA,NA,NA,NA,NA,NA,NA,NA,NA
rs4759228,NA,NA,NA,NA,NA,NA,NA,NA,NA,NA,NA,NA,NA,NA,NA,NA,NA,NA,NA,NA,NA,NA
rs7322872,NA,NA,NA,NA,NA,NA,NA,NA,NA,NA,NA,NA,NA,NA,NA,NA,NA,NA,NA,NA,NA,NA
rs76608582,NA,NA,NA,NA,NA,NA,NA,NA,NA,NA,NA,NA,NA,NA,NA,NA,NA,NA,NA,NA,NA,NA
