id.exposure,id.outcome,outcome,exposure,method,nsnp,b,se,pval
JuaXDS,9HO2ur,ldl,hipv,Inverse variance weighted (fixed effects),8,-0.13037864752235517,0.03686127221908596,4.046860445207238e-4
JuaXDS,9HO2ur,ldl,hipv,Weighted median,8,-0.09337355590090848,0.05479234345150702,0.08835584977335506
JuaXDS,9HO2ur,ldl,hipv,Weighted mode,8,-0.05840837123551873,0.07713751448285999,0.4736431405914372
JuaXDS,9HO2ur,ldl,hipv,MR Egger,8,-0.03153287562839219,0.20602631186343395,0.8833742963020814
