id.exposure,id.outcome,outcome,exposure,method,nsnp,b,se,pval
m3Hdl2,UcTsYD,hips,mdd,Inverse variance weighted (fixed effects),44,0.3324606619692896,0.461788134859662,0.47156072227440626
m3Hdl2,UcTsYD,hips,mdd,Weighted median,44,0.5382396290671209,0.617849621960556,0.3836723174994589
m3Hdl2,UcTsYD,hips,mdd,Weighted mode,44,1.0172323669598455,1.2951869352063645,0.43652874630457117
m3Hdl2,UcTsYD,hips,mdd,MR Egger,44,5.323236905046151,2.8131252407287017,0.06535950918858202
