id.exposure,id.outcome,outcome,exposure,method,nsnp,b,se,pval
hOw6Le,af8p8b,vbiany,audit,Inverse variance weighted (fixed effects),13,-0.5518929649077388,1.686502368585295,0.7434855038150281
hOw6Le,af8p8b,vbiany,audit,Weighted median,13,-1.3639752875986175,2.290002398797349,0.5514279283417016
hOw6Le,af8p8b,vbiany,audit,Weighted mode,13,-2.0738483759383293,2.490566189008356,0.4212878434130525
hOw6Le,af8p8b,vbiany,audit,MR Egger,13,-1.6037285232998506,2.650314312778372,0.557383749225265
