id.exposure,id.outcome,outcome,exposure,method,nsnp,b,se,pval
pOAlMI,0P0CxZ,hipv2015,sociso,Inverse variance weighted (fixed effects),24,-162.55699733830792,78.37068019134905,0.038060109492605174
pOAlMI,0P0CxZ,hipv2015,sociso,Weighted median,24,-227.72584036954848,111.99334982831418,0.042013422800668325
pOAlMI,0P0CxZ,hipv2015,sociso,Weighted mode,24,-237.61489250518218,198.12800934383247,0.24262125011894456
pOAlMI,0P0CxZ,hipv2015,sociso,MR Egger,24,-457.0136361830402,419.57142912765204,0.2878365949514322
