id.exposure,id.outcome,outcome,exposure,method,nsnp,b,se,pval
iWIpNg,EUM7lh,hipv2015,sociso,Inverse variance weighted (fixed effects),110,-18.834956420203767,43.294112880120736,0.6635286060558458
iWIpNg,EUM7lh,hipv2015,sociso,Weighted median,110,-100.46003390223927,62.90203885452424,0.11024629652742575
iWIpNg,EUM7lh,hipv2015,sociso,Weighted mode,110,-191.65115341609953,162.81949969071076,0.24172855007618935
iWIpNg,EUM7lh,hipv2015,sociso,MR Egger,110,-177.46720767636458,187.27526044261054,0.34543460481463195
