id.exposure,id.outcome,outcome,exposure,method,nsnp,b,se,pval
MhL23P,V2cdVg,hipv2015,sociso,Inverse variance weighted (fixed effects),25,-148.80431500095398,77.48904762271016,0.054816600410940865
MhL23P,V2cdVg,hipv2015,sociso,Weighted median,25,-199.97052691200557,109.03867970496057,0.0666627231999232
MhL23P,V2cdVg,hipv2015,sociso,Weighted mode,25,-247.52326602125618,191.51965278122344,0.20851825426214857
MhL23P,V2cdVg,hipv2015,sociso,MR Egger,25,-444.6298940641175,419.4381806458856,0.3001228443718459
