id.exposure,id.outcome,outcome,exposure,method,nsnp,b,se,pval
rwQwG0,wwTao9,hipv2015,sociso,Inverse variance weighted (fixed effects),110,-18.834956420203767,43.294112880120736,0.6635286060558458
rwQwG0,wwTao9,hipv2015,sociso,Weighted median,110,-100.46003390223927,65.95005201029954,0.12769003876825785
rwQwG0,wwTao9,hipv2015,sociso,Weighted mode,110,-191.65115341609953,160.59738003501448,0.235317767306009
rwQwG0,wwTao9,hipv2015,sociso,MR Egger,110,-177.46720767636458,187.27526044261054,0.34543460481463195
