SNP,rsID,ld.r2,Dprime,ref.proxy,alt.proxy,CHR,POS,Effect_allele.proxy,Non_Effect_allele.proxy,EAF,Beta,SE,P,r2,N,ref,alt,Effect_allele,Non_Effect_allele
rs78323057,NA,NA,NA,NA,NA,NA,NA,NA,NA,NA,NA,NA,NA,NA,NA,NA,NA,NA,NA
rs17028896,rs1372679,0.9,1,C,T,4,100304530,T,C,0.09763,1.2797,7.4976,0.8645,0.2885454784833474,13163,A,T,T,A
rs2006682,rs12551268,0.92,0.99,A,C,9,6231318,A,C,0.2599,3.735,5.2612,0.4778,5.3667070793955,12964,G,C,G,C
rs13296886,rs67715198,1,1,G,A,9,84329272,A,G,0.07784,23.1297,8.0113,0.003887,76.80316242751209,13163,C,G,G,C
rs79171978,rs10505808,1,1,G,A,12,17788564,A,G,0.09367,3.2973,7.7968,0.6724,1.8460089261562713,12964,G,C,C,G
rs9571413,rs1337944,0.92,1,G,A,13,34901406,A,G,0.05541,-1.1192,11.2215,0.9206,0.13112240078644724,12838,C,G,G,C
rs870089,rs2346463,1,1,A,G,14,57886739,G,A,0.1214,6.4429,6.811,0.3442,8.855287439379671,13163,C,G,G,C
