id.exposure,id.outcome,outcome,exposure,method,nsnp,b,se,pval
koPux4,t2HPB0,hipv,smkukbb,Inverse variance weighted (fixed effects),707,-0.037398212754868376,0.04723130277778593,0.42847153354335393
koPux4,t2HPB0,hipv,smkukbb,Weighted median,707,-0.031861648812271604,0.0690707164791115,0.6445903714542536
koPux4,t2HPB0,hipv,smkukbb,Weighted mode,707,-0.019870954974669175,0.25307184446671244,0.9374374442732971
koPux4,t2HPB0,hipv,smkukbb,MR Egger,707,-0.3273685825208868,0.19079507023512893,0.08663569180005451
