id.exposure,id.outcome,outcome,exposure,method,nsnp,b,se,pval
xH2d8A,dtPaLt,hipv,smkukbb,Inverse variance weighted (fixed effects),707,-0.037398212754868376,0.04723130277778593,0.42847153354335393
xH2d8A,dtPaLt,hipv,smkukbb,Weighted median,707,-0.031861648812271604,0.07089102874001295,0.6531103661739965
xH2d8A,dtPaLt,hipv,smkukbb,Weighted mode,707,-0.019870954974669175,0.27171704317789086,0.9417225403032861
xH2d8A,dtPaLt,hipv,smkukbb,MR Egger,707,-0.3273685825208868,0.19079507023512893,0.08663569180005451
