id.exposure,id.outcome,outcome,exposure,method,nsnp,b,se,pval
snSvJF,HPxtcE,ptau,cpd,Inverse variance weighted (fixed effects),9,-0.04042409992606465,0.05050224390819672,0.4234549522810096
snSvJF,HPxtcE,ptau,cpd,Weighted median,9,-0.018373028298041175,0.060398039611964084,0.7609762230000823
snSvJF,HPxtcE,ptau,cpd,Weighted mode,9,-0.016525594128788512,0.06283074792227482,0.7991840455681164
snSvJF,HPxtcE,ptau,cpd,MR Egger,9,-0.12901438304592655,0.13949753238562337,0.3858166126682137
