id.exposure,id.outcome,outcome,exposure,method,nsnp,b,se,pval
VrFAmz,cdVjlb,ptau,cpd,Inverse variance weighted (fixed effects),8,-0.042192704638240576,0.051539402400362366,0.41298643172554367
VrFAmz,cdVjlb,ptau,cpd,Weighted median,8,-0.019594633932314143,0.059700850689069725,0.7427501300821705
VrFAmz,cdVjlb,ptau,cpd,Weighted mode,8,-0.014384284840626593,0.0616017331192731,0.822051187017204
VrFAmz,cdVjlb,ptau,cpd,MR Egger,8,-0.13377743249298327,0.15491029179789895,0.420993926855319
