id.exposure,id.outcome,outcome,exposure,egger_intercept,se,pval
CmRa5z,A0714N,ptau,cpd,0.002683893902815817,0.0025943935827974565,0.30945372195036364
