id.exposure,id.outcome,outcome,exposure,method,nsnp,b,se,pval
mCPPtm,rmP5Jl,ptau,cpd,Inverse variance weighted (fixed effects),29,0.038443257172442895,0.038624197897645665,0.31958291287470314
mCPPtm,rmP5Jl,ptau,cpd,Weighted median,29,-0.01956917499730428,0.060821049123351366,0.7476420653514211
mCPPtm,rmP5Jl,ptau,cpd,Weighted mode,29,-0.014030765198779993,0.061116176152418086,0.820090602472495
mCPPtm,rmP5Jl,ptau,cpd,MR Egger,29,-0.05568637806901202,0.08205888101061246,0.5031574965546621
