id.exposure,id.outcome,outcome,exposure,method,nsnp,b,se,pval
3pvdxa,EXCM6v,ptau,cpd,Inverse variance weighted (fixed effects),8,-0.042192704638240576,0.051539402400362366,0.41298643172554367
3pvdxa,EXCM6v,ptau,cpd,Weighted median,8,-0.019594633932314143,0.05848269046743603,0.7375872597000437
3pvdxa,EXCM6v,ptau,cpd,Weighted mode,8,-0.014384284840626593,0.05964987559715754,0.8163535835944178
3pvdxa,EXCM6v,ptau,cpd,MR Egger,8,-0.13377743249298327,0.15491029179789895,0.420993926855319
