id.exposure,id.outcome,outcome,exposure,method,nsnp,b,se,pval
jlqE5I,AUlDmt,ptau,cpd,Inverse variance weighted (fixed effects),31,0.031139910322908644,0.03779985169231325,0.4100473066774386
jlqE5I,AUlDmt,ptau,cpd,Weighted median,31,-0.019547004579564254,0.05756224362044165,0.7341726076222478
jlqE5I,AUlDmt,ptau,cpd,Weighted mode,31,-0.00830870171216802,0.05745251985359868,0.885979230260763
jlqE5I,AUlDmt,ptau,cpd,MR Egger,31,-0.042782919939368884,0.08156346936925955,0.6038931029335373
