id.exposure,id.outcome,outcome,exposure,method,nsnp,b,se,pval
Y5yATS,vsYHek,ptau,sociso,Inverse variance weighted (fixed effects),109,-0.0349020954508626,0.05010150356836859,0.48603581287151076
Y5yATS,vsYHek,ptau,sociso,Weighted median,109,-0.049008863266946236,0.07572635223369346,0.5175130385602917
Y5yATS,vsYHek,ptau,sociso,Weighted mode,109,-0.08874397067410511,0.18791752014011048,0.6377014940902479
Y5yATS,vsYHek,ptau,sociso,MR Egger,109,-0.06379231596781634,0.21635111430149595,0.7686755933892871
