id.exposure,id.outcome,outcome,exposure,method,nsnp,b,se,pval
V455nS,CzHQbi,ptau,sociso,Inverse variance weighted (fixed effects),19,-0.010239602850143805,0.09821544067170272,0.9169657592406348
V455nS,CzHQbi,ptau,sociso,Weighted median,19,-0.022617829959673146,0.13716335861422724,0.8690250329900261
V455nS,CzHQbi,ptau,sociso,Weighted mode,19,0.032751466469596036,0.24764405218812036,0.8962519800335625
V455nS,CzHQbi,ptau,sociso,MR Egger,19,-1.032058662333,0.6985807102182653,0.15786432610791526
