id.exposure,id.outcome,outcome,exposure,method,nsnp,b,se,pval
zcjAgu,gc0UV3,ptau,sociso,Inverse variance weighted (fixed effects),102,-0.0365666418037093,0.05150889630257642,0.4777604156055318
zcjAgu,gc0UV3,ptau,sociso,Weighted median,102,-0.046446653000496135,0.07719195892928894,0.5473716824789054
zcjAgu,gc0UV3,ptau,sociso,Weighted mode,102,-0.07531747200458083,0.20368989160249637,0.7123314908910884
zcjAgu,gc0UV3,ptau,sociso,MR Egger,102,-0.003076473350179594,0.23983290728789905,0.9897909178273512
