target_snp,proxy_snp,ld.r2,Dprime,PHASE,X12,CHR,POS,Effect_allele.proxy,Non_Effect_allele.proxy,EAF,Beta,SE,P,r2,N,ref,ref.proxy,alt,alt.proxy,Effect_allele,Non_Effect_allele,proxy.outcome
rs13147559,rs36027619,0.991507,1,GT/CC,NA,4,17525356,T,C,0.1362,-0.0784,0.1335,0.5569,0.0014462801590271997,4914,G,T,C,C,G,C,TRUE
rs2354376,rs6945259,0.987385,0.995768,CG/AT,NA,7,138485954,T,G,0.6169,0.0159,0.0942,0.8656,1.194953942718e-4,4914,C,G,A,T,A,C,TRUE
rs17791976,rs11018440,0.995361,1,AA/GG,NA,11,88787070,A,G,0.3202,0.0108,0.0961,0.9109,5.0778514828799994e-5,4914,A,A,G,G,A,G,TRUE
rs146229052,rs145759401,0.927636,1,CA/TG,NA,22,38347867,A,G,0.0213,0.3245,0.3452,0.3472,0.0043902433091550005,4914,C,A,T,G,C,T,TRUE
