query_snp_rsid,rsID,ld.r2,Dprime,ref.proxy,alt.proxy,CHR,POS,Effect_allele.proxy,Non_Effect_allele.proxy,EAF,Beta,SE,P,r2,N,ref,alt,Effect_allele,Non_Effect_allele
rs13296886,rs67715198,1,1,G,A,9,84329272,A,G,0.0986,0.0687,0.0781,0.3789,8.389535932151999e-4,4914,C,G,G,C
rs147909804,NA,NA,NA,NA,NA,NA,NA,NA,NA,NA,NA,NA,NA,NA,NA,NA,NA,NA,NA
rs17028896,rs1372679,0.9,1,C,T,4,100304530,T,C,0.1015,0.0552,0.0749,0.4613,5.5576638432e-4,4914,A,T,T,A
rs187025437,NA,NA,NA,NA,NA,NA,NA,NA,NA,NA,NA,NA,NA,NA,NA,NA,NA,NA,NA
rs2006682,rs12551268,0.92,0.99,A,C,9,6231318,A,C,0.2909,0.0307,0.0488,0.5294,3.888283776062001e-4,4914,G,C,G,C
rs78323057,NA,NA,NA,NA,NA,NA,NA,NA,NA,NA,NA,NA,NA,NA,NA,NA,NA,NA,NA
rs79171978,rs10505808,1,1,G,A,12,17788564,A,G,0.1005,0.0568,0.0725,0.4334,5.833025788800001e-4,4914,G,C,C,G
rs870089,rs2346463,1,1,A,G,14,57886739,A,G,0.8642,-0.0726,0.0669,0.2777,0.0012371354991072001,4914,C,G,C,G
rs9571413,rs1337944,0.92,1,G,A,13,34901406,A,G,0.0511,0.2753,0.1068,0.009953,0.007349939516182198,4914,C,G,G,C
