id.exposure,id.outcome,outcome,exposure,method,nsnp,b,se,pval
7VF8gP,oRxucG,sociso,aaos,Inverse variance weighted (fixed effects),20,-0.0036263114558030595,0.0027660228906188165,0.18985099133119615
7VF8gP,oRxucG,sociso,aaos,Weighted median,20,0.0013184638168207987,0.0037636987873644672,0.7261055638857021
7VF8gP,oRxucG,sociso,aaos,Weighted mode,20,8.101653150327792e-4,0.0038396134227836917,0.8351324531513508
7VF8gP,oRxucG,sociso,aaos,MR Egger,20,5.983108269392173e-4,0.004384841946434049,0.8929802381533729
