id.exposure,id.outcome,outcome,exposure,method,nsnp,b,se,pval
7VF8gP,oRxucG,sociso,aaos,Inverse variance weighted (fixed effects),20,-0.0036263114558030595,0.0027660228906188165,0.18985099133119615
7VF8gP,oRxucG,sociso,aaos,Weighted median,20,0.0013184638168207987,0.003947034829959992,0.738350081863014
7VF8gP,oRxucG,sociso,aaos,Weighted mode,20,8.101653150327792e-4,0.003840036600244347,0.835150340172304
7VF8gP,oRxucG,sociso,aaos,MR Egger,20,5.983108269392173e-4,0.004384841946434049,0.8929802381533729
