id.exposure,id.outcome,outcome,exposure,method,nsnp,b,se,pval
rjCEoF,JaR40g,sociso,aaos,Inverse variance weighted (fixed effects),55,-0.0021108344377071962,0.0021058424283632925,0.3161646591669137
rjCEoF,JaR40g,sociso,aaos,Weighted median,55,0.0019752772783221437,0.003277236940984965,0.5466907048370255
rjCEoF,JaR40g,sociso,aaos,Weighted mode,55,0.0013624959710070716,0.00340283092017163,0.6904411012833873
rjCEoF,JaR40g,sociso,aaos,MR Egger,55,0.002138638875219826,0.0031875054721732347,0.505169577676728
