id.exposure,id.outcome,outcome,exposure,method,nsnp,b,se,pval
HA1Zh1,xwLX6t,sociso,aaos,Inverse variance weighted (fixed effects),55,-0.0021108344377071954,0.0021058424283632925,0.3161646591669138
HA1Zh1,xwLX6t,sociso,aaos,Weighted median,55,0.0019752772783221437,0.003277236940984965,0.5466907048370255
HA1Zh1,xwLX6t,sociso,aaos,Weighted mode,55,0.0013624959710070716,0.00340283092017163,0.6904411012833873
HA1Zh1,xwLX6t,sociso,aaos,MR Egger,55,0.0021386388752198246,0.0031875054721732347,0.5051695776767284
