id.exposure,id.outcome,outcome,exposure,egger_intercept,se,pval
TW6tRh,5GJ28b,diab,nft4,-0.013428510152999534,0.03991778782089119,0.7685834695629863
