id.exposure,id.outcome,outcome,exposure,method,nsnp,b,se,pval
nRT2W1,xcq5AZ,sleep,tau,Inverse variance weighted (fixed effects),11,-0.04083370118015831,0.040773685984883144,0.31659871384888066
nRT2W1,xcq5AZ,sleep,tau,Weighted median,11,-0.05555648701809518,0.05871830274438689,0.34407065240003576
nRT2W1,xcq5AZ,sleep,tau,Weighted mode,11,-0.05891357291793531,0.07007784225042443,0.4201700152176574
nRT2W1,xcq5AZ,sleep,tau,MR Egger,11,-0.12830880860162092,0.1664853824157693,0.4606421257410128
