id.exposure,id.outcome,outcome,exposure,method,nsnp,b,se,pval
sBlqPC,4f2cVS,fish,tau,Inverse variance weighted (fixed effects),11,0.08785961942896206,0.017446308933699587,4.753594705886934e-7
sBlqPC,4f2cVS,fish,tau,Weighted median,11,0.06597834813871893,0.027604427823107704,0.016842115848016228
sBlqPC,4f2cVS,fish,tau,Weighted mode,11,0.16134873327869295,0.06301871688630363,0.028357101128729113
sBlqPC,4f2cVS,fish,tau,MR Egger,11,0.14764138450974984,0.062440574876643416,0.04228768131128378
