target_snp,proxy_snp,ld.r2,Dprime,PHASE,X12,CHR,POS,Effect_allele.proxy,Non_Effect_allele.proxy,EAF,Beta,SE,P,r2,N,ref,ref.proxy,alt,alt.proxy,Effect_allele,Non_Effect_allele,proxy.outcome
rs67474621,rs1486096,0.937188,0.98363,TA/AG,NA,1,72584184,A,G,0.4692,-0.029,0.0122,0.01705,4.1890438752e-4,40255,T,A,A,G,T,A,TRUE
rs4486067,rs13193532,0.967937,0.98915,CG/TA,NA,6,28622914,A,G,0.875,-0.0109,0.0217,0.6152,2.59896875e-5,40255,C,G,T,A,T,C,TRUE
rs3094084,rs3095089,0.870122,0.990119,TT/AG,NA,6,30933794,T,G,0.1706,-0.0138,0.0194,0.4782,5.3892859363200004e-5,40255,T,T,A,G,T,A,TRUE
rs3997983,rs9266527,0.933003,0.967843,GG/CA,NA,6,31341672,A,G,0.5823,-0.0053,0.0325,0.8704,1.36644765678e-5,40255,G,G,C,A,C,G,TRUE
rs3096690,rs3132971,0.946512,0.986191,CG/GT,NA,6,32230256,T,G,0.9066,0.0179,0.0247,0.4693,5.426235628080002e-5,40255,C,G,G,T,G,C,TRUE
rs9272557,rs9272554,0.928889,0.967669,CG/TA,NA,6,32607026,A,G,0.7267,0.0546,0.0404,0.1761,0.0011841591440952001,40255,C,G,T,A,T,C,TRUE
rs2532240,rs7225002,0.987975,1,TG/CA,NA,17,44189067,A,G,0.6091,0.0206,0.0145,0.1554,2.0207784709680004e-4,40255,T,G,C,A,C,T,TRUE
rs78108992,NA,NA,NA,NA,NA,NA,NA,NA,NA,NA,NA,NA,NA,NA,NA,NA,NA,NA,NA,NA,NA,NA
