id.exposure,id.outcome,outcome,exposure,egger_intercept,se,pval
J44ono,6WxVG2,ptau,audit,0.005537306274227179,0.002870077776617679,0.060631427648513224
