id.exposure,id.outcome,outcome,exposure,egger_intercept,se,pval
8U0o6i,216XdY,ptau,audit,0.005379699856764987,0.005713354513259525,0.38274513370574875
