id.exposure,id.outcome,outcome,exposure,method,nsnp,b,se,pval
8U0o6i,216XdY,ptau,audit,Inverse variance weighted (fixed effects),8,0.22351087347249357,0.22529426523224258,0.32115646933937386
8U0o6i,216XdY,ptau,audit,Weighted median,8,0.4800422679737906,0.2996214270310389,0.10911964075078806
8U0o6i,216XdY,ptau,audit,Weighted mode,8,0.6278042420367116,0.5443563507948224,0.28664378503112364
8U0o6i,216XdY,ptau,audit,MR Egger,8,-0.2246631353660357,0.5302169628597303,0.6865402328378363
