id.exposure,id.outcome,outcome,exposure,method,nsnp,b,se,pval
e6bwiW,cANKbC,ptau,audit,Inverse variance weighted (fixed effects),43,0.14743156208123914,0.1294827955850881,0.25486212966246685
e6bwiW,cANKbC,ptau,audit,Weighted median,43,0.24633342153841636,0.18383567978397408,0.1802566446822856
e6bwiW,cANKbC,ptau,audit,Weighted mode,43,0.5401021504629333,0.3871927047079378,0.17037422439059904
e6bwiW,cANKbC,ptau,audit,MR Egger,43,-0.46918447785211326,0.34483538733424235,0.18107207504928827
