id.exposure,id.outcome,outcome,exposure,method,nsnp,b,se,pval
lk3JcE,JKX4Ag,ptau,audit,Inverse variance weighted (fixed effects),8,0.22351087347249357,0.22529426523224258,0.32115646933937386
lk3JcE,JKX4Ag,ptau,audit,Weighted median,8,0.4800422679737906,0.2996214270310389,0.10911964075078806
lk3JcE,JKX4Ag,ptau,audit,Weighted mode,8,0.6278042420367116,0.5443563507948224,0.28664378503112364
lk3JcE,JKX4Ag,ptau,audit,MR Egger,8,-0.22466313536603566,0.53021696285973,0.6865402328378363
