id.exposure,id.outcome,outcome,exposure,method,nsnp,b,se,pval
J44ono,6WxVG2,ptau,audit,Inverse variance weighted (fixed effects),43,0.14743156208123914,0.1294827955850881,0.25486212966246685
J44ono,6WxVG2,ptau,audit,Weighted median,43,0.24633342153841636,0.18350314837805895,0.17946846248822532
J44ono,6WxVG2,ptau,audit,Weighted mode,43,0.5401021504629333,0.3902871423130035,0.17371242507617182
J44ono,6WxVG2,ptau,audit,MR Egger,43,-0.46918447785211326,0.34483538733424235,0.18107207504928827
