id.exposure,id.outcome,outcome,exposure,egger_intercept,se,pval
2fKJ58,p8c19N,load,dbp,0.00279481703649351,0.0015961555746759324,0.08015223979203301
