id.exposure,id.outcome,outcome,exposure,method,nsnp,b,se,pval
0sXTKx,kZUV9F,load,dbp,Inverse variance weighted (fixed effects),2991,-0.009064504224160962,0.0026732374927109404,6.968032602413054e-4
0sXTKx,kZUV9F,load,dbp,Weighted median,2991,-0.008381682023606658,0.004383864708704784,0.055884015219994324
0sXTKx,kZUV9F,load,dbp,Weighted mode,2991,-0.005728592738019511,0.015547123118656438,0.7125515675394054
0sXTKx,kZUV9F,load,dbp,MR Egger,2991,-0.014695572393585956,0.007588821665116278,0.05290355565815072
