id.exposure,id.outcome,outcome,exposure,method,nsnp,b,se,pval
0sXTKx,kZUV9F,load,dbp,Inverse variance weighted (fixed effects),2992,-0.007911550365103362,0.00266964391442422,0.0030413961982155065
0sXTKx,kZUV9F,load,dbp,Weighted median,2992,-0.007771986426519619,0.00426621169463275,0.06849238411656866
0sXTKx,kZUV9F,load,dbp,Weighted mode,2992,-0.005730952687496682,0.015743392811060047,0.715866772882252
0sXTKx,kZUV9F,load,dbp,MR Egger,2992,-0.01195597287898983,0.0075973437553555285,0.11566161613122174
