id.exposure,id.outcome,outcome,exposure,method,nsnp,b,se,pval
V7Vucu,pdY33k,load,dbp,Inverse variance weighted (fixed effects),1468,-0.010402926200249825,0.003194531308904484,0.0011280301600251192
V7Vucu,pdY33k,load,dbp,Weighted median,1468,-0.010064124755474347,0.005140932930331813,0.05027161211947743
V7Vucu,pdY33k,load,dbp,Weighted mode,1468,-0.009312096448161111,0.01635845957196678,0.5692718409287119
V7Vucu,pdY33k,load,dbp,MR Egger,1468,-0.028480745246473163,0.009775934247563822,0.0036298914813523648
