id.exposure,id.outcome,outcome,exposure,method,nsnp,b,se,pval
2fKJ58,p8c19N,load,dbp,Inverse variance weighted (fixed effects),1527,-0.00965498045075519,0.003144264671886053,0.0021358332769856165
2fKJ58,p8c19N,load,dbp,Weighted median,1527,-0.010025005352281312,0.005244996045372831,0.05596005437317955
2fKJ58,p8c19N,load,dbp,Weighted mode,1527,-0.005916121214367576,0.017073507832877394,0.7290081217008653
2fKJ58,p8c19N,load,dbp,MR Egger,1527,-0.026882316178388106,0.00957530163849371,0.0050568898606915425
