id.exposure,id.outcome,outcome,exposure,egger_intercept,se,pval
V7Vucu,pdY33k,load,dbp,0.0032194468184165033,0.0016153136177215297,0.046437942789824604
