id.exposure,id.outcome,outcome,exposure,method,nsnp,b,se,pval
V7Vucu,pdY33k,load,dbp,Inverse variance weighted (fixed effects),1467,-0.01108648528017466,0.0031979974789001263,5.268973033009673e-4
V7Vucu,pdY33k,load,dbp,Weighted median,1467,-0.010233054338626294,0.005228908407186648,0.05034565643330315
V7Vucu,pdY33k,load,dbp,Weighted mode,1467,-0.009309896884782898,0.017242792837001475,0.5893274818409611
V7Vucu,pdY33k,load,dbp,MR Egger,1467,-0.030248653747427093,0.009733065753399266,0.0019209427809640637
