query_snp_rsid,rsID,ld.r2,Dprime,ref.proxy,alt.proxy,CHR,POS,Effect_allele.proxy,Non_Effect_allele.proxy,EAF,Beta,SE,P,r2,N,ref,alt,Effect_allele,Non_Effect_allele
rs114591768,NA,NA,NA,NA,NA,NA,NA,NA,NA,NA,NA,NA,NA,NA,NA,NA,NA,NA,NA
rs11587860,rs6427304,0.98,0.99,A,G,1,156156789,A,G,0.6379,0.0295,0.0461,0.5227,4.0202693839499993e-4,4914,G,C,G,C
rs143268049,NA,NA,NA,NA,NA,NA,NA,NA,NA,NA,NA,NA,NA,NA,NA,NA,NA,NA,NA
rs147861947,NA,NA,NA,NA,NA,NA,NA,NA,NA,NA,NA,NA,NA,NA,NA,NA,NA,NA,NA
rs2634074,rs2466455,0.92,0.97,C,T,4,111685615,T,C,0.8007,-0.005,0.056,0.929,7.9789755e-6,4914,T,A,A,T
rs4151702,rs3176326,0.97,0.99,G,A,6,36647289,A,G,0.1974,-0.083,0.0592,0.1608,0.0021828931807200006,4914,G,C,C,G
rs4556502,rs117876107,1,1,G,A,11,15733760,A,G,0.0384,-0.0822,0.1278,0.5202,4.989985800191999e-4,4914,T,A,A,T
rs72699046,rs10776752,0.88,0.98,G,T,1,113044328,T,G,0.0694,0.1191,0.0903,0.1869,0.0018322133250167998,4914,G,C,C,G
rs72889922,NA,NA,NA,NA,NA,NA,NA,NA,NA,NA,NA,NA,NA,NA,NA,NA,NA,NA,NA
rs7435890,rs7681952,0.98,1,G,A,4,113647017,A,G,0.7042,-0.056,0.0481,0.245,0.00130647240192,4914,A,G,G,A
rs9386182,rs9390462,0.8,0.99,A,G,6,147701221,A,G,0.4245,-0.026,0.0439,0.5543,3.30293262e-4,4914,A,T,A,T
