id.exposure,id.outcome,outcome,exposure,method,nsnp,b,se,pval
2oG1Wo,dHfqDi,sleep,load,Inverse variance weighted (fixed effects),43,-9.359884864826986e-4,0.0027369452298289907,0.7323637556861484
2oG1Wo,dHfqDi,sleep,load,Weighted median,43,0.005773644863602589,0.0039748425483307984,0.1463496234176627
2oG1Wo,dHfqDi,sleep,load,Weighted mode,43,0.004421915819100966,0.004057644715200096,0.28202596572781136
2oG1Wo,dHfqDi,sleep,load,MR Egger,43,0.0015499880445878566,0.004558214101785224,0.7355602768988732
