id.exposure,id.outcome,outcome,exposure,method,nsnp,b,se,pval
WR5HWw,heA2ul,sleep,load,Inverse variance weighted (fixed effects),88,-0.002082907257448477,0.002530998873946255,0.41053154403673403
WR5HWw,heA2ul,sleep,load,Weighted median,88,0.00577525036714055,0.0039832584209076,0.14709173004366044
WR5HWw,heA2ul,sleep,load,Weighted mode,88,0.0035754468009234486,0.0038808655327759985,0.35944084836820644
WR5HWw,heA2ul,sleep,load,MR Egger,88,0.00207948619183103,0.004109720722785646,0.6141567994161516
