id.exposure,id.outcome,outcome,exposure,method,nsnp,b,se,pval
WR5HWw,heA2ul,sleep,load,Inverse variance weighted (fixed effects),88,-0.002082907257448477,0.002530998873946255,0.41053154403673403
WR5HWw,heA2ul,sleep,load,Weighted median,88,0.00577525036714055,0.004041238225832296,0.1529814087649408
WR5HWw,heA2ul,sleep,load,Weighted mode,88,0.0035754468009234486,0.003969431509573182,0.3702104467242786
WR5HWw,heA2ul,sleep,load,MR Egger,88,0.00207948619183103,0.004109720722785646,0.6141567994161516
