id.exposure,id.outcome,outcome,exposure,method,nsnp,b,se,pval
okPLsl,J4D4JS,npany,bmi,Inverse variance weighted (fixed effects),1591,-0.3888063801800364,0.14520558019847066,0.007414574033357966
okPLsl,J4D4JS,npany,bmi,Weighted median,1591,-0.02415957605965813,0.23882862211029662,0.91942453720186
okPLsl,J4D4JS,npany,bmi,Weighted mode,1591,0.7106001152791492,0.6396945326519906,0.26680393962491356
okPLsl,J4D4JS,npany,bmi,MR Egger,1591,0.8268327025292912,0.4485408543369925,0.06545919405384776
