id.exposure,id.outcome,outcome,exposure,method,nsnp,b,se,pval
daqcgU,swgdKz,tc,hips,Inverse variance weighted (fixed effects),8,0.13613269030684955,0.005499186352897568,2.7347318823229214e-135
daqcgU,swgdKz,tc,hips,Weighted median,8,0.05520392237405239,0.017495732065554367,0.0016034449070586405
daqcgU,swgdKz,tc,hips,Weighted mode,8,0.02115401335355402,0.017037624004720524,0.25436908517234935
daqcgU,swgdKz,tc,hips,MR Egger,8,0.2287410503566835,0.09028910534947877,0.04447340095924501
