id.exposure,id.outcome,outcome,exposure,method,nsnp,b,se,pval
Vekc7H,I2QNlm,hipv2015,tc,Inverse variance weighted (fixed effects),347,-19.19859585217599,7.729906776447469,0.013003349674571235
Vekc7H,I2QNlm,hipv2015,tc,Weighted median,347,-23.709151291965338,14.04950291417736,0.09149883858250223
Vekc7H,I2QNlm,hipv2015,tc,Weighted mode,347,-22.979905708739693,17.747040476310552,0.19623244578319754
Vekc7H,I2QNlm,hipv2015,tc,MR Egger,347,-26.628283952618798,14.516912100003575,0.06747143751345709
