id.exposure,id.outcome,outcome,exposure,egger_intercept,se,pval
e1oHef,4i4TQX,hipv2015,tc,0.6181340440347253,0.7613155893979493,0.4176612013069667
