id.exposure,id.outcome,outcome,exposure,method,nsnp,b,se,pval
lwtTFd,Lgvv5c,hipv2015,tc,Inverse variance weighted (fixed effects),224,-22.294664040652563,8.286200267011367,0.007132846431926179
lwtTFd,Lgvv5c,hipv2015,tc,Weighted median,224,-27.053284925825974,14.617172193177552,0.06420007743501183
lwtTFd,Lgvv5c,hipv2015,tc,Weighted mode,224,-23.49973489147976,17.63885432832189,0.18413100181610983
lwtTFd,Lgvv5c,hipv2015,tc,MR Egger,224,-33.00167085998383,16.43975500345945,0.04591610693594753
