id.exposure,id.outcome,outcome,exposure,method,nsnp,b,se,pval
Vekc7H,I2QNlm,hipv2015,tc,Inverse variance weighted (fixed effects),347,-19.19859585217599,7.729906776447469,0.013003349674571235
Vekc7H,I2QNlm,hipv2015,tc,Weighted median,347,-23.709151291965338,13.718068494166006,0.08393166410876196
Vekc7H,I2QNlm,hipv2015,tc,Weighted mode,347,-22.979905708739693,17.171801692922642,0.18169861109224927
Vekc7H,I2QNlm,hipv2015,tc,MR Egger,347,-26.628283952618798,14.516912100003575,0.06747143751345709
