id.exposure,id.outcome,outcome,exposure,method,nsnp,b,se,pval
IO6e4K,Wu4WGa,hipv2015,tc,Inverse variance weighted (fixed effects),365,-19.236883279237627,7.612112787732083,0.011499528323423866
IO6e4K,Wu4WGa,hipv2015,tc,Weighted median,365,-26.415873384450357,13.643700299276654,0.05285271511405934
IO6e4K,Wu4WGa,hipv2015,tc,Weighted mode,365,-23.097311205369692,16.741721692537105,0.16854879724597305
IO6e4K,Wu4WGa,hipv2015,tc,MR Egger,365,-25.14406620724499,14.394117273994606,0.08151270254258831
