id.exposure,id.outcome,outcome,exposure,egger_intercept,se,pval
v2YN1l,4xb3aw,hipv2015,tc,0.3627500556304496,0.5925464285199873,0.5408163629367408
