SNP,rsID,ld.r2,Dprime,ref.proxy,alt.proxy,CHR,POS,Effect_allele.proxy,Non_Effect_allele.proxy,EAF,Beta,SE,P,r2,N,ref,alt,Effect_allele,Non_Effect_allele
rs429358,rs769449,0.82,1,G,A,19,45410002,A,G,0.1201,0.2141,0.0076,4.9e-161,0.009688123254343801,83659.99,T,C,C,T
rs11979341,NA,NA,NA,NA,NA,NA,NA,NA,NA,NA,NA,NA,NA,NA,NA,NA,NA,NA,NA
rs7976802,rs11175762,1,1,C,T,12,65824224,C,T,0.6372,0.0057,0.0056,0.1924,1.5021826876800001e-5,82129,T,A,T,A
rs11245365,rs10901823,0.97,0.98,G,A,10,126488660,G,A,0.4591,0.0126,0.0053,0.03288,7.88488493688e-5,89850,G,A,G,A
rs61921502,NA,NA,NA,NA,NA,NA,NA,NA,NA,NA,NA,NA,NA,NA,NA,NA,NA,NA,NA
rs77956314,rs7294919,0.84,0.96,T,C,12,117327592,C,T,0.08179,0.0065,0.0094,0.5654,6.34598345355e-6,89855,T,C,C,T
rs2641539,rs2620719,0.98,-1,A,G,12,65143382,A,G,0.6108,0.0019,0.0054,0.5462,1.7163626592e-6,89138,G,A,G,A
rs10908512,rs10494303,0.89,-0.97,G,A,1,153893023,A,G,0.4472,0.0041,0.0052,0.2544,8.311272819200002e-6,89873,C,T,T,C
rs11993215,NA,NA,NA,NA,NA,NA,NA,NA,NA,NA,NA,NA,NA,NA,NA,NA,NA,NA,NA
rs138012093,NA,NA,NA,NA,NA,NA,NA,NA,NA,NA,NA,NA,NA,NA,NA,NA,NA,NA,NA
rs113835443,NA,NA,NA,NA,NA,NA,NA,NA,NA,NA,NA,NA,NA,NA,NA,NA,NA,NA,NA
rs17172044,rs1029618,0.93,0.98,G,A,7,42390706,A,G,0.06069,0.0028,0.0102,0.7119,8.93865430752e-7,89888,A,C,C,A
rs117753030,NA,NA,NA,NA,NA,NA,NA,NA,NA,NA,NA,NA,NA,NA,NA,NA,NA,NA,NA
rs659065,rs590003,0.95,1,C,A,12,4008442,A,C,0.1227,0.0075,0.0077,0.2499,1.2110029875e-5,89888,C,G,G,C
rs79522035,rs461075,0.8,-0.97,C,T,12,73060382,C,T,0.05541,0.0229,0.0174,0.09935,5.489495761135801e-5,64765,C,T,C,T
rs6060504,rs761827,0.96,0.98,C,T,20,34207897,C,T,0.847,0.0175,0.0074,0.01983,7.937448750000002e-5,88433,T,C,T,C
rs148054686,NA,NA,NA,NA,NA,NA,NA,NA,NA,NA,NA,NA,NA,NA,NA,NA,NA,NA,NA
rs6552737,rs1970892,0.83,0.96,T,A,4,184955853,T,A,1,0.0014,0.0053,0.502,0,89774,T,A,T,A
rs59966106,rs11903461,1,1,A,G,2,96999580,A,G,0.6807,0.0071,0.0055,0.2911,2.1912975958200004e-5,89888,A,G,A,G
rs62583528,NA,NA,NA,NA,NA,NA,NA,NA,NA,NA,NA,NA,NA,NA,NA,NA,NA,NA,NA
