query_snp_rsid,rsID,ld.r2,Dprime,ref.proxy,alt.proxy,CHR,POS,Effect_allele.proxy,Non_Effect_allele.proxy,EAF,Beta,SE,P,r2,N,ref,alt,Effect_allele,Non_Effect_allele
rs10993864,NA,NA,NA,NA,NA,NA,NA,NA,NA,NA,NA,NA,NA,NA,NA,NA,NA,NA,NA
rs17717563,NA,NA,NA,NA,NA,NA,NA,NA,NA,NA,NA,NA,NA,NA,NA,NA,NA,NA,NA
rs1801272,rs117824460,0.92,0.96,A,G,19,41371480,A,G,0.9607,0.0307,0.2181,0.8882,7.11683812398e-5,4914,A,T,A,T
rs2644899,rs2604893,0.87,1,A,G,19,41293543,A,G,0.2631,-0.0593,0.0488,0.2242,0.0013635428393022,4914,G,T,G,T
rs3025327,rs75596189,1,1,C,T,9,136468701,T,C,0.1106,0.0297,0.0751,0.6925,1.7353822313520003e-4,4914,G,C,C,G
rs34919890,NA,NA,NA,NA,NA,NA,NA,NA,NA,NA,NA,NA,NA,NA,NA,NA,NA,NA,NA
rs4791905,NA,NA,NA,NA,NA,NA,NA,NA,NA,NA,NA,NA,NA,NA,NA,NA,NA,NA,NA
rs56049603,rs56324858,0.94,0.98,A,G,3,49544229,A,G,0.7773,0.0269,0.0536,0.6161,2.505205984062e-4,4914,C,G,C,G
rs5758461,rs1983576,1,1,G,A,22,42166486,A,G,0.8114,0.0102,0.056,0.856,3.184249072320001e-5,4914,G,C,C,G
rs59586387,rs7247903,0.91,0.96,A,G,19,41372475,A,G,0.9398,-0.1409,0.1823,0.4397,0.002246383568895201,4914,C,G,C,G
rs60749569,rs71521595,0.81,1,T,C,8,42573091,T,C,0.8943,-0.0908,0.0764,0.2342,0.0015586905800928003,4914,A,T,A,T
rs6089904,NA,NA,NA,NA,NA,NA,NA,NA,NA,NA,NA,NA,NA,NA,NA,NA,NA,NA,NA
rs727334,NA,NA,NA,NA,NA,NA,NA,NA,NA,NA,NA,NA,NA,NA,NA,NA,NA,NA,NA
