exposure,outcome,method,nsnp,b,se,pval,Signif
ptau,aaos,IVW,6,2.8510396332456116,0.19165636233615335,4.733704164619695e-50,***
ptau,aaos,Weighted median,6,0.5442463910540432,0.31336533413527534,0.08242615367050699,.
ptau,aaos,MR Egger,6,5.352693533100964,6.373024784931251,0.44823458572322394, 
aaos,ptau,IVW,17,0.10517061748218826,0.00768450098349648,1.229835308371491e-42,***
aaos,ptau,Weighted median,17,0.12298251716396548,0.011722371628126721,9.475036995811809e-26,***
aaos,ptau,MR Egger,17,0.1075342946795698,0.01203722422601197,2.1565045981502164e-7,***
