exposure,outcome,method,nsnp,b,se,pval,Signif
ptau,aaos,IVW,16,1.607555022997207,0.1378253157757887,1.9533290016723118e-31,***
ptau,aaos,Weighted median,16,-0.005165022363396152,0.22403877528476202,0.9816070831123314, 
ptau,aaos,MR Egger,16,2.576290359054473,2.306594921571895,0.282829563313091, 
aaos,ptau,IVW,42,0.0895715128000855,0.006774990897056709,6.645923232997683e-40,***
aaos,ptau,Weighted median,42,0.10495235329780243,0.012398276757289044,2.5598601788539222e-17,***
aaos,ptau,MR Egger,42,0.1099737078867134,0.013114738357291007,2.3914302104429094e-10,***
