exposure,outcome,method,nsnp,b,se,pval,Signif
tau,aaos,IVW,2,5.4778331047388,0.3237362776158503,3.168328070703447e-64,***
aaos,tau,IVW,16,0.1072707530147671,0.008235352855584865,8.746303657215585e-39,***
aaos,tau,Weighted median,16,0.11248445030655589,0.011573916962046907,2.50747166108009e-22,***
aaos,tau,MR Egger,16,0.10723739894748756,0.01284385257070909,8.297996330619185e-7,***
