exposure,outcome,method,nsnp,b,se,pval,Signif
tau,aaos,IVW,11,2.140470324037614,0.15517157916666072,2.7613749816684673e-43,***
tau,aaos,Weighted median,11,0.17745825989590147,0.2384740455258299,0.45679131640087484, 
tau,aaos,MR Egger,11,8.703181649482861,3.534924078202831,0.036036879759069385,*
aaos,tau,IVW,40,0.09059330854736032,0.0073200084690813695,3.519469991585725e-35,***
aaos,tau,Weighted median,40,0.09819611917998752,0.012089444383785805,4.567998242269563e-16,***
aaos,tau,MR Egger,40,0.11499441278901051,0.013500275340890686,2.415540609215751e-10,***
