id.exposure,id.outcome,outcome,exposure,method,nsnp,b,se,pval
DAPvZF,LKQM6G,aaos,cpd,Inverse variance weighted (fixed effects),21,-0.05996671883689675,0.12484535071947517,0.6309941751291386
DAPvZF,LKQM6G,aaos,cpd,Weighted median,21,-0.04102333384348656,0.15079136877547367,0.7855808106432217
DAPvZF,LKQM6G,aaos,cpd,Weighted mode,21,-0.04571187010879729,0.15137564680861992,0.7657878364775215
DAPvZF,LKQM6G,aaos,cpd,MR Egger,21,-0.14191790911109214,0.2987802905227386,0.6402078605837576
