id.exposure,id.outcome,outcome,exposure,egger_intercept,se,pval
O9T8z2,9dF2VN,aaos,cpd,0.005706096505159653,0.018900286259719203,0.766003998418064
