id.exposure,id.outcome,outcome,exposure,method,nsnp,b,se,pval
O9T8z2,9dF2VN,aaos,cpd,Inverse variance weighted (fixed effects),21,-0.05996671883689671,0.12484535071947517,0.6309941751291388
O9T8z2,9dF2VN,aaos,cpd,Weighted median,21,-0.04102333384348656,0.1484108616028392,0.7822275489999566
O9T8z2,9dF2VN,aaos,cpd,Weighted mode,21,-0.04571187010879729,0.1405355473110031,0.7483555963754003
O9T8z2,9dF2VN,aaos,cpd,MR Egger,21,-0.1419179091110921,0.2987802905227386,0.6402078605837578
