id.exposure,id.outcome,outcome,exposure,method,nsnp,b,se,pval
Lq4ZXM,dGhGar,aaos,cpd,Inverse variance weighted (fixed effects),53,0.02139954670990912,0.09215684228257755,0.8163765430335191
Lq4ZXM,dGhGar,aaos,cpd,Weighted median,53,-0.040770454130586,0.14589105456869214,0.7798931983727084
Lq4ZXM,dGhGar,aaos,cpd,Weighted mode,53,-0.06192164434801617,0.13619482941926442,0.65124993253847685
Lq4ZXM,dGhGar,aaos,cpd,MR Egger,53,0.1591019805186281,0.1873481665573648,0.39972128920624506
