id.exposure,id.outcome,outcome,exposure,method,nsnp,b,se,pval
oW37fw,O8GFar,aaos,cpd,Inverse variance weighted (fixed effects),53,0.02139954670990916,0.09215684228257756,0.8163765430335188
oW37fw,O8GFar,aaos,cpd,Weighted median,53,-0.040770454130586,0.14360786846614582,0.7764860544618897
oW37fw,O8GFar,aaos,cpd,Weighted mode,53,-0.06192164434801617,0.1334069998649073,0.6444734556428215
oW37fw,O8GFar,aaos,cpd,MR Egger,53,0.15910198051862817,0.1873481665573648,0.39972128920624483
