id.exposure,id.outcome,outcome,exposure,method,nsnp,b,se,pval
O9T8z2,9dF2VN,aaos,cpd,Inverse variance weighted (fixed effects),21,-0.05996671883689671,0.12484535071947517,0.6309941751291388
O9T8z2,9dF2VN,aaos,cpd,Weighted median,21,-0.04102333384348656,0.1481642527873552,0.7818742426941012
O9T8z2,9dF2VN,aaos,cpd,Weighted mode,21,-0.04571187010879729,0.14922689318867854,0.7625235948014912
O9T8z2,9dF2VN,aaos,cpd,MR Egger,21,-0.1419179091110921,0.2987802905227386,0.6402078605837578
