target_snp,proxy_snp,ld.r2,Dprime,PHASE,X12,CHR,POS,Effect_allele.proxy,Non_Effect_allele.proxy,EAF,Beta,SE,P,r2,N,ref,ref.proxy,alt,alt.proxy,Effect_allele,Non_Effect_allele,proxy.outcome
rs144502847,rs138283763,1,1,AT/TC,NA,4,98394739,T,C,0.0161,-0.2549,0.3373,0.4499,0.0020584792957358006,4914,A,T,T,C,A,T,TRUE
rs143092959,rs140184756,1,1,GG/AA,NA,4,99161352,A,G,0.9833,0.1577,0.3312,0.6341,8.167626934238025e-4,4914,G,G,A,A,A,G,TRUE
rs145452708,rs138495951,1,1,CA/GG,NA,4,100249726,A,G,0.023,-0.0373,0.2219,0.8666,6.252735517999999e-5,4914,C,A,G,G,C,G,TRUE
rs2298755,rs1789902,0.99588,1,GT/CC,NA,4,100260171,T,C,0.4037,0.083,0.0595,0.1632,0.003316727099180001,4914,G,T,C,C,G,C,TRUE
