query_snp_rsid,rsID,ld.r2,Dprime,ref.proxy,alt.proxy,CHR,POS,Effect_allele.proxy,Non_Effect_allele.proxy,EAF,Beta,SE,P,r2,N,ref,alt,Effect_allele,Non_Effect_allele
rs1801272,rs117824460,0.92,0.96,A,G,19,41371480,A,G,0.962,0.3571,0.4243,0.4,0.009323272215920006,4914,A,T,A,T
rs3025327,rs75596189,1,1,C,T,9,136468701,T,C,0.1122,-0.008,0.1274,0.9496,1.275022848e-5,4914,G,C,C,G
rs59586387,rs7247903,0.91,0.96,A,G,19,41372475,A,G,0.9313,0.0188,0.3388,0.9557,4.522640153279999e-5,4914,C,G,C,G
rs60749569,rs71521595,0.81,1,T,C,8,42573091,T,C,0.8943,-0.1554,0.1272,0.2216,0.004565519926783201,4914,A,T,A,T
rs6089904,NA,NA,NA,NA,NA,NA,NA,NA,NA,NA,NA,NA,NA,NA,NA,NA,NA,NA,NA
