target_snp,proxy_snp,ld.r2,Dprime,PHASE,X12,CHR,POS,Effect_allele.proxy,Non_Effect_allele.proxy,EAF,Beta,SE,P,r2,N,ref,ref.proxy,alt,alt.proxy,Effect_allele,Non_Effect_allele,proxy.outcome
rs34215985,rs11725865,0.948403,1,CC/GT,NA,4,42036634,T,C,0.802,0.0933,0.0724,0.1972,0.002764603424879999,4914,C,C,G,T,G,C,TRUE
rs1363104,rs1363105,1,1,CC/GT,NA,5,103917790,T,C,0.4853,-0.0062,0.0589,0.9165,1.9203387000799996e-5,4914,C,C,G,T,G,C,TRUE
rs62099069,rs2163544,0.987851,0.995925,AC/TA,NA,18,36885075,A,C,0.5712,0.0572,0.0592,0.3337,0.0016027472068608,4914,A,C,T,A,T,A,TRUE
