target_snp,proxy_snp,ld.r2,Dprime,PHASE,X12,CHR,POS,Effect_allele.proxy,Non_Effect_allele.proxy,EAF,Beta,SE,P,r2,N,ref,ref.proxy,alt,alt.proxy,Effect_allele,Non_Effect_allele,proxy.outcome
rs6835022,rs71606156,0.993836,1,TA/AG,NA,4,39361863,A,G,0.1979,6.3676,6.2585,0.3089,12.87229115357632,13163,T,A,A,G,T,A,TRUE
rs144502847,rs143475242,1,1,AT/TC,NA,4,98373818,T,C,0.006596,-23.5781,38.8439,0.5439,7.285412685753478,6957,A,T,T,C,A,T,TRUE
rs150955800,rs143475242,0.856286,1,AT/TC,NA,4,98373818,T,C,0.006596,-23.5781,38.8439,0.5439,7.285412685753478,6957,A,T,T,C,A,T,TRUE
rs140184756,rs148037510,1,1,GG/AA,NA,4,99267157,G,A,0.005277,-34.9162,36.5901,0.34,12.798916171502421,8237,G,G,A,A,G,A,TRUE
rs13127398,rs13126505,0.983084,1,AA/TG,NA,4,102865304,A,G,0.06069,-10.2652,11.3859,0.3673,12.01409079148896,12567,A,A,T,G,A,T,TRUE
rs6951574,rs987053,0.848263,0.977967,CT/TG,NA,7,153476140,T,G,0.4868,-0.4418,5.8609,0.9399,0.09752560115060481,9305,C,T,T,G,C,T,TRUE
rs28601761,rs112875651,0.804853,0.941059,GA/CG,NA,8,126506694,A,G,0.4024,-5.4919,4.9751,0.2696,14.505870565461773,13163,G,A,C,G,G,C,TRUE
rs2049045,rs6265,0.962549,1,CT/GC,NA,11,27679916,T,C,0.2032,-5.4182,5.8029,0.3505,9.506334430029003,13163,C,T,G,C,C,G,TRUE
rs1123285,rs2274794,0.939305,0.982019,GT/CC,NA,14,57283934,T,C,0.3456,0.548,4.9295,0.9115,0.13583388966912002,13163,G,T,C,C,G,C,TRUE
rs79616692,rs11648570,0.969235,1,CC/GT,NA,16,72356964,C,T,0.1161,-14.0322,8.1004,0.08322,40.4126082912078,13163,C,C,G,T,C,G,TRUE
rs13332432,rs3794666,0.911587,0.97073,GT/CC,NA,16,85723042,T,C,0.281,-4.1851,5.1726,0.4185,7.077451226876781,13163,G,T,C,C,G,C,TRUE
rs56220387,rs34465449,0.974622,0.993555,GA/AC,NA,17,43511435,A,C,0.1847,3.9515,6.4254,0.5386,4.702602885253595,12886,G,A,A,C,G,A,TRUE
rs62055691,rs113871181,1,1,CA/TG,NA,17,43852733,A,G,0.2309,3.1539,7.1281,0.6582,3.53291003392808,11243,C,A,T,G,C,T,TRUE
rs538628,rs1378358,1,1,CT/GC,NA,17,44787312,T,C,0.2071,4.132,6.1105,0.4989,5.607239909872318,13163,C,T,G,C,C,G,TRUE
rs17288033,NA,NA,NA,NA,NA,NA,NA,NA,NA,NA,NA,NA,NA,NA,NA,NA,NA,NA,NA,NA,NA,NA
rs140572477,NA,NA,NA,NA,NA,NA,NA,NA,NA,NA,NA,NA,NA,NA,NA,NA,NA,NA,NA,NA,NA,NA
rs144198753,NA,NA,NA,NA,NA,NA,NA,NA,NA,NA,NA,NA,NA,NA,NA,NA,NA,NA,NA,NA,NA,NA
rs148382129,NA,NA,NA,NA,NA,NA,NA,NA,NA,NA,NA,NA,NA,NA,NA,NA,NA,NA,NA,NA,NA,NA
rs55938136,NA,NA,NA,NA,NA,NA,NA,NA,NA,NA,NA,NA,NA,NA,NA,NA,NA,NA,NA,NA,NA,NA
rs76640332,NA,NA,NA,NA,NA,NA,NA,NA,NA,NA,NA,NA,NA,NA,NA,NA,NA,NA,NA,NA,NA,NA
