id.exposure,id.outcome,outcome,exposure,method,nsnp,b,se,pval
VzmAi0,vqcH0O,hips,insom,Inverse variance weighted (fixed effects),31,0.13423579390460508,0.28114719369248015,0.6330364847934311
VzmAi0,vqcH0O,hips,insom,Weighted median,31,0.08663705031226142,0.38670022732221504,0.8227247070519682
VzmAi0,vqcH0O,hips,insom,Weighted mode,31,-0.21557106559932748,0.7285542077266173,0.7693534921216858
VzmAi0,vqcH0O,hips,insom,MR Egger,31,0.17597432694785084,0.6508594442729566,0.7887888232604652
