target_snp,proxy_snp,ld.r2,Dprime,PHASE,X12,CHR,POS,Effect_allele.proxy,Non_Effect_allele.proxy,EAF,Beta,SE,P,r2,N,ref,ref.proxy,alt,alt.proxy,Effect_allele,Non_Effect_allele,proxy.outcome
rs6878122,rs7708285,0.955243,0.990741,GG/AA,NA,5,76425867,A,G,0.699,-0.1019,0.0638,0.1106,0.004369402320780001,4914,G,G,A,A,A,G,TRUE
rs72892910,rs62405437,0.972828,1,TC/GT,NA,6,50813729,T,C,0.8156,-0.0811,0.0738,0.272,0.0019783805691488,4914,T,C,G,T,G,T,TRUE
rs13234269,rs6973807,0.995991,1,AG/TA,NA,7,130423972,A,G,0.5116,-0.0068,0.0597,0.9099,2.31075558912e-5,4914,A,G,T,A,T,A,TRUE
rs17411031,rs17411045,1,1,GC/CT,NA,8,19852362,T,C,0.7409,0.0468,0.0652,0.4736,8.409084364512001e-4,4914,G,C,C,T,C,G,TRUE
rs1333039,rs10965223,1,1,GG/CA,NA,9,22067004,A,G,0.5971,-0.0099,0.0619,0.8729,4.715684307180001e-5,4914,G,G,C,A,C,G,TRUE
rs1758632,rs2486675,1,1,CT/GG,NA,9,33845079,T,G,0.3772,0.0318,0.0601,0.5966,4.751213251968e-4,4914,C,T,G,G,C,G,TRUE
rs11591741,rs11597086,1,1,CC/GA,NA,10,101953705,A,C,0.5727,-0.0488,0.059,0.408,0.0011655467979648,4914,C,C,G,A,G,C,TRUE
rs963740,rs9316500,1,1,TG/AT,NA,13,51094114,T,G,0.6995,0.0991,0.0632,0.1169,0.004128663613595,4914,T,G,A,T,A,T,TRUE
rs4932143,rs7111,0.994944,1,GT/CC,NA,15,90373873,T,C,0.2705,0.0254,0.0646,0.6935,2.5461852302000005e-4,4914,G,T,C,C,G,C,TRUE
rs9844972,NA,NA,NA,NA,NA,NA,NA,NA,NA,NA,NA,NA,NA,NA,NA,NA,NA,NA,NA,NA,NA,NA
rs10830963,NA,NA,NA,NA,NA,NA,NA,NA,NA,NA,NA,NA,NA,NA,NA,NA,NA,NA,NA,NA,NA,NA
