id.exposure,id.outcome,outcome,exposure,method,nsnp,b,se,pval
jG96h8,xLDhfB,smkukbb,ptau,Inverse variance weighted (fixed effects),6,-0.03248634924573979,0.014003293836770868,0.02034587076402856
jG96h8,xLDhfB,smkukbb,ptau,Weighted median,6,-0.039338336704653795,0.017313271107614575,0.023077494724630995
jG96h8,xLDhfB,smkukbb,ptau,Weighted mode,6,-0.042588382841405426,0.022218093226066056,0.11338814687907298
jG96h8,xLDhfB,smkukbb,ptau,MR Egger,6,0.01618754514470795,0.04513141737917034,0.7379676655354943
