id.exposure,id.outcome,outcome,exposure,method,nsnp,b,se,pval
tHvwL8,1ZBSPO,load,mdd,Inverse variance weighted (fixed effects),43,-0.1935778024331228,0.08273344967451429,0.01929526972988163
tHvwL8,1ZBSPO,load,mdd,Weighted median,43,-0.10341792533244386,0.1251604811513591,0.40864381263617844
tHvwL8,1ZBSPO,load,mdd,Weighted mode,43,-0.13874425797823076,0.25581075661860647,0.5904295976712393
tHvwL8,1ZBSPO,load,mdd,MR Egger,43,-0.05795006068391451,0.6506784323608596,0.9294670752973686
