id.exposure,id.outcome,outcome,exposure,method,nsnp,b,se,pval
tHvwL8,1ZBSPO,load,mdd,Inverse variance weighted (fixed effects),42,-0.23976253745409132,0.0836581492973866,0.0041572121931545275
tHvwL8,1ZBSPO,load,mdd,Weighted median,42,-0.10381555810142322,0.12885546927583183,0.42043059085563284
tHvwL8,1ZBSPO,load,mdd,Weighted mode,42,-0.1323034560922669,0.265083227313368,0.6203754143630087
tHvwL8,1ZBSPO,load,mdd,MR Egger,42,-0.016842533019417037,0.5875253656198033,0.9772728057966349
