id.exposure,id.outcome,outcome,exposure,egger_intercept,se,pval
yPQ8M9,31Eubg,load,mdd,-0.0017927119169908546,0.008124477470053987,0.8256148779733009
