id.exposure,id.outcome,outcome,exposure,egger_intercept,se,pval
g95ZV7,Dz1tKX,load,mdd,-0.0014187755970736314,0.008208946033299028,0.8629921010406274
