id.exposure,id.outcome,outcome,exposure,method,nsnp,b,se,pval
g95ZV7,Dz1tKX,load,mdd,Inverse variance weighted (fixed effects),169,-0.07260699103930338,0.0488989190187754,0.13758664591893288
g95ZV7,Dz1tKX,load,mdd,Weighted median,169,-0.06170807399352754,0.07295508384173514,0.397643951170117
g95ZV7,Dz1tKX,load,mdd,Weighted mode,169,-0.0748271145566397,0.2037886808106118,0.7139469081368313
g95ZV7,Dz1tKX,load,mdd,MR Egger,169,-0.02361113979318745,0.28855191780149064,0.9348828185316039
