id.exposure,id.outcome,outcome,exposure,method,nsnp,b,se,pval
C8BkGn,oPLIOD,ab42,alcd,Inverse variance weighted (fixed effects),13,-0.006253846468231995,0.009886073784526484,0.5270004244686433
C8BkGn,oPLIOD,ab42,alcd,Weighted median,13,-0.008142432950823337,0.013142410758211369,0.5355514698482249
C8BkGn,oPLIOD,ab42,alcd,Weighted mode,13,-0.005651525364541304,0.021366023110266263,0.7958753623063917
C8BkGn,oPLIOD,ab42,alcd,MR Egger,13,4.7233937843334326e-4,0.028005706727899454,0.9868456815127995
