id.exposure,id.outcome,outcome,exposure,method,nsnp,b,se,pval
QeYbsM,v5hqRp,sleep,hipv2015,Inverse variance weighted (fixed effects),10,-3.901188179506101e-5,5.3319316341920225e-5,0.4643730159179354
QeYbsM,v5hqRp,sleep,hipv2015,Weighted median,10,-1.555808303753001e-5,7.70276455320774e-5,0.839931961853605
QeYbsM,v5hqRp,sleep,hipv2015,Weighted mode,10,-3.2489421208185755e-5,1.09238891618759e-4,0.772899367911564
QeYbsM,v5hqRp,sleep,hipv2015,MR Egger,10,-9.748009973179935e-5,1.5304820334650538e-4,0.5419667410511
