id.exposure,id.outcome,outcome,exposure,method,nsnp,b,se,pval
sL143I,M9Nvy0,sleep,hipv2015,Inverse variance weighted (fixed effects),10,-3.9011881795061e-5,5.331931634192022e-5,0.4643730159179355
sL143I,M9Nvy0,sleep,hipv2015,Weighted median,10,-1.555808303753001e-5,7.115409691273207e-5,0.8269200757793493
sL143I,M9Nvy0,sleep,hipv2015,Weighted mode,10,-3.2489421208185755e-5,1.1563249545428295e-4,0.7850848061100137
sL143I,M9Nvy0,sleep,hipv2015,MR Egger,10,-9.748009973179935e-5,1.5304820334650538e-4,0.5419667410511
