id.exposure,id.outcome,outcome,exposure,egger_intercept,se,pval
sL143I,M9Nvy0,sleep,hipv2015,0.0021003700123015563,0.005059353256518525,0.6889454926199599
