id.exposure,id.outcome,outcome,exposure,method,nsnp,b,se,pval
HzgFnG,Whio8P,nft4,diab,Inverse variance weighted (fixed effects),429,-0.03193203940293831,0.04482596591588103,0.47624444275797784
HzgFnG,Whio8P,nft4,diab,Weighted median,429,-0.04773690991673959,0.08466264642603218,0.5728572114475755
HzgFnG,Whio8P,nft4,diab,Weighted mode,429,-0.04195836458290181,0.12358216148524954,0.7343860987418498
HzgFnG,Whio8P,nft4,diab,MR Egger,429,-0.10246113099844552,0.11344243102199845,0.3669293330074471
