id.exposure,id.outcome,outcome,exposure,method,nsnp,b,se,pval
Kwv3AI,RvlEmM,nft4,diab,Inverse variance weighted (fixed effects),187,-0.10494486437555575,0.05565722673153627,0.059354698544967846
Kwv3AI,RvlEmM,nft4,diab,Weighted median,187,-0.07605345987751795,0.10111689148937045,0.45197043267638604
Kwv3AI,RvlEmM,nft4,diab,Weighted mode,187,-0.045882363824118144,0.11820537991185262,0.6983430037448259
Kwv3AI,RvlEmM,nft4,diab,MR Egger,187,-0.13488375085755702,0.13399928856930118,0.3154415599577982
