id.exposure,id.outcome,outcome,exposure,method,nsnp,b,se,pval
SCzHQ7,fIGyrZ,tau,cpd,Inverse variance weighted (fixed effects),8,-0.08627179625846763,0.054653417290056704,0.11444500435962097
SCzHQ7,fIGyrZ,tau,cpd,Weighted median,8,-0.06956719207034923,0.0629738109833281,0.2692894445771241
SCzHQ7,fIGyrZ,tau,cpd,Weighted mode,8,-0.06566191143641298,0.06371855464031563,0.33706026915978377
SCzHQ7,fIGyrZ,tau,cpd,MR Egger,8,-0.200637914037124,0.15103200443701972,0.23232218725153914
