id.exposure,id.outcome,outcome,exposure,method,nsnp,b,se,pval
RgamDy,sdPsQI,tau,cpd,Inverse variance weighted (fixed effects),28,-0.007431463893311178,0.04115417686652029,0.856700257080123
RgamDy,sdPsQI,tau,cpd,Weighted median,28,-0.0611254369514242,0.06384923200084709,0.3383955677986386
RgamDy,sdPsQI,tau,cpd,Weighted mode,28,-0.0539973035436534,0.06723702862432034,0.4289368247272457
RgamDy,sdPsQI,tau,cpd,MR Egger,28,-0.13589243063610282,0.08349034524374373,0.11566032652150558
