id.exposure,id.outcome,outcome,exposure,method,nsnp,b,se,pval
5K7tPg,En7iAu,tau,cpd,Inverse variance weighted (fixed effects),8,-0.08627179625846763,0.054653417290056704,0.11444500435962097
5K7tPg,En7iAu,tau,cpd,Weighted median,8,-0.06956719207034923,0.062313698541705036,0.26424972434985405
5K7tPg,En7iAu,tau,cpd,Weighted mode,8,-0.06566191143641298,0.06511593848473057,0.3468481162350566
5K7tPg,En7iAu,tau,cpd,MR Egger,8,-0.20063791403712397,0.15103200443701972,0.23232218725153914
