id.exposure,id.outcome,outcome,exposure,method,nsnp,b,se,pval
4KopFk,qtfC2n,tau,cpd,Inverse variance weighted (fixed effects),28,-0.007431463893311181,0.04115417686652029,0.8567002570801229
4KopFk,qtfC2n,tau,cpd,Weighted median,28,-0.0611254369514242,0.06338162554039768,0.33484386233272156
4KopFk,qtfC2n,tau,cpd,Weighted mode,28,-0.0539973035436534,0.06616701910954112,0.42159850240533137
4KopFk,qtfC2n,tau,cpd,MR Egger,28,-0.1358924306361028,0.08349034524374371,0.11566032652150558
