id.exposure,id.outcome,outcome,exposure,method,nsnp,b,se,pval
3Mz8Ag,VkL0OV,tau,cpd,Inverse variance weighted (fixed effects),8,-0.08627179625846769,0.054653417290056704,0.11444500435962075
3Mz8Ag,VkL0OV,tau,cpd,Weighted median,8,-0.06956719207034923,0.06336872505250728,0.272284899856311
3Mz8Ag,VkL0OV,tau,cpd,Weighted mode,8,-0.06566191143641298,0.069353855288336,0.37528562889416106
3Mz8Ag,VkL0OV,tau,cpd,MR Egger,8,-0.20063791403712378,0.15103200443701972,0.23232218725153972
