id.exposure,id.outcome,outcome,exposure,method,nsnp,b,se,pval
BNcitG,64YS50,tau,cpd,Inverse variance weighted (fixed effects),26,-5.324068823185561e-4,0.0420100439279396,0.9898884214193966
BNcitG,64YS50,tau,cpd,Weighted median,26,-0.059616134820550296,0.062160383539866186,0.33752367862755905
BNcitG,64YS50,tau,cpd,Weighted mode,26,-0.05067845683273409,0.0650751203405892,0.44342543030872805
BNcitG,64YS50,tau,cpd,MR Egger,26,-0.1552792202603382,0.08461617695088955,0.07891523167874331
