id.exposure,id.outcome,outcome,exposure,egger_intercept,se,pval
5K7tPg,En7iAu,tau,cpd,0.006472259325023031,0.007573770172373331,0.4255931749021427
