id.exposure,id.outcome,outcome,exposure,method,nsnp,b,se,pval
IgbWmt,LXbJQv,tau,cpd,Inverse variance weighted (fixed effects),26,-5.324068823185561e-4,0.0420100439279396,0.9898884214193966
IgbWmt,LXbJQv,tau,cpd,Weighted median,26,-0.059616134820550296,0.0613836003290199,0.3314455940753658
IgbWmt,LXbJQv,tau,cpd,Weighted mode,26,-0.05067845683273409,0.06417434538131744,0.43712965601058607
IgbWmt,LXbJQv,tau,cpd,MR Egger,26,-0.1552792202603382,0.08461617695088955,0.07891523167874331
