id.exposure,id.outcome,outcome,exposure,egger_intercept,se,pval
3Mz8Ag,VkL0OV,tau,cpd,0.006472259325023019,0.0075737701723733305,0.42559317490214327
