id.exposure,id.outcome,outcome,exposure,method,nsnp,b,se,pval
rKuPYx,q8G18U,hipv,dbp,Inverse variance weighted (fixed effects),1537,0.0012457755704226206,0.001651439424212573,0.45063463682207694
rKuPYx,q8G18U,hipv,dbp,Weighted median,1537,0.0038441578093511932,0.0027012230946624007,0.15470210125166955
rKuPYx,q8G18U,hipv,dbp,Weighted mode,1537,0.008160718828358338,0.009552702807795927,0.39308099984325107
rKuPYx,q8G18U,hipv,dbp,MR Egger,1537,0.01223898788208305,0.0047052252431552324,0.009380519001041396
