id.exposure,id.outcome,outcome,exposure,method,nsnp,b,se,pval
Yei56B,pkSlMe,hipv,dbp,Inverse variance weighted (fixed effects),2997,-9.340807172235126e-4,0.0014003115214813223,0.5047388657878265
Yei56B,pkSlMe,hipv,dbp,Weighted median,2997,0.0019567022403626406,0.0023271777229563586,0.40045728792557916
Yei56B,pkSlMe,hipv,dbp,Weighted mode,2997,0.008794740169046023,0.008673827393745162,0.31069327955545645
Yei56B,pkSlMe,hipv,dbp,MR Egger,2997,0.010908615939838683,0.003817044307552492,0.004294395340552792
