id.exposure,id.outcome,outcome,exposure,method,nsnp,b,se,pval
WLb30m,OGG3gN,hipv,dbp,Inverse variance weighted (fixed effects),1525,8.185823145817732e-4,0.0016593354259337501,0.6217869407247312
WLb30m,OGG3gN,hipv,dbp,Weighted median,1525,0.0033729472814963126,0.00268108876264833,0.20837319355672915
WLb30m,OGG3gN,hipv,dbp,Weighted mode,1525,0.006727779405117262,0.009460689317219047,0.47711254173660744
WLb30m,OGG3gN,hipv,dbp,MR Egger,1525,0.011197523306878883,0.004722275534529336,0.01785359429396565
