id.exposure,id.outcome,outcome,exposure,method,nsnp,b,se,pval
rKuPYx,q8G18U,hipv,dbp,Inverse variance weighted (fixed effects),1536,0.001108693069550501,0.001651754072843773,0.5020793480539874
rKuPYx,q8G18U,hipv,dbp,Weighted median,1536,0.0038132885747921876,0.0026990144985660444,0.15770136513597235
rKuPYx,q8G18U,hipv,dbp,Weighted mode,1536,0.00704752449241286,0.009698702731078137,0.46755357382384477
rKuPYx,q8G18U,hipv,dbp,MR Egger,1536,0.012621817920426385,0.004682949943341818,0.007109964537398966
