id.exposure,id.outcome,outcome,exposure,egger_intercept,se,pval
G93H3l,k4A6VA,bmi,ptau,0.0050095902816729675,0.006078405601135813,0.4273566369790658
