id.exposure,id.outcome,outcome,exposure,method,nsnp,b,se,pval
G93H3l,k4A6VA,bmi,ptau,Inverse variance weighted (fixed effects),12,-0.0881484664324744,0.015809017289105363,2.4634583215990197e-8
G93H3l,k4A6VA,bmi,ptau,Weighted median,12,-0.01896178279542863,0.031635137973942094,0.5489128977356785
G93H3l,k4A6VA,bmi,ptau,Weighted mode,12,-0.00793824445065261,0.038310883880944224,0.8396349281508986
G93H3l,k4A6VA,bmi,ptau,MR Egger,12,-0.18358982909721336,0.1561759958275423,0.2670108761839284
