id.exposure,id.outcome,outcome,exposure,method,nsnp,b,se,pval
X7EQrt,YoH02E,bmi,ptau,Inverse variance weighted (fixed effects),6,-0.1012535314684158,0.019244859305448225,1.430180596207226e-7
X7EQrt,YoH02E,bmi,ptau,Weighted median,6,-0.013929007521275221,0.03963984866937479,0.7252965196946375
X7EQrt,YoH02E,bmi,ptau,Weighted mode,6,0.03802019710580096,0.04124255381774524,0.39889687330203194
X7EQrt,YoH02E,bmi,ptau,MR Egger,6,-0.26245798547248017,0.28252728442374064,0.4054906677525768
