id.exposure,id.outcome,outcome,exposure,method,nsnp,b,se,pval
4Q9Kj2,GMP8Qn,bmi,ptau,Inverse variance weighted (fixed effects),9,-0.13442471382008558,0.01789896015877215,5.903852868820653e-14
4Q9Kj2,GMP8Qn,bmi,ptau,Weighted median,9,-0.11983236292341011,0.04270837764421493,0.005018746984045176
4Q9Kj2,GMP8Qn,bmi,ptau,Weighted mode,9,-0.00587350785974583,0.12214003015729996,0.9628247119487772
4Q9Kj2,GMP8Qn,bmi,ptau,MR Egger,9,-0.12802524205251284,0.1644774734187914,0.461842785353342
