id.exposure,id.outcome,outcome,exposure,method,nsnp,b,se,pval
X7EQrt,YoH02E,bmi,ptau,Inverse variance weighted (fixed effects),5,-0.07693626895255852,0.02055663479728196,1.8209048530448308e-4
X7EQrt,YoH02E,bmi,ptau,Weighted median,5,-0.004939482609382723,0.03477541467287378,0.887048803283929
X7EQrt,YoH02E,bmi,ptau,Weighted mode,5,0.03537332979265129,0.037759958236742254,0.40190085764254135
X7EQrt,YoH02E,bmi,ptau,MR Egger,5,-0.5428232483193515,0.26645917015917464,0.13441200818641535
