id.exposure,id.outcome,outcome,exposure,method,nsnp,b,se,pval
GHxuOF,92Phom,bmi,ptau,Inverse variance weighted (fixed effects),4,-0.16027323525609438,0.02300589525824931,3.246554979270492e-12
GHxuOF,92Phom,bmi,ptau,Weighted median,4,-0.23570480213109407,0.050227776095546,2.69598656477456e-6
GHxuOF,92Phom,bmi,ptau,Weighted mode,4,-0.27388140841425224,0.03905981066701017,0.005957362035889568
GHxuOF,92Phom,bmi,ptau,MR Egger,4,-0.19352680686313958,0.3889378966422643,0.6681032881234594
