id.exposure,id.outcome,outcome,exposure,method,nsnp,b,se,pval
G93H3l,k4A6VA,bmi,ptau,Inverse variance weighted (fixed effects),13,-0.07147258016833725,0.015114901817315006,2.260544593894587e-6
G93H3l,k4A6VA,bmi,ptau,Weighted median,13,-0.010789880078569142,0.030651402782521802,0.724823917424819
G93H3l,k4A6VA,bmi,ptau,Weighted mode,13,0.013774005612834817,0.03744076813582516,0.7193639709182338
G93H3l,k4A6VA,bmi,ptau,MR Egger,13,-0.19042387665954152,0.1541953067491589,0.2425767655423368
