id.exposure,id.outcome,outcome,exposure,method,nsnp,b,se,pval
G93H3l,k4A6VA,bmi,ptau,Inverse variance weighted (fixed effects),8,-0.05089949342013052,0.02109929410784977,0.015848798343195802
G93H3l,k4A6VA,bmi,ptau,Weighted median,8,-0.01029859416788968,0.029684474230123433,0.7286398706435211
G93H3l,k4A6VA,bmi,ptau,Weighted mode,8,0.004019485021804048,0.03609074503648378,0.9144478165679988
G93H3l,k4A6VA,bmi,ptau,MR Egger,8,0.14092322419144251,0.0886659996131062,0.16307804158646969
