id.exposure,id.outcome,outcome,exposure,method,nsnp,b,se,pval
GHxuOF,92Phom,bmi,ptau,Inverse variance weighted (fixed effects),3,-0.19974623423396232,0.02550154479368989,4.774603922087209e-15
GHxuOF,92Phom,bmi,ptau,Weighted median,3,-0.29146070204037533,0.039035821370306624,8.236011173613992e-14
GHxuOF,92Phom,bmi,ptau,Weighted mode,3,-0.309324798173117,0.03710101778894076,0.014082892198344963
GHxuOF,92Phom,bmi,ptau,MR Egger,3,-0.2004543085427487,0.5024164446593142,0.7583218863341398
