id.exposure,id.outcome,outcome,exposure,method,nsnp,b,se,pval
YOiqYT,jdXssm,tc,load,Inverse variance weighted (fixed effects),43,-0.04815204216392599,0.0035418854043238997,4.2857856826421675e-42
YOiqYT,jdXssm,tc,load,Weighted median,43,-0.09532876363892526,0.011459380011588948,8.882739518759014e-17
YOiqYT,jdXssm,tc,load,Weighted mode,43,-0.12487649044552482,0.00522054674071017,4.3299284354009927e-26
YOiqYT,jdXssm,tc,load,MR Egger,43,-0.09217626605281094,0.019724124523334878,3.1870409016129524e-5
