id.exposure,id.outcome,outcome,exposure,method,nsnp,b,se,pval
7Pucqm,VKZPoR,tc,load,Inverse variance weighted (fixed effects),25,0.07138999513290616,0.007190999261077186,3.1548643075327686e-23
7Pucqm,VKZPoR,tc,load,Weighted median,25,0.036221031266771536,0.013608757316171102,0.007777086773102872
7Pucqm,VKZPoR,tc,load,Weighted mode,25,0.026538148446433596,0.015993257519737833,0.11006142417713843
7Pucqm,VKZPoR,tc,load,MR Egger,25,0.08745096367311285,0.02526923863704332,0.0021213130523929273
