id.exposure,id.outcome,outcome,exposure,method,nsnp,b,se,pval
7Pucqm,VKZPoR,tc,load,Inverse variance weighted (fixed effects),25,0.07138999513290616,0.007190999261077186,3.1548643075327686e-23
7Pucqm,VKZPoR,tc,load,Weighted median,25,0.036221031266771536,0.012998806275305594,0.005328241926418493
7Pucqm,VKZPoR,tc,load,Weighted mode,25,0.026538148446433596,0.014364665328351468,0.07704412568633204
7Pucqm,VKZPoR,tc,load,MR Egger,25,0.08745096367311285,0.02526923863704332,0.0021213130523929273
