id.exposure,id.outcome,outcome,exposure,method,nsnp,b,se,pval
rYj6hz,RNWzZN,tc,load,Inverse variance weighted (fixed effects),9,0.07774219525089754,0.008115180015708014,9.718737345708445e-22
rYj6hz,RNWzZN,tc,load,Weighted median,9,0.05817313035497462,0.018197162208579462,0.0013894953449954818
rYj6hz,RNWzZN,tc,load,Weighted mode,9,0.036556173998125,0.017016483067951595,0.06394636482900364
rYj6hz,RNWzZN,tc,load,MR Egger,9,0.09170077515241123,0.045323111581232096,0.08273054594734512
