id.exposure,id.outcome,outcome,exposure,method,nsnp,b,se,pval
rYj6hz,RNWzZN,tc,load,Inverse variance weighted (fixed effects),7,0.07479012379360538,0.00827988427880122,1.6741098721019017e-19
rYj6hz,RNWzZN,tc,load,Weighted median,7,0.0580744007155282,0.017640812964578916,9.946068113320617e-4
rYj6hz,RNWzZN,tc,load,Weighted mode,7,0.037128871081923226,0.017303383245280583,0.07554738785537592
rYj6hz,RNWzZN,tc,load,MR Egger,7,0.09112187203731367,0.04661067015978603,0.10798265285093038
