id.exposure,id.outcome,outcome,exposure,method,nsnp,b,se,pval
YOiqYT,jdXssm,tc,load,Inverse variance weighted (fixed effects),33,0.002109878725475453,0.010002804212007079,0.8329428900886442
YOiqYT,jdXssm,tc,load,Weighted median,33,0.00895685166233079,0.015043381197017269,0.5515751260977115
YOiqYT,jdXssm,tc,load,Weighted mode,33,0.015084187454934839,0.034055059969625094,0.6607925022348036
YOiqYT,jdXssm,tc,load,MR Egger,33,-0.012592084844362278,0.035332571983644256,0.7239646905077137
