id.exposure,id.outcome,outcome,exposure,method,nsnp,b,se,pval
71Nnkr,fp6Wsu,ptau,sleep,Inverse variance weighted (fixed effects),22,-0.03979015952817446,0.05570319704475096,0.4750265330903213
71Nnkr,fp6Wsu,ptau,sleep,Weighted median,22,-0.06938801599858362,0.07564097724567187,0.35896781382073484
71Nnkr,fp6Wsu,ptau,sleep,Weighted mode,22,-0.055177018472240325,0.1298793846078972,0.675279776370139
71Nnkr,fp6Wsu,ptau,sleep,MR Egger,22,0.019112337728472987,0.2149760197190242,0.9300420434392658
