id.exposure,id.outcome,outcome,exposure,method,nsnp,b,se,pval
BRJAcB,1uRWvM,tau,bmi,Inverse variance weighted (fixed effects),2824,0.0037985082072085796,0.009974466245022611,0.7033344390603105
BRJAcB,1uRWvM,tau,bmi,Weighted median,2824,0.02631368250499089,0.017493033738762792,0.13252014929231629
BRJAcB,1uRWvM,tau,bmi,Weighted mode,2824,0.01691230386315956,0.04988095547603405,0.7345947764347447
BRJAcB,1uRWvM,tau,bmi,MR Egger,2824,0.0650211101064744,0.03030404155457293,0.031987982391605524
