id.exposure,id.outcome,outcome,exposure,method,nsnp,b,se,pval
045Hfx,gQANLE,tau,bmi,Inverse variance weighted (fixed effects),2993,0.007999134802807374,0.009676073595018974,0.4084115297095676
045Hfx,gQANLE,tau,bmi,Weighted median,2993,0.023436237521728076,0.017301458657182665,0.17555089958708292
045Hfx,gQANLE,tau,bmi,Weighted mode,2993,0.008404497823530033,0.05033030237333968,0.8673916930094372
045Hfx,gQANLE,tau,bmi,MR Egger,2993,0.07884943464374283,0.028997515960579246,0.00658221693486981
