id.exposure,id.outcome,outcome,exposure,method,nsnp,b,se,pval
dD3Qcj,5HrWUs,tau,bmi,Inverse variance weighted (fixed effects),1402,0.012242212546648826,0.012069185723955017,0.31042233396608604
dD3Qcj,5HrWUs,tau,bmi,Weighted median,1402,0.03431917594673511,0.020745512900863832,0.09806780688323506
dD3Qcj,5HrWUs,tau,bmi,Weighted mode,1402,0.016494035414409858,0.05221697935243534,0.7521444803028804
dD3Qcj,5HrWUs,tau,bmi,MR Egger,1402,0.06500684713123261,0.03745440681891393,0.08284999155887038
