id.exposure,id.outcome,outcome,exposure,method,nsnp,b,se,pval
BjpEWb,wkcIzl,ab42,bmi,Inverse variance weighted (fixed effects),2824,-0.0127135428558374,0.007111298269616986,0.07380910225279137
BjpEWb,wkcIzl,ab42,bmi,Weighted median,2824,-0.011829656400905544,0.011740262874501235,0.3136396758373868
BjpEWb,wkcIzl,ab42,bmi,Weighted mode,2824,-0.018177552270550734,0.048047974641789136,0.7052206787730487
BjpEWb,wkcIzl,ab42,bmi,MR Egger,2824,0.030794568720505126,0.023321048410802504,0.18678774564250236
