id.exposure,id.outcome,outcome,exposure,method,nsnp,b,se,pval
jDeZUz,ANGTKk,ab42,bmi,Inverse variance weighted (fixed effects),1402,-0.004538194391253685,0.008609310060449482,0.5981058330806177
jDeZUz,ANGTKk,ab42,bmi,Weighted median,1402,-0.010654677824629243,0.013999571270881276,0.44661422911900456
jDeZUz,ANGTKk,ab42,bmi,Weighted mode,1402,-0.035798222661783896,0.050313790993016624,0.4768933851157632
jDeZUz,ANGTKk,ab42,bmi,MR Egger,1402,0.029023278728594927,0.03008927233466834,0.3349256580396698
