id.exposure,id.outcome,outcome,exposure,method,nsnp,b,se,pval
B88rot,HZUd7J,tau,insom,Inverse variance weighted (fixed effects),18,0.007605639942553334,0.023883627597477423,0.7501468319096316
B88rot,HZUd7J,tau,insom,Weighted median,18,0.029820162042720852,0.035305118866178445,0.39831113396100437
B88rot,HZUd7J,tau,insom,Weighted mode,18,0.04091372197323512,0.0635642627909399,0.5283850307789617
B88rot,HZUd7J,tau,insom,MR Egger,18,-0.08194100283894196,0.08333168177485714,0.3400906797001725
