id.exposure,id.outcome,outcome,exposure,method,nsnp,b,se,pval
MK6irA,e1vibh,hipv,insom,Inverse variance weighted (fixed effects),33,0.022449544172254608,0.025766359086164797,0.3836048720521601
MK6irA,e1vibh,hipv,insom,Weighted median,33,-0.002173171546385746,0.036664490560227865,0.9527355959982355
MK6irA,e1vibh,hipv,insom,Weighted mode,33,-0.023130000778265714,0.05736278711330966,0.6894657178024859
MK6irA,e1vibh,hipv,insom,MR Egger,33,0.016436726610005784,0.06432099788840585,0.7999923551015454
