id.exposure,id.outcome,outcome,exposure,method,nsnp,b,se,pval
SORLj9,0luh81,cpd,ab42,Inverse variance weighted (fixed effects),4,-0.012198200318157076,0.05177081624834976,0.8137281432967672
SORLj9,0luh81,cpd,ab42,Weighted median,4,0.028237961745519652,0.05614901702785522,0.6150268038608
SORLj9,0luh81,cpd,ab42,Weighted mode,4,0.02696257533474461,0.05615146881786967,0.6639402910491745
SORLj9,0luh81,cpd,ab42,MR Egger,4,0.11371537850740011,0.09498758500299266,0.3538947956647245
