id.exposure,id.outcome,outcome,exposure,egger_intercept,se,pval
CmlmFu,jY9n0Y,cpd,ab42,0.00227121840787326,0.003586800945774739,0.5368002109532073
