id.exposure,id.outcome,outcome,exposure,egger_intercept,se,pval
SORLj9,0luh81,cpd,ab42,-0.010236505023883171,0.005527328393436611,0.161107361324205
