id.exposure,id.outcome,outcome,exposure,method,nsnp,b,se,pval
SORLj9,0luh81,cpd,ab42,Inverse variance weighted (fixed effects),5,-0.0666537756022672,0.04674043408073664,0.15385650610681498
SORLj9,0luh81,cpd,ab42,Weighted median,5,0.027637060785463134,0.06307957265041939,0.6612919607731278
SORLj9,0luh81,cpd,ab42,Weighted mode,5,0.019472222234595105,0.0635803433885737,0.7746844085603111
SORLj9,0luh81,cpd,ab42,MR Egger,5,0.12232713138172985,0.11726299413384031,0.37352762213630836
