id.exposure,id.outcome,outcome,exposure,method,nsnp,b,se,pval
CmlmFu,jY9n0Y,cpd,ab42,Inverse variance weighted (fixed effects),16,-0.005250018927219985,0.03792036683090178,0.88988594733288
CmlmFu,jY9n0Y,cpd,ab42,Weighted median,16,0.028694056555942257,0.05731925976700183,0.616652231195295
CmlmFu,jY9n0Y,cpd,ab42,Weighted mode,16,0.03029637357315884,0.057362558034788826,0.6051174929535021
CmlmFu,jY9n0Y,cpd,ab42,MR Egger,16,-0.05994640105031653,0.10015908179142688,0.5590581502908084
