id.exposure,id.outcome,outcome,exposure,method,nsnp,b,se,pval
I0P1CQ,YzcycC,sleep,ab42,Inverse variance weighted (fixed effects),5,0.0965986959488589,0.04739573940093079,0.041536896526645106
I0P1CQ,YzcycC,sleep,ab42,Weighted median,5,0.07321760095934896,0.05796463671455297,0.2065379427915824
I0P1CQ,YzcycC,sleep,ab42,Weighted mode,5,0.05958918478815001,0.059767585739264224,0.3751843769000461
I0P1CQ,YzcycC,sleep,ab42,MR Egger,5,0.009230232959907967,0.15671552640045597,0.9567371071005963
