id.exposure,id.outcome,outcome,exposure,method,nsnp,b,se,pval
eUqZfe,qn091s,sleep,ab42,Inverse variance weighted (fixed effects),15,-0.013096024985064153,0.04017017841484463,0.7444140559253563
eUqZfe,qn091s,sleep,ab42,Weighted median,15,0.04290363499926814,0.054020972711670445,0.4270770855207186
eUqZfe,qn091s,sleep,ab42,Weighted mode,15,0.05788530562885863,0.05203081510932468,0.284653669023069
eUqZfe,qn091s,sleep,ab42,MR Egger,15,0.10791499079513854,0.08088124610130004,0.20502704237974145
