id.exposure,id.outcome,outcome,exposure,egger_intercept,se,pval
eUqZfe,qn091s,sleep,ab42,-0.003433811525953092,0.0037364321273086047,0.3736542793447081
