id.exposure,id.outcome,outcome,exposure,egger_intercept,se,pval
I0P1CQ,YzcycC,sleep,ab42,0.004737777088711681,0.0073958911427644235,0.5673586980123773
