id.exposure,id.outcome,outcome,exposure,method,nsnp,b,se,pval
eUqZfe,qn091s,sleep,ab42,Inverse variance weighted (fixed effects),16,0.020865100410393262,0.03866549196212118,0.5894514921248257
eUqZfe,qn091s,sleep,ab42,Weighted median,16,0.04902059574923277,0.05479534614584051,0.3709943245743127
eUqZfe,qn091s,sleep,ab42,Weighted mode,16,0.05627445440898993,0.05876384559269392,0.3534271941119881
eUqZfe,qn091s,sleep,ab42,MR Egger,16,0.10352959196158383,0.10438498663118635,0.3381258436549206
