query_snp_rsid,rsID,ld.r2,Dprime,ref.proxy,alt.proxy,CHR,POS,Effect_allele.proxy,Non_Effect_allele.proxy,EAF,Beta,SE,P,r2,N,ref,alt,Effect_allele,Non_Effect_allele
rs10947332,rs111944102,0.99,1,T,A,6,32677818,A,T,0.121,0.0732,0.0304,0.01594,0.00113979409632,40255,G,A,A,G
rs12204009,NA,NA,NA,NA,NA,NA,NA,NA,NA,NA,NA,NA,NA,NA,NA,NA,NA,NA,NA
rs13199553,rs7773407,0.97,0.99,A,C,6,32706398,A,C,0.5852,-6e-4,0.0145,0.9667,1.7477349119999994e-7,40255,C,T,C,T
rs17248748,NA,NA,NA,NA,NA,NA,NA,NA,NA,NA,NA,NA,NA,NA,NA,NA,NA,NA,NA
rs176813,rs374692,0.98,0.99,G,A,4,69595641,A,G,0.2575,-0.0182,0.039,0.6404,1.266620355e-4,40255,T,C,C,T
rs1800478,NA,NA,NA,NA,NA,NA,NA,NA,NA,NA,NA,NA,NA,NA,NA,NA,NA,NA,NA
rs1998013,NA,NA,NA,NA,NA,NA,NA,NA,NA,NA,NA,NA,NA,NA,NA,NA,NA,NA,NA
rs2394427,rs9295947,1,1,G,A,6,31019460,A,G,0.1436,-0.0292,0.0204,0.1514,2.0971369733120002e-4,40255,G,A,A,G
rs2517546,NA,NA,NA,NA,NA,NA,NA,NA,NA,NA,NA,NA,NA,NA,NA,NA,NA,NA,NA
rs3129809,rs3132630,0.97,0.98,C,T,6,30345118,T,C,0.1059,0.0032,0.0235,0.8913,1.9391526911999997e-6,40255,A,G,G,A
rs3132572,rs2844649,0.97,0.98,A,G,6,30904272,A,G,0.1002,0.0121,0.0241,0.6153,2.64006394872e-5,40255,G,A,G,A
rs7029,rs707918,0.99,1,T,A,6,31654732,A,T,0.2669,-0.0868,0.0385,0.02416,0.0029483649474272003,40255,A,G,G,A
rs7741091,NA,NA,NA,NA,NA,NA,NA,NA,NA,NA,NA,NA,NA,NA,NA,NA,NA,NA,NA
rs77719426,NA,NA,NA,NA,NA,NA,NA,NA,NA,NA,NA,NA,NA,NA,NA,NA,NA,NA,NA
rs9268882,rs9268880,0.99,1,T,G,6,32431358,T,G,0.3295,0.0349,0.0152,0.02187,5.38189289595e-4,40255,T,C,T,C
rs9391806,rs1579219,1,1,C,T,6,30224305,T,C,0.1694,-0.01,0.0193,0.6063,2.8140728e-5,40255,C,T,T,C
