SNP,rsID,ld.r2,Dprime,ref.proxy,alt.proxy,CHR,POS,Effect_allele.proxy,Non_Effect_allele.proxy,EAF,Beta,SE,P,r2,N,ref,alt,Effect_allele,Non_Effect_allele
rs6431219,NA,NA,NA,NA,NA,NA,NA,NA,NA,NA,NA,NA,NA,NA,NA,NA,NA,NA,NA
rs13032148,NA,NA,NA,NA,NA,NA,NA,NA,NA,NA,NA,NA,NA,NA,NA,NA,NA,NA,NA
rs7930318,rs1026254,0.99,1,T,C,11,60030457,T,C,0.4103,0.0064,0.0049,0.1534,1.98208643072e-5,94253,C,T,C,T
rs2301274,rs7255066,0.87,0.99,T,C,19,45146103,C,T,0.2639,0.0155,0.0059,0.0306,9.3340387595e-5,92820,T,C,C,T
rs28399657,NA,NA,NA,NA,NA,NA,NA,NA,NA,NA,NA,NA,NA,NA,NA,NA,NA,NA,NA
rs28399664,NA,NA,NA,NA,NA,NA,NA,NA,NA,NA,NA,NA,NA,NA,NA,NA,NA,NA,NA
rs10412413,rs10402271,1,1,T,G,19,45329214,T,G,0.6596,0.0205,0.0035,6.148e-9,1.8871564952000004e-4,185466,C,T,C,T
rs11665676,rs11667640,0.84,1,C,T,19,45379791,T,C,0.06069,0.011,0.0069,0.2183,1.3795627183799998e-5,180175.55,C,T,T,C
rs41290120,NA,NA,NA,NA,NA,NA,NA,NA,NA,NA,NA,NA,NA,NA,NA,NA,NA,NA,NA
rs157595,rs439401,0.8,0.94,T,C,19,45414451,T,C,0.3799,0.0273,0.004,2.3280000000000001e-10,3.5114485917420006e-4,162080,A,G,A,G
rs60049679,NA,NA,NA,NA,NA,NA,NA,NA,NA,NA,NA,NA,NA,NA,NA,NA,NA,NA,NA
rs16979586,rs7257610,1,1,G,A,19,45490428,A,G,0.04617,0.028,0.0102,0.03228,6.905210316480001e-5,162565.3,A,G,G,A
rs2004357,rs1114831,1,1,C,A,19,45636319,A,C,0.1055,0.0046,0.0081,0.4639,3.993727819999999e-6,92820,G,A,A,G
