id.exposure,id.outcome,outcome,exposure,egger_intercept,se,pval
35URgL,vtfcJs,tc,ab42,0.034725401472680884,0.018959025137525426,0.09193498637708188
