id.exposure,id.outcome,outcome,exposure,method,nsnp,b,se,pval
35URgL,vtfcJs,tc,ab42,Inverse variance weighted (fixed effects),11,-1.207409832593266,0.05556903384446899,1.1130002559592654e-104
35URgL,vtfcJs,tc,ab42,Weighted median,11,0.131637528702495,0.1330779911562806,0.32257713518798303
35URgL,vtfcJs,tc,ab42,Weighted mode,11,0.21396301470552537,0.1371210828778981,0.14972777086364225
35URgL,vtfcJs,tc,ab42,MR Egger,11,-2.99554058365568,1.126017835998113,0.026033170132304096
