id.exposure,id.outcome,outcome,exposure,method,nsnp,b,se,pval
wlkvS0,rEmS82,tc,ab42,Inverse variance weighted (fixed effects),4,-1.8015969622214827,0.052769425859821625,1.8234053758019804e-255
wlkvS0,rEmS82,tc,ab42,Weighted median,4,-1.6203113296804197,0.09469878144459168,1.246559771068898e-65
wlkvS0,rEmS82,tc,ab42,Weighted mode,4,-1.6278840467602294,0.09480269004472501,4.3031361563444196e-4
wlkvS0,rEmS82,tc,ab42,MR Egger,4,-1.643606096306517,0.8562890951115011,0.19492018073286935
