id.exposure,id.outcome,outcome,exposure,method,nsnp,b,se,pval
pNJ0P1,KeZibb,tc,ab42,Inverse variance weighted (fixed effects),4,-1.8015969622214827,0.052769425859821625,1.8234053758019804e-255
pNJ0P1,KeZibb,tc,ab42,Weighted median,4,-1.6203113296804197,0.09426398795860612,3.205731557709355e-66
pNJ0P1,KeZibb,tc,ab42,Weighted mode,4,-1.6278840467602294,0.09437757980499295,4.2459669917348095e-4
pNJ0P1,KeZibb,tc,ab42,MR Egger,4,-1.6436060963065173,0.8562890951115011,0.1949201807328693
