id.exposure,id.outcome,outcome,exposure,method,nsnp,b,se,pval
fbdWnm,J5LU3f,tc,ab42,Inverse variance weighted (fixed effects),7,-1.3765637316573143,0.05254871661983456,2.955044103178047e-151
fbdWnm,J5LU3f,tc,ab42,Weighted median,7,-0.633178733301797,0.13502842286037192,2.742409495040312e-6
fbdWnm,J5LU3f,tc,ab42,Weighted mode,7,-1.5829706799328713,0.11285219594646485,8.189710027666355e-6
fbdWnm,J5LU3f,tc,ab42,MR Egger,7,-2.1839024041709783,0.6239685300822124,0.017284059955964194
