id.exposure,id.outcome,outcome,exposure,method,nsnp,b,se,pval
wlkvS0,rEmS82,tc,ab42,Inverse variance weighted (fixed effects),3,-1.5991471902719743,0.06014112779165436,8.880682193721812e-156
wlkvS0,rEmS82,tc,ab42,Weighted median,3,-1.5018663330758817,0.0967622679318639,2.4935124835356755e-54
wlkvS0,rEmS82,tc,ab42,Weighted mode,3,-1.6084382613661359,0.0967701929442871,0.0036001796900874813
wlkvS0,rEmS82,tc,ab42,MR Egger,3,-1.6623328128793995,0.9543410714662091,0.33177805126668536
