id.exposure,id.outcome,outcome,exposure,method,nsnp,b,se,pval
35URgL,vtfcJs,tc,ab42,Inverse variance weighted (fixed effects),14,-1.280797781179269,0.04279465671953374,8.276834647696791e-197
35URgL,vtfcJs,tc,ab42,Weighted median,14,-0.5667701510711789,0.1494783342664265,1.4964719837237288e-4
35URgL,vtfcJs,tc,ab42,Weighted mode,14,0.17558900917250186,0.3417129152307722,0.615979404741791
35URgL,vtfcJs,tc,ab42,MR Egger,14,-2.117422991153993,0.5220625537830731,0.0015934351717500554
