id.exposure,id.outcome,outcome,exposure,egger_intercept,se,pval
pNJ0P1,KeZibb,tc,ab42,-0.002224185444933922,0.037855732753682016,0.956842538920792
