id.exposure,id.outcome,outcome,exposure,method,nsnp,b,se,pval
fbdWnm,J5LU3f,tc,ab42,Inverse variance weighted (fixed effects),9,-1.4426313160727093,0.04765382479005556,2.587525313950483e-201
fbdWnm,J5LU3f,tc,ab42,Weighted median,9,-0.606518980539367,0.19264628938866724,0.0016419194883224208
fbdWnm,J5LU3f,tc,ab42,Weighted mode,9,-1.576292393550463,0.11304622849145023,6.778117651482459e-7
fbdWnm,J5LU3f,tc,ab42,MR Egger,9,-2.166897338980807,0.6053234712219782,0.008979346051929559
