id.exposure,id.outcome,outcome,exposure,egger_intercept,se,pval
35URgL,vtfcJs,tc,ab42,0.03472540147268088,0.018959025137525422,0.09193498637708188
