id.exposure,id.outcome,outcome,exposure,egger_intercept,se,pval
pNJ0P1,KeZibb,tc,ab42,-0.0022241854449339374,0.037855732753682016,0.9568425389207917
