id.exposure,id.outcome,outcome,exposure,egger_intercept,se,pval
wlkvS0,rEmS82,tc,ab42,-0.00824412283649095,0.039077484034715164,0.8524553459857771
