id.exposure,id.outcome,outcome,exposure,egger_intercept,se,pval
fbdWnm,J5LU3f,tc,ab42,0.031042902656709195,0.02228899764872176,0.20633135683334392
