id.exposure,id.outcome,outcome,exposure,method,nsnp,b,se,pval
Z1J6Md,gFWY8Z,tau,smkukbb,Inverse variance weighted (fixed effects),168,-0.023408723419039296,0.05353244289049048,0.6619075286911755
Z1J6Md,gFWY8Z,tau,smkukbb,Weighted median,168,0.030423047201726415,0.08008847541069575,0.704043418691031
Z1J6Md,gFWY8Z,tau,smkukbb,Weighted mode,168,0.037275099775514686,0.2183490323956123,0.8646558013843672
Z1J6Md,gFWY8Z,tau,smkukbb,MR Egger,168,0.3262319591281901,0.2285769201771106,0.15539180087159163
