id.exposure,id.outcome,outcome,exposure,method,nsnp,b,se,pval
jyyU47,OsTwxI,tau,smkukbb,Inverse variance weighted (fixed effects),168,-0.023408723419039296,0.05353244289049048,0.6619075286911755
jyyU47,OsTwxI,tau,smkukbb,Weighted median,168,0.030423047201726415,0.07855039657283486,0.698529615295642
jyyU47,OsTwxI,tau,smkukbb,Weighted mode,168,0.037275099775514686,0.20768757783512368,0.8577809163624426
jyyU47,OsTwxI,tau,smkukbb,MR Egger,168,0.3262319591281901,0.2285769201771106,0.15539180087159163
