id.exposure,id.outcome,outcome,exposure,method,nsnp,b,se,pval
xCUx2t,RKJ3ka,tau,smkukbb,Inverse variance weighted (fixed effects),528,-0.016662396894566788,0.03573576087523533,0.641024579367998
xCUx2t,RKJ3ka,tau,smkukbb,Weighted median,528,0.025998681494057485,0.0543046324883104,0.6321120533615259
xCUx2t,RKJ3ka,tau,smkukbb,Weighted mode,528,0.039332099029104395,0.18502758648817424,0.8317412606907887
xCUx2t,RKJ3ka,tau,smkukbb,MR Egger,528,0.09903686640750309,0.136169255663878,0.46736143297693566
