id.exposure,id.outcome,outcome,exposure,method,nsnp,b,se,pval
DomZwM,oQPUPj,tau,smkukbb,Inverse variance weighted (fixed effects),528,-0.016662396894566788,0.03573576087523533,0.641024579367998
DomZwM,oQPUPj,tau,smkukbb,Weighted median,528,0.025998681494057485,0.053012029118969566,0.6238297583130382
DomZwM,oQPUPj,tau,smkukbb,Weighted mode,528,0.039332099029104395,0.1749721275037978,0.8222292686183733
DomZwM,oQPUPj,tau,smkukbb,MR Egger,528,0.09903686640750309,0.136169255663878,0.46736143297693566
