target_snp,proxy_snp,ld.r2,Dprime,PHASE,X12,CHR,POS,Effect_allele.proxy,Non_Effect_allele.proxy,EAF,Beta,SE,P,r2,N,ref,ref.proxy,alt,alt.proxy,Effect_allele,Non_Effect_allele,proxy.outcome
rs67474621,rs1486096,0.937188,0.98363,TA/AG,NA,1,72584184,A,G,0.474,0.0503,0.0585,0.3902,0.0012616243183199997,4914,T,A,A,G,T,A,TRUE
rs1449404,rs9849399,1,1,GC/CA,NA,3,85537665,A,C,0.7533,0.0807,0.0662,0.2231,0.0024205506909678,4914,G,C,C,A,C,G,TRUE
rs3734543,rs34605993,1,1,CT/GC,NA,6,26454363,T,C,0.0889,0.1068,0.1324,0.4197,0.0018477376519392004,4914,C,T,G,C,C,G,TRUE
rs3094084,rs1628680,1,1,TA/AG,NA,6,30988825,A,G,0.1559,-0.1788,0.1035,0.08412,0.008414049061987198,4914,T,A,A,G,T,A,TRUE
rs3096690,rs3130297,0.986588,1,CT/GC,NA,6,32198981,T,C,0.1097,-0.0344,0.1158,0.7664,2.3114786251520004e-4,4914,C,T,G,C,C,G,TRUE
rs3129962,rs17208902,1,1,CT/GC,NA,6,32379547,T,C,0.1932,-0.0975,0.0747,0.1922,0.0029635498620000002,4914,C,T,G,C,C,G,TRUE
rs11986122,rs11993089,0.995827,1,GT/CG,NA,8,10009952,T,G,0.3702,9e-4,0.0727,0.9905,3.777061752e-7,4914,G,T,C,G,G,C,TRUE
rs1217101,rs1217098,0.952979,0.994539,CA/GC,NA,8,64623652,A,C,0.2332,0.0343,0.0691,0.6194,4.2075461292479996e-4,4914,C,A,G,C,C,G,TRUE
rs3136469,rs3136468,1,1,AC/TT,NA,11,46749246,T,C,0.9183,0.0084,0.108,0.9382,1.0587543523199997e-5,4914,A,C,T,T,T,A,TRUE
rs34555420,NA,NA,NA,NA,NA,NA,NA,NA,NA,NA,NA,NA,NA,NA,NA,NA,NA,NA,NA,NA,NA,NA
