id.exposure,id.outcome,outcome,exposure,method,nsnp,b,se,pval
C6OyVv,rqdgRu,hipv2015,insom,Inverse variance weighted (fixed effects),27,14.427019773471129,15.816312062392,0.361684079069678
C6OyVv,rqdgRu,hipv2015,insom,Weighted median,27,14.13569999815351,23.45712730858479,0.5467624784735533
C6OyVv,rqdgRu,hipv2015,insom,Weighted mode,27,0.5259601463908439,35.7969150857698,0.98838935918265
C6OyVv,rqdgRu,hipv2015,insom,MR Egger,27,7.1393981582942665,46.10785330216779,0.8781898038298498
