id.exposure,id.outcome,outcome,exposure,method,nsnp,b,se,pval
C6OyVv,rqdgRu,hipv2015,insom,Inverse variance weighted (fixed effects),27,14.427019773471129,15.816312062392,0.361684079069678
C6OyVv,rqdgRu,hipv2015,insom,Weighted median,27,14.13569999815351,22.767999511985632,0.5346929027239924
C6OyVv,rqdgRu,hipv2015,insom,Weighted mode,27,0.5259601463908439,37.80814276469186,0.9890069519093541
C6OyVv,rqdgRu,hipv2015,insom,MR Egger,27,7.1393981582942665,46.10785330216779,0.8781898038298498
