id.exposure,id.outcome,outcome,exposure,method,nsnp,b,se,pval
j0afHC,r49qbH,trig,ptau,Inverse variance weighted (fixed effects),10,0.09550369179054757,0.04796682873833262,0.04647690904510534
j0afHC,r49qbH,trig,ptau,Weighted median,10,0.04941938234883134,0.06922534068934932,0.47529427337368424
j0afHC,r49qbH,trig,ptau,Weighted mode,10,-0.004282562681168833,0.0944538323453836,0.9648261714841807
j0afHC,r49qbH,trig,ptau,MR Egger,10,-0.11091026812889836,0.22584819768629988,0.6365550462003091
