id.exposure,id.outcome,outcome,exposure,method,nsnp,b,se,pval
Afv3dY,ANTBzw,trig,ptau,Inverse variance weighted (fixed effects),4,0.3590463345657669,0.05726967051950383,3.6244757025407153e-10
Afv3dY,ANTBzw,trig,ptau,Weighted median,4,0.46029130649443584,0.08602315561116183,8.757410213409252e-8
Afv3dY,ANTBzw,trig,ptau,Weighted mode,4,0.48574547820690983,0.08933338667429384,0.012211808289949127
Afv3dY,ANTBzw,trig,ptau,MR Egger,4,0.40915985431209106,0.4176341495330078,0.4305394068819056
