id.exposure,id.outcome,outcome,exposure,method,nsnp,b,se,pval
ZHJ85Z,rDCW0W,trig,ptau,Inverse variance weighted (fixed effects),9,0.34322093421913624,0.04592839923031963,7.841271430781712e-14
ZHJ85Z,rDCW0W,trig,ptau,Weighted median,9,0.12296805757744572,0.1007353370843585,0.22219800497589381
ZHJ85Z,rDCW0W,trig,ptau,Weighted mode,9,-0.03739428482504903,0.25836247526569034,0.8884994427104896
ZHJ85Z,rDCW0W,trig,ptau,MR Egger,9,0.13760585539649847,0.42405134497114105,0.755039285345776
