id.exposure,id.outcome,outcome,exposure,method,nsnp,b,se,pval
j0afHC,r49qbH,trig,ptau,Inverse variance weighted (fixed effects),12,0.1883884055504036,0.04475626279416547,2.5626774519079407e-5
j0afHC,r49qbH,trig,ptau,Weighted median,12,0.03879822287885589,0.06853322197882217,0.5713102717212593
j0afHC,r49qbH,trig,ptau,Weighted mode,12,0.008608717153235856,0.08338454889836391,0.9196297524718609
j0afHC,r49qbH,trig,ptau,MR Egger,12,-0.5110712732801491,0.44945419783662427,0.28201219271485484
