id.exposure,id.outcome,outcome,exposure,method,nsnp,b,se,pval
6YNbB0,a0krsr,dep,hipv,Inverse variance weighted (fixed effects),27,-0.011226580566116293,0.004472872067425938,0.012075625999052889
6YNbB0,a0krsr,dep,hipv,Weighted median,27,-0.009358445360236535,0.006829062743795666,0.17056674228141902
6YNbB0,a0krsr,dep,hipv,Weighted mode,27,-0.010111164777619183,0.009731318627838773,0.30835591895030645
6YNbB0,a0krsr,dep,hipv,MR Egger,27,-0.024545515369475895,0.01410314582377636,0.09408097963682766
