id.exposure,id.outcome,outcome,exposure,method,nsnp,b,se,pval
e1OMKH,k9T3OV,dep,hipv,Inverse variance weighted (fixed effects),9,-0.014643813916520119,0.006122014855774912,0.016757182587030104
e1OMKH,k9T3OV,dep,hipv,Weighted median,9,-0.012759655923246285,0.008284869913949394,0.12353222124029216
e1OMKH,k9T3OV,dep,hipv,Weighted mode,9,-0.01118332686268704,0.011618944346769536,0.36398118756360054
e1OMKH,k9T3OV,dep,hipv,MR Egger,9,-0.02088237050840702,0.0179274929830901,0.2822460609251756
