id.exposure,id.outcome,outcome,exposure,method,nsnp,b,se,pval
e1OMKH,k9T3OV,dep,hipv,Inverse variance weighted (fixed effects),9,-0.014643813916520119,0.006122014855774912,0.016757182587030104
e1OMKH,k9T3OV,dep,hipv,Weighted median,9,-0.012759655923246285,0.007947524518818272,0.1083864331701868
e1OMKH,k9T3OV,dep,hipv,Weighted mode,9,-0.01118332686268704,0.012178729838558552,0.38532758600417305
e1OMKH,k9T3OV,dep,hipv,MR Egger,9,-0.02088237050840702,0.0179274929830901,0.2822460609251756
