id.exposure,id.outcome,outcome,exposure,method,nsnp,b,se,pval
aFyEMs,EDXtD8,sbp,hips,Inverse variance weighted (fixed effects),9,0.13487930488503233,0.034102352005305016,7.649239530327773e-5
aFyEMs,EDXtD8,sbp,hips,Weighted median,9,0.13740929943368485,0.048487185815498504,0.004597937598037183
aFyEMs,EDXtD8,sbp,hips,Weighted mode,9,0.15947972302108027,0.05066616918357556,0.013646626168883437
aFyEMs,EDXtD8,sbp,hips,MR Egger,9,0.21171027612455787,0.11635211081272988,0.11163961040027465
