id.exposure,id.outcome,outcome,exposure,method,nsnp,b,se,pval
aFyEMs,EDXtD8,sbp,hips,Inverse variance weighted (fixed effects),11,0.1462237488760244,0.030871754757489444,2.174517719875788e-6
aFyEMs,EDXtD8,sbp,hips,Weighted median,11,0.1509892071847927,0.04632421468725054,0.0011164760699872375
aFyEMs,EDXtD8,sbp,hips,Weighted mode,11,0.1695166640827812,0.05262772585173669,0.009158791763092729
aFyEMs,EDXtD8,sbp,hips,MR Egger,11,0.28373723934162587,0.1279611030911537,0.05379435447003246
