id.exposure,id.outcome,outcome,exposure,method,nsnp,b,se,pval
VLWZvy,3FhLvB,ab42,audit,Inverse variance weighted (fixed effects),43,-0.21980686663176743,0.09643554859207022,0.022648424491410947
VLWZvy,3FhLvB,ab42,audit,Weighted median,43,-0.19380895184323674,0.1442684238279414,0.17914528812482294
VLWZvy,3FhLvB,ab42,audit,Weighted mode,43,-0.3170831485509886,0.2937768092166905,0.2865986476736619
VLWZvy,3FhLvB,ab42,audit,MR Egger,43,-0.49732031010387934,0.27764009047715077,0.08063865641387412
