id.exposure,id.outcome,outcome,exposure,method,nsnp,b,se,pval
gjyWd2,xsZwo5,ab42,audit,Inverse variance weighted (fixed effects),6,-0.35645403864951597,0.1981630860493686,0.0720516972782845
gjyWd2,xsZwo5,ab42,audit,Weighted median,6,-0.4174784497948051,0.257445355834177,0.10488481096306206
gjyWd2,xsZwo5,ab42,audit,Weighted mode,6,-0.4087578311597322,0.3111911916951857,0.24604709572316416
gjyWd2,xsZwo5,ab42,audit,MR Egger,6,-0.4747925882827125,0.4690875471339536,0.3687112159720259
