id.exposure,id.outcome,outcome,exposure,egger_intercept,se,pval
m5JyYx,iqc099,ab42,audit,0.003602714619356923,0.002446317829202588,0.15002720006627532
