id.exposure,id.outcome,outcome,exposure,egger_intercept,se,pval
gjyWd2,xsZwo5,ab42,audit,0.0015003164132760558,0.005188869095491865,0.7868399729529193
