id.exposure,id.outcome,outcome,exposure,method,nsnp,b,se,pval
22pVAI,xO93bk,ab42,audit,Inverse variance weighted (fixed effects),7,-0.21163185496233844,0.17463714713764988,0.22557456598617834
22pVAI,xO93bk,ab42,audit,Weighted median,7,-0.31114050605969934,0.23426853881177379,0.18413314585554147
22pVAI,xO93bk,ab42,audit,Weighted mode,7,-0.27926737854108286,0.3418944565821717,0.4452425869134275
22pVAI,xO93bk,ab42,audit,MR Egger,7,-0.39311966988542096,0.49558247798167765,0.46359612681740386
