id.exposure,id.outcome,outcome,exposure,method,nsnp,b,se,pval
X4q7ZR,J5BFmO,ab42,audit,Inverse variance weighted (fixed effects),36,-0.2503599638415915,0.10725283628280817,0.01958018066527786
X4q7ZR,J5BFmO,ab42,audit,Weighted median,36,-0.31849230696487246,0.1615112148419742,0.04861512600022349
X4q7ZR,J5BFmO,ab42,audit,Weighted mode,36,-0.36145736197471523,0.2674991103756531,0.18528665644263126
X4q7ZR,J5BFmO,ab42,audit,MR Egger,36,-0.6547192686730876,0.29771429232546004,0.03476790844050896
