id.exposure,id.outcome,outcome,exposure,egger_intercept,se,pval
X4q7ZR,J5BFmO,ab42,audit,0.003602714619356923,0.002446317829202588,0.15002720006627532
