id.exposure,id.outcome,outcome,exposure,method,nsnp,b,se,pval
X4q7ZR,J5BFmO,ab42,audit,Inverse variance weighted (fixed effects),36,-0.2503599638415915,0.10725283628280817,0.01958018066527786
X4q7ZR,J5BFmO,ab42,audit,Weighted median,36,-0.31849230696487246,0.16230187056906964,0.04972230078111831
X4q7ZR,J5BFmO,ab42,audit,Weighted mode,36,-0.36145736197471523,0.2762738540746511,0.19928858032657587
X4q7ZR,J5BFmO,ab42,audit,MR Egger,36,-0.6547192686730876,0.29771429232546004,0.03476790844050896
