target_snp,proxy_snp,ld.r2,Dprime,PHASE,X12,CHR,POS,Effect_allele.proxy,Non_Effect_allele.proxy,EAF,Beta,SE,P,r2,N,ref,ref.proxy,alt,alt.proxy,Effect_allele,Non_Effect_allele,proxy.outcome
rs4846914,rs2281718,0.950802,0.991456,GA/AT,NA,1,230297778,A,T,0.412427,0.002739,0.004189,0.5132,3.6359925130383446e-6,3100,G,A,A,T,G,A,TRUE
rs1980493,rs2227138,0.914461,1,CT/TC,NA,6,32384500,T,C,0.123961,-0.006529,0.005909,0.2693,9.258312693252412e-6,2913,C,T,T,C,C,T,TRUE
rs998584,rs1358980,0.825889,0.92152,CC/AT,NA,6,43764551,T,C,0.478118,-0.003899,0.004039,0.3344,7.58654220573629e-6,3115,C,C,A,T,A,C,TRUE
rs2066714,rs2297400,0.95773,0.982819,CC/TT,NA,9,107599481,C,T,0.149107,0.002988,0.005958,0.6161,2.2655005148921905e-6,3101,C,C,T,T,C,T,TRUE
rs7949865,rs7928284,1,1,TT/GC,NA,11,48258231,T,C,0.133092,-0.003664,0.005892,0.534,3.0978892508095367e-6,3104,T,T,G,C,T,G,TRUE
rs7117842,rs7932357,0.974919,1,CC/TT,NA,11,122533079,C,T,0.367909,0.003849,0.004171,0.3562,6.890422247830817e-6,3067,C,C,T,T,C,T,TRUE
rs11045163,rs7134375,0.873866,0.94848,GA/AC,NA,12,20473758,A,C,0.416384,0.003941,0.004122,0.339,7.548559593512419e-6,3115,G,A,A,C,G,A,TRUE
rs838876,rs838877,0.898872,1,AG/GA,NA,12,125260267,G,A,0.321851,6.373e-4,0.004385,0.8845,1.7729554424329691e-7,3109,A,G,G,A,A,G,TRUE
rs7306660,rs3924313,0.842364,0.990258,AA/GG,NA,12,125328375,A,G,0.319757,0.004461,0.004593,0.3315,8.657222593834109e-6,2673,A,A,G,G,A,G,TRUE
rs2642438,NA,NA,NA,NA,NA,NA,NA,NA,NA,NA,NA,NA,NA,NA,NA,NA,NA,NA,NA,NA,NA,NA
rs1047891,NA,NA,NA,NA,NA,NA,NA,NA,NA,NA,NA,NA,NA,NA,NA,NA,NA,NA,NA,NA,NA,NA
rs2290547,NA,NA,NA,NA,NA,NA,NA,NA,NA,NA,NA,NA,NA,NA,NA,NA,NA,NA,NA,NA,NA,NA
rs13326165,NA,NA,NA,NA,NA,NA,NA,NA,NA,NA,NA,NA,NA,NA,NA,NA,NA,NA,NA,NA,NA,NA
rs3936511,NA,NA,NA,NA,NA,NA,NA,NA,NA,NA,NA,NA,NA,NA,NA,NA,NA,NA,NA,NA,NA,NA
rs9989419,NA,NA,NA,NA,NA,NA,NA,NA,NA,NA,NA,NA,NA,NA,NA,NA,NA,NA,NA,NA,NA,NA
