id.exposure,id.outcome,outcome,exposure,method,nsnp,b,se,pval
ZIOC6w,21obA5,hdl,hips,Inverse variance weighted (fixed effects),7,-0.05941554770336907,0.005400056546234502,3.70595411018221e-28
ZIOC6w,21obA5,hdl,hips,Weighted median,7,-0.07175648707756718,0.008982047984275326,1.3617217851316901e-15
ZIOC6w,21obA5,hdl,hips,Weighted mode,7,-0.07739285620545375,0.009062639416876761,1.41384758076397e-4
ZIOC6w,21obA5,hdl,hips,MR Egger,7,-0.10563169478940096,0.03068574090079038,0.018388279832966793
