id.exposure,id.outcome,outcome,exposure,egger_intercept,se,pval
ZIOC6w,21obA5,hdl,hips,0.01772402370663782,0.011569092518428054,0.17640349189976795
