SNP,rsID,ld.r2,Dprime,ref.proxy,alt.proxy,CHR,POS,Effect_allele.proxy,Non_Effect_allele.proxy,EAF,Beta,SE,P,r2,N,ref,alt,Effect_allele,Non_Effect_allele
rs10800664,rs4915403,0.99,1,G,A,1,199966562,A,G,0.4697,0.0029,0.0047,0.8985,4.1895577261999996e-6,90982,C,T,T,C
rs35055419,rs1158947,0.97,1,G,A,3,190660837,A,G,0.3879,0.0033,0.0049,0.5831,5.171303590199999e-6,91013,T,C,C,T
rs13255475,rs13272518,0.99,1,T,G,8,121475108,G,T,0.6847,0.0044,0.0051,0.5212,8.3591024352e-6,90809,T,C,C,T
