exposure,outcome,method,nsnp,b,se,pval,Signif
LOAD,fish,IVW,39,0.009407637869432462,0.0015062421257006262,4.21724543253713e-10,***
LOAD,fish,Weighted median,39,0.010031617392449347,0.0024138463863227076,3.240605026688714e-5,***
LOAD,fish,MR Egger,39,0.011062942372442267,0.0035648403408634452,0.0036563998366160202,**
AAOS,fish,IVW,20,0.02325487245822347,0.0024602157562613426,3.3124051952263544e-21,***
AAOS,fish,Weighted median,20,0.023573660894458892,0.003738125853448572,2.858254249303907e-10,***
AAOS,fish,MR Egger,20,0.01995795156492557,0.00481516972267973,6.084581945865473e-4,***
HV,fish,IVW,9,-0.005563036197713786,0.00933547193911981,0.5512399958637584, 
HV,fish,Weighted median,9,-0.007454019102575911,0.012330443605107396,0.5454969342172626, 
HV,fish,MR Egger,9,-0.03594387390671341,0.03053605620490851,0.2776258440601272, 
