id.exposure,id.outcome,outcome,exposure,method,nsnp,b,se,pval
G9uPvR,FJFKMN,hdl,hipv,Inverse variance weighted (fixed effects),8,0.03411492466324487,0.03390251485440982,0.31428796232912265
G9uPvR,FJFKMN,hdl,hipv,Weighted median,8,0.05654713044517567,0.04870814412637516,0.2456671555144586
G9uPvR,FJFKMN,hdl,hipv,Weighted mode,8,0.06833597960677451,0.059253504334018284,0.28664946175899547
G9uPvR,FJFKMN,hdl,hipv,MR Egger,8,0.03643722318671129,0.19517933022197248,0.8580592635746525
