id.exposure,id.outcome,outcome,exposure,method,nsnp,b,se,pval
G9uPvR,FJFKMN,hdl,hipv,Inverse variance weighted (fixed effects),8,0.03411492466324487,0.03390251485440982,0.31428796232912265
G9uPvR,FJFKMN,hdl,hipv,Weighted median,8,0.05654713044517567,0.044777652084178235,0.2066457206715736
G9uPvR,FJFKMN,hdl,hipv,Weighted mode,8,0.06833597960677451,0.05889723054458307,0.2839812129286268
G9uPvR,FJFKMN,hdl,hipv,MR Egger,8,0.03643722318671129,0.19517933022197248,0.8580592635746525
