id.exposure,id.outcome,outcome,exposure,method,nsnp,b,se,pval
BPyIqi,5qfIUA,hdl,hipv,Inverse variance weighted (fixed effects),3,0.06763214616541628,0.04758203344644948,0.1552063452570063
BPyIqi,5qfIUA,hdl,hipv,Weighted median,3,0.06600358272238899,0.05725975280599704,0.24903163646078144
BPyIqi,5qfIUA,hdl,hipv,Weighted mode,3,0.0986570742724171,0.0752793651634954,0.3202879198289261
BPyIqi,5qfIUA,hdl,hipv,MR Egger,3,0.2974517987957319,0.26826449645986145,0.46718363402031715
