id.exposure,id.outcome,outcome,exposure,method,nsnp,b,se,pval
kITQxY,CTwL5b,hdl,hipv,Inverse variance weighted (fixed effects),5,0.04755825797952474,0.03307161512974987,0.1504231120552669
kITQxY,CTwL5b,hdl,hipv,Weighted median,5,0.010907577156626685,0.04244613097234283,0.7971983878086233
kITQxY,CTwL5b,hdl,hipv,Weighted mode,5,-0.0010343924360907697,0.05436567301397399,0.9857311465101641
kITQxY,CTwL5b,hdl,hipv,MR Egger,5,-0.036164694481838636,0.08310536652636959,0.6928470134373923
