target_snp,proxy_snp,ld.r2,Dprime,PHASE,X12,CHR,POS,Effect_allele.proxy,Non_Effect_allele.proxy,EAF,Beta,SE,P,r2,N,ref,ref.proxy,alt,alt.proxy,Effect_allele,Non_Effect_allele,proxy.outcome
rs35405967,rs73048928,0.954405,0.99523,GT/CG,NA,19,41323793,T,G,0.3147,-0.1675,0.0723,0.0205,0.012101441149875,4914,G,T,C,G,G,C,TRUE
rs28399459,rs4803380,1,1,GT/CC,NA,19,41351169,T,C,0.0147,0.7878,0.3506,0.02463,0.017978264523928797,4914,G,T,C,C,G,C,TRUE
rs3844442,rs10419589,0.917072,1,TT/AC,NA,19,41416750,T,C,0.4138,0.0239,0.0617,0.6988,2.771163167352001e-4,4914,T,T,A,C,T,A,TRUE
