target_snp,proxy_snp,ld.r2,Dprime,PHASE,X12,CHR,POS,Effect_allele.proxy,Non_Effect_allele.proxy,EAF,Beta,SE,P,r2,N,ref,ref.proxy,alt,alt.proxy,Effect_allele,Non_Effect_allele,proxy.outcome
rs9429893,rs2244510,0.996013,1,AT/GC,NA,1,206595069,T,C,0.485,-0.0044,0.0162,0.7846,9.671288e-6,54162,A,T,G,C,A,G,TRUE
rs6430148,rs13011007,1,1,TG/CA,NA,2,147846455,G,A,0.8529,0.0045,0.0217,0.8348,5.081194395e-6,54162,T,G,C,A,T,C,TRUE
rs1801214,rs9998519,0.974513,0.99566,CC/TT,NA,4,6292909,C,T,0.6044,-0.0253,0.0159,0.1117,3.060918573152e-4,54162,C,C,T,T,C,T,TRUE
rs7674212,rs7691873,0.99187,0.995927,TC/GT,NA,4,103987899,C,T,0.5884,-2e-4,0.0165,0.9911,1.93748352e-8,54162,T,C,G,T,T,G,TRUE
rs6878122,rs7708285,0.955243,0.990741,GG/AA,NA,5,76425867,G,A,0.6998,0.0067,0.0176,0.7056,1.8860978808800002e-5,54162,G,G,A,A,G,A,TRUE
rs1063355,rs9273373,0.987653,0.995859,TA/GG,NA,6,32626601,A,G,NA,0.0758,0.0202,1.698e-4,NA,54162,T,A,G,G,T,G,TRUE
rs72892910,rs62405437,0.972828,1,TC/GT,NA,6,50813729,C,T,0.8242,0.0046,0.0203,0.8219,6.131929315199999e-6,54162,T,C,G,T,T,G,TRUE
rs753270,rs1250591,0.817405,0.968434,TA/CG,NA,10,80985374,A,G,0.4424,-0.0249,0.0159,0.1173,3.0589091124479995e-4,54162,T,A,C,G,T,C,TRUE
rs7174507,rs28482107,1,1,GA/CG,NA,15,78024099,A,G,0.0876,0.0653,0.0279,0.0194,6.816253614432e-4,54162,G,A,C,G,G,C,TRUE
rs9899520,rs11867401,0.933798,1,AG/GA,NA,17,65947970,G,A,0.8007,-0.002,0.0194,0.9163,1.27663608e-6,54162,A,G,G,A,A,G,TRUE
rs3900856,NA,NA,NA,NA,NA,NA,NA,NA,NA,NA,NA,NA,NA,NA,NA,NA,NA,NA,NA,NA,NA,NA
rs1265099,NA,NA,NA,NA,NA,NA,NA,NA,NA,NA,NA,NA,NA,NA,NA,NA,NA,NA,NA,NA,NA,NA
rs2857605,NA,NA,NA,NA,NA,NA,NA,NA,NA,NA,NA,NA,NA,NA,NA,NA,NA,NA,NA,NA,NA,NA
