id.exposure,id.outcome,outcome,exposure,egger_intercept,se,pval
9d9Ade,RK2kac,alcc,nft4,0.0010983828762313175,0.0010935971467737277,0.3388813520546493
