id.exposure,id.outcome,outcome,exposure,method,nsnp,b,se,pval
aS0zmI,K5wMKq,load,sleep,Inverse variance weighted (fixed effects),24,-0.06199283005145896,0.1563791654681502,0.6917904915072074
aS0zmI,K5wMKq,load,sleep,Weighted median,24,-0.134902228957175,0.22265414646240356,0.5445928463975438
aS0zmI,K5wMKq,load,sleep,Weighted mode,24,-0.16441678514216607,0.35865014173741766,0.6509442526328318
aS0zmI,K5wMKq,load,sleep,MR Egger,24,0.5222927454147904,0.5910985952356668,0.3864682298657566
