id.exposure,id.outcome,outcome,exposure,egger_intercept,se,pval
QAE3h2,KVgX2D,alcc,hipv2015,0.004240638701723242,0.0028695289280543557,0.1735758440254171
