id.exposure,id.outcome,outcome,exposure,method,nsnp,b,se,pval
QAE3h2,KVgX2D,alcc,hipv2015,Inverse variance weighted (fixed effects),11,3.2598377596854075e-5,1.9871352585149672e-5,0.10090727393462877
QAE3h2,KVgX2D,alcc,hipv2015,Weighted median,11,2.4539624635713498e-5,2.8022799531055478e-5,0.3811919988003096
QAE3h2,KVgX2D,alcc,hipv2015,Weighted mode,11,1.723064374411907e-5,2.7712634646056534e-5,0.5480110360998901
QAE3h2,KVgX2D,alcc,hipv2015,MR Egger,11,-4.9340694284284264e-5,6.319078577348511e-5,0.45495418684480415
