id.exposure,id.outcome,outcome,exposure,method,nsnp,b,se,pval
TESaOz,6RjJyu,audit,load,Inverse variance weighted (fixed effects),43,1.8806384401999366e-4,8.169961024500583e-4,0.817944596967875
TESaOz,6RjJyu,audit,load,Weighted median,43,0.002248643894290501,0.0012533559800331625,0.07279747256072346
TESaOz,6RjJyu,audit,load,Weighted mode,43,0.0032109025945308914,0.0012961677872601796,0.017348990330625806
TESaOz,6RjJyu,audit,load,MR Egger,43,0.001155190498734207,0.0015802016697776917,0.4689122506284703
