id.exposure,id.outcome,outcome,exposure,method,nsnp,b,se,pval
nRt7Pb,GF1AAx,audit,load,Inverse variance weighted (fixed effects),88,5.613646642245228e-4,7.502677408885895e-4,0.45432800378588145
nRt7Pb,GF1AAx,audit,load,Weighted median,88,0.0021010631613470085,0.0012480958762724397,0.09229480600225985
nRt7Pb,GF1AAx,audit,load,Weighted mode,88,0.0027701553920228203,0.0011515291513064497,0.018262513520784177
nRt7Pb,GF1AAx,audit,load,MR Egger,88,3.8275191488071645e-4,0.0016592291765083267,0.8181108609580419
