query_snp_rsid,rsID,ld.r2,Dprime,ref.proxy,alt.proxy,CHR,POS,Effect_allele.proxy,Non_Effect_allele.proxy,EAF,Beta,SE,P,r2,N,ref,alt,Effect_allele,Non_Effect_allele
rs10850725,rs903775,0.8,0.94,G,C,12,117289613,C,G,0.7515,-0.0049,0.0021,0.021,8.967626955e-6,685765,G,A,A,G
rs10908512,rs10494303,0.89,-0.97,G,A,1,153893023,A,G,0.4227,-0.0022,0.0017,0.2,2.3621591928e-6,689972,C,T,T,C
rs11245365,rs10901823,0.97,0.98,G,A,10,126488660,A,G,0.571,0.0067,0.0017,1.2e-4,2.1992419020000005e-5,692457,G,A,A,G
rs113835443,NA,NA,NA,NA,NA,NA,NA,NA,NA,NA,NA,NA,NA,NA,NA,NA,NA,NA,NA
rs117753030,NA,NA,NA,NA,NA,NA,NA,NA,NA,NA,NA,NA,NA,NA,NA,NA,NA,NA,NA
rs11979341,NA,NA,NA,NA,NA,NA,NA,NA,NA,NA,NA,NA,NA,NA,NA,NA,NA,NA,NA
rs11993215,NA,NA,NA,NA,NA,NA,NA,NA,NA,NA,NA,NA,NA,NA,NA,NA,NA,NA,NA
rs138012093,NA,NA,NA,NA,NA,NA,NA,NA,NA,NA,NA,NA,NA,NA,NA,NA,NA,NA,NA
rs148054686,NA,NA,NA,NA,NA,NA,NA,NA,NA,NA,NA,NA,NA,NA,NA,NA,NA,NA,NA
rs17172044,rs1029618,0.93,0.98,G,A,7,42390706,A,G,0.07226,0.0037,0.0034,0.28,1.8355139219120004e-6,691263,A,C,C,A
rs2641539,rs2620719,0.98,-1,A,G,12,65143382,A,G,0.5874,0.0046,0.0017,0.0077,1.0256727676800001e-5,691064,G,A,G,A
rs429358,rs769449,0.82,1,G,A,19,45410002,A,G,0.1161,-0.0254,0.0027,2.3e-20,1.324136577528e-4,566857,T,C,C,T
rs59966106,rs11903461,1,1,A,G,2,96999580,A,G,0.6807,-0.0031,0.0018,0.094,4.1774191422e-6,692420,A,G,A,G
rs6060504,rs6060507,1,1,A,G,20,34198334,A,G,0.8508,-2e-4,0.0024,0.94,1.01551488e-8,691567,T,C,T,C
rs61921502,NA,NA,NA,NA,NA,NA,NA,NA,NA,NA,NA,NA,NA,NA,NA,NA,NA,NA,NA
rs62583528,NA,NA,NA,NA,NA,NA,NA,NA,NA,NA,NA,NA,NA,NA,NA,NA,NA,NA,NA
rs6552737,rs1970892,0.83,0.96,T,A,4,184955853,A,T,0.4103,0,0.0018,0.99,0,678729,T,A,A,T
rs659065,rs590003,0.95,1,C,A,12,4008442,A,C,0.138,-0.0046,0.0025,0.065,5.034217920000001e-6,680755,C,G,G,C
rs77956314,rs7294919,0.84,0.96,T,C,12,117327592,T,C,0.8991,-0.0096,0.003,0.0013,1.6721361100799996e-5,692084,T,C,T,C
rs79522035,rs461075,0.8,-0.97,C,T,12,73060382,T,C,0.94855,-0.0055,0.0042,0.19,2.9525752987499997e-6,671134,C,T,T,C
rs7976802,rs11175762,1,1,C,T,12,65824224,T,C,0.3744,-0.0057,0.0018,0.0012,1.52199171072e-5,690316,T,A,A,T
