query_snp_rsid,rsID,ld.r2,Dprime,ref.proxy,alt.proxy,CHR,POS,Effect_allele.proxy,Non_Effect_allele.proxy,EAF,Beta,SE,P,r2,N,ref,alt,Effect_allele,Non_Effect_allele
rs1233393,rs1235162,0.96,0.98,A,G,6,29537224,A,G,0.9138,-0.0014,0.0258,0.9577,3.0877667520000015e-7,40255,C,G,C,G
rs1264705,rs1264706,1,1,G,C,6,30063652,C,G,0.0774,0.0079,0.0634,0.9004,8.913301336800001e-6,40255,G,C,C,G
rs13202664,rs116337663,0.99,1,A,G,6,28622914,A,G,0.8722,-0.0578,0.0695,0.406,7.447878936288001e-4,40255,T,G,T,G
rs1634785,NA,NA,NA,NA,NA,NA,NA,NA,NA,NA,NA,NA,NA,NA,NA,NA,NA,NA,NA
rs3094084,rs3095089,0.87,0.98,G,T,6,30933794,T,G,0.1706,-0.0138,0.0194,0.4782,5.3892859363200004e-5,40255,A,T,T,A
rs3096690,NA,NA,NA,NA,NA,NA,NA,NA,NA,NA,NA,NA,NA,NA,NA,NA,NA,NA,NA
rs3129682,rs144447022,0.91,0.98,G,T,6,29244219,T,G,0.0796,-0.0059,0.0237,0.8024,5.1006285407999994e-6,40255,C,T,T,C
rs3131071,rs148696809,0.98,1,T,C,6,28934352,T,C,0.9174,0.0047,0.0231,0.8375,3.3478384632000004e-6,40255,C,G,C,G
rs3874943,NA,NA,NA,NA,NA,NA,NA,NA,NA,NA,NA,NA,NA,NA,NA,NA,NA,NA,NA
rs429853,rs394657,0.95,1,A,G,6,32187023,A,G,0.5397,0.0188,0.0142,0.1864,1.756058935008e-4,40255,T,C,T,C
rs67474621,NA,NA,NA,NA,NA,NA,NA,NA,NA,NA,NA,NA,NA,NA,NA,NA,NA,NA,NA
rs7209501,rs11012,1,1,C,T,17,43513441,T,C,0.1872,-0.0399,0.0156,0.0107,4.844682565631999e-4,40255,A,C,C,A
rs9262146,rs9262141,1,1,T,C,6,30644137,T,C,0.899,-0.0126,0.024,0.5989,2.8830498479999994e-5,40255,C,G,C,G
rs9269147,NA,NA,NA,NA,NA,NA,NA,NA,NA,NA,NA,NA,NA,NA,NA,NA,NA,NA,NA
rs9271690,NA,NA,NA,NA,NA,NA,NA,NA,NA,NA,NA,NA,NA,NA,NA,NA,NA,NA,NA
