id.exposure,id.outcome,outcome,exposure,method,nsnp,b,se,pval
K1wl3K,la7N7K,fish,hipv,Inverse variance weighted (fixed effects),9,-0.0055630361977137815,0.00933547193911981,0.5512399958637588
K1wl3K,la7N7K,fish,hipv,Weighted median,9,-0.007454019102575911,0.012780837602259535,0.5597463152926265
K1wl3K,la7N7K,fish,hipv,Weighted mode,9,-0.009143552009086564,0.016584420846420398,0.5964631315965213
K1wl3K,la7N7K,fish,hipv,MR Egger,9,-0.03594387390671341,0.030536056204908516,0.2776258440601272
