id.exposure,id.outcome,outcome,exposure,egger_intercept,se,pval
X6ZQo1,aQxy2N,nft4,tc,-0.0266604555187403,0.009797101566779853,0.00695493124693384
