id.exposure,id.outcome,outcome,exposure,method,nsnp,b,se,pval
goFK06,VZJZ0F,nft4,tc,Inverse variance weighted (fixed effects),396,0.28308283343711804,0.07431445825031947,1.3938529884009778e-4
goFK06,VZJZ0F,nft4,tc,Weighted median,396,0.14374215182354141,0.12903922668582518,0.26530427724642297
goFK06,VZJZ0F,nft4,tc,Weighted mode,396,0.1449035699542236,0.19799970589977925,0.4647018452743743
goFK06,VZJZ0F,nft4,tc,MR Egger,396,0.24793468904215984,0.16566509791347062,0.1352974989502453
