id.exposure,id.outcome,outcome,exposure,egger_intercept,se,pval
goFK06,VZJZ0F,nft4,tc,-0.016408529852413967,0.007145612903891495,0.022179730711169014
