id.exposure,id.outcome,outcome,exposure,method,nsnp,b,se,pval
sAezac,Zg8ix4,ptau,fish,Inverse variance weighted (fixed effects),98,-0.0479379843536396,0.046643397416645395,0.3040650945135123
sAezac,Zg8ix4,ptau,fish,Weighted median,98,-0.0861476957419306,0.06908971947607398,0.21243562891214887
sAezac,Zg8ix4,ptau,fish,Weighted mode,98,0.13356968780244882,0.1643653671580444,0.41841514339780217
sAezac,Zg8ix4,ptau,fish,MR Egger,98,-0.14947085187940412,0.2884185761948311,0.6054812672305021
