id.exposure,id.outcome,outcome,exposure,method,nsnp,b,se,pval
x59dez,twIcbs,ptau,fish,Inverse variance weighted (fixed effects),97,-0.031325678409076414,0.046844620892748705,0.5036776001988537
x59dez,twIcbs,ptau,fish,Weighted median,97,-0.08536726393168477,0.07033469638686846,0.22485120897640004
x59dez,twIcbs,ptau,fish,Weighted mode,97,0.13841584147558206,0.1573610734061391,0.3812689925601277
x59dez,twIcbs,ptau,fish,MR Egger,97,-0.19377358504830366,0.2798792877898489,0.49040831139284646
