id.exposure,id.outcome,outcome,exposure,method,nsnp,b,se,pval
RCV7Zc,Gmjrdw,ptau,fish,Inverse variance weighted (fixed effects),269,-0.01370374065013567,0.033331368042146176,0.6809724768409922
RCV7Zc,Gmjrdw,ptau,fish,Weighted median,269,0.017581220117115014,0.04894054389011221,0.7194183198722977
RCV7Zc,Gmjrdw,ptau,fish,Weighted mode,269,0.14890752202635493,0.14586219703006265,0.3082328500898645
RCV7Zc,Gmjrdw,ptau,fish,MR Egger,269,-0.2869402246094281,0.14909317493123184,0.05534576112067169
