id.exposure,id.outcome,outcome,exposure,method,nsnp,b,se,pval
xhPrSj,ADBp1r,ptau,fish,Inverse variance weighted (fixed effects),270,-0.02222669742309743,0.03325865016798252,0.5039432355967401
xhPrSj,ADBp1r,ptau,fish,Weighted median,270,0.007287504390491568,0.05044374363035061,0.8851309606503401
xhPrSj,ADBp1r,ptau,fish,Weighted mode,270,0.14859431591072392,0.1473081613725223,0.3140101275042804
xhPrSj,ADBp1r,ptau,fish,MR Egger,270,-0.2910376449229837,0.15171669272472418,0.05613580479582961
