id.exposure,id.outcome,outcome,exposure,method,nsnp,b,se,pval
MlOFw0,iZSlXb,ptau,fish,Inverse variance weighted (fixed effects),112,-0.06601632143927698,0.043938375038094134,0.13297441270334764
MlOFw0,iZSlXb,ptau,fish,Weighted median,112,-0.08744429878902311,0.06241285632913667,0.16119544997107052
MlOFw0,iZSlXb,ptau,fish,Weighted mode,112,0.11072567953955237,0.16574513872270252,0.5054897827235562
MlOFw0,iZSlXb,ptau,fish,MR Egger,112,-0.35541560367929903,0.2546725310141893,0.16565215829874078
