id.exposure,id.outcome,outcome,exposure,method,nsnp,b,se,pval
ePzpwr,0895zP,ptau,fish,Inverse variance weighted (fixed effects),299,-0.06758084512989913,0.031600759311686065,0.03246945941788754
ePzpwr,0895zP,ptau,fish,Weighted median,299,-0.048639166299203736,0.04716904422979818,0.3024624684766608
ePzpwr,0895zP,ptau,fish,Weighted mode,299,0.145004914077131,0.14578255999994635,0.3207058392613856
ePzpwr,0895zP,ptau,fish,MR Egger,299,-0.43262011229500813,0.12564760631603253,6.577077464472435e-4
