id.exposure,id.outcome,outcome,exposure,method,nsnp,b,se,pval
sAezac,Zg8ix4,ptau,fish,Inverse variance weighted (fixed effects),98,-0.0479379843536396,0.046643397416645395,0.3040650945135123
sAezac,Zg8ix4,ptau,fish,Weighted median,98,-0.0861476957419306,0.06694875335281475,0.19817421431951723
sAezac,Zg8ix4,ptau,fish,Weighted mode,98,0.13356968780244882,0.1582915033427007,0.4008456518838196
sAezac,Zg8ix4,ptau,fish,MR Egger,98,-0.14947085187940412,0.2884185761948311,0.6054812672305021
