id.exposure,id.outcome,outcome,exposure,egger_intercept,se,pval
ePzpwr,0895zP,ptau,fish,0.0038653954518501855,0.0016719621329965852,0.02146535367925346
