id.exposure,id.outcome,outcome,exposure,method,nsnp,b,se,pval
MlOFw0,iZSlXb,ptau,fish,Inverse variance weighted (fixed effects),111,-0.10798320584806677,0.044137593178654025,0.014424550157223945
MlOFw0,iZSlXb,ptau,fish,Weighted median,111,-0.0875371959971825,0.06241250029073388,0.16074847122286312
MlOFw0,iZSlXb,ptau,fish,Weighted mode,111,0.1232341804830448,0.16526100001979319,0.45744263942429675
MlOFw0,iZSlXb,ptau,fish,MR Egger,111,-0.40544247676219186,0.18542218677165534,0.030910081555118284
