id.exposure,id.outcome,outcome,exposure,egger_intercept,se,pval
2UiSU3,9PW0bU,aaos,hear,-0.0032396732145055394,0.005531117442816698,0.5590359721428446
