id.exposure,id.outcome,outcome,exposure,method,nsnp,b,se,pval
hXYg8x,iNLeRU,aaos,hear,Inverse variance weighted (fixed effects),135,-0.1472817243148972,0.24157660484804336,0.5420812111657165
hXYg8x,iNLeRU,aaos,hear,Weighted median,135,-0.42895968509572424,0.3831396991860416,0.26288817475018006
hXYg8x,iNLeRU,aaos,hear,Weighted mode,135,-0.8803259250706628,0.7313027650548688,0.23079773401598333
hXYg8x,iNLeRU,aaos,hear,MR Egger,135,0.11828043859220112,0.826178962458068,0.886376042391871
