query_snp_rsid,rsID,ld.r2,Dprime,ref.proxy,alt.proxy,CHR,POS,Effect_allele.proxy,Non_Effect_allele.proxy,EAF,Beta,SE,P,r2,N,ref,alt,Effect_allele,Non_Effect_allele
rs10908512,rs10494303,0.89,-0.97,G,A,1,153893023,A,G,0.4472,0.0055,0.0047,0.3129,1.4956335679999997e-5,90998,C,T,T,C
rs11245365,rs10901823,0.97,0.98,G,A,10,126488660,G,A,0.4591,0.003,0.0047,0.6895,4.4698894199999995e-6,90971,G,A,G,A
rs113835443,NA,NA,NA,NA,NA,NA,NA,NA,NA,NA,NA,NA,NA,NA,NA,NA,NA,NA,NA
rs117753030,NA,NA,NA,NA,NA,NA,NA,NA,NA,NA,NA,NA,NA,NA,NA,NA,NA,NA,NA
rs11979341,NA,NA,NA,NA,NA,NA,NA,NA,NA,NA,NA,NA,NA,NA,NA,NA,NA,NA,NA
rs11993215,NA,NA,NA,NA,NA,NA,NA,NA,NA,NA,NA,NA,NA,NA,NA,NA,NA,NA,NA
rs138012093,NA,NA,NA,NA,NA,NA,NA,NA,NA,NA,NA,NA,NA,NA,NA,NA,NA,NA,NA
rs148054686,NA,NA,NA,NA,NA,NA,NA,NA,NA,NA,NA,NA,NA,NA,NA,NA,NA,NA,NA
rs17172044,rs1029618,0.93,0.98,G,A,7,42390706,A,G,0.06069,0.0014,0.009,0.8384,2.23466357688e-7,91013,A,C,C,A
rs2641539,rs2620719,0.98,-1,A,G,12,65143382,G,A,0.3892,0.0053,0.0048,0.3765,1.33552983648e-5,90263,G,A,A,G
rs429358,rs769449,0.82,1,G,A,19,45410002,A,G,0.1201,0.0423,0.0069,3.15e-9,3.7816998429419994e-4,87395.76,T,C,C,T
rs59966106,rs11903461,1,1,A,G,2,96999580,A,G,0.6807,0.0082,0.005,0.2501,2.922889314480001e-5,91013,A,G,A,G
rs6060504,rs761827,0.96,0.98,C,T,20,34207897,C,T,0.847,0.0084,0.0066,0.1068,1.828788192e-5,89485,T,C,T,C
rs61921502,NA,NA,NA,NA,NA,NA,NA,NA,NA,NA,NA,NA,NA,NA,NA,NA,NA,NA,NA
rs62583528,NA,NA,NA,NA,NA,NA,NA,NA,NA,NA,NA,NA,NA,NA,NA,NA,NA,NA,NA
rs6552737,rs1970892,0.83,0.96,T,A,4,184955853,T,A,1,0.0117,0.0047,0.06863,0,90896,T,A,T,A
rs659065,rs590003,0.95,1,C,A,12,4008442,A,C,0.1227,0.0047,0.0069,0.3858,4.755743287800001e-6,91013,C,G,G,C
rs77956314,rs7294919,0.84,0.96,T,C,12,117327592,C,T,0.08179,0.0077,0.0086,0.638,8.905404945822e-6,90978,T,C,C,T
rs79522035,rs461075,0.8,-0.97,C,T,12,73060382,C,T,0.05541,0.0206,0.0151,0.2518,4.442177725816801e-5,65851,C,T,C,T
rs7976802,rs11175762,1,1,C,T,12,65824224,C,T,0.6372,0.0071,0.005,0.1299,2.3307180451200002e-5,83142,T,A,T,A
