id.exposure,id.outcome,outcome,exposure,method,nsnp,b,se,pval
2AvDN3,d9YUeh,fish,aaos,Inverse variance weighted (fixed effects),20,0.023254872458223472,0.0024602157562613426,3.3124051952263544e-21
2AvDN3,d9YUeh,fish,aaos,Weighted median,20,0.023573660894458892,0.003664079426649357,1.2451819202939975e-10
2AvDN3,d9YUeh,fish,aaos,Weighted mode,20,0.02221341197371507,0.003928695395684309,1.8848288642460878e-5
2AvDN3,d9YUeh,fish,aaos,MR Egger,20,0.01995795156492558,0.00481516972267973,6.084581945865433e-4
