id.exposure,id.outcome,outcome,exposure,method,nsnp,b,se,pval
NM84Uh,68nHIw,cpd,tau,Inverse variance weighted (fixed effects),11,-0.01800642204933017,0.04045102658132363,0.6562176532937423
NM84Uh,68nHIw,cpd,tau,Weighted median,11,-0.037386939173239424,0.05935663677156334,0.528779924821994
NM84Uh,68nHIw,cpd,tau,Weighted mode,11,0.004454505571351852,0.0762632767543555,0.9545731016785257
NM84Uh,68nHIw,cpd,tau,MR Egger,11,-0.11497281958126775,0.17403423738361476,0.5253942456501262
