id.exposure,id.outcome,outcome,exposure,egger_intercept,se,pval
NM84Uh,68nHIw,cpd,tau,0.0036635650030270948,0.006197421053129316,0.5689714035235838
