id.exposure,id.outcome,outcome,exposure,method,nsnp,b,se,pval
qd4PJZ,A1Mtb5,hips,ldl,Inverse variance weighted (fixed effects),315,-0.14585733656252506,0.13715775018304893,0.28758808365087624
qd4PJZ,A1Mtb5,hips,ldl,Weighted median,315,-0.1264867619851701,0.24134440991136763,0.6002143003603211
qd4PJZ,A1Mtb5,hips,ldl,Weighted mode,315,-0.01296989967471518,0.2270398611877272,0.9544810874202163
qd4PJZ,A1Mtb5,hips,ldl,MR Egger,315,-0.10317508984842706,0.2342662981290115,0.6599384017465443
