SNP,effect_allele.exposure,other_allele.exposure,effect_allele.outcome,other_allele.outcome,beta.exposure,beta.outcome,eaf.exposure,eaf.outcome,remove,palindromic,ambiguous,id.outcome,se.outcome,pval.outcome,outcome,mr_keep.outcome,pval_origin.outcome,se.exposure,pval.exposure,exposure,mr_keep.exposure,pval_origin.exposure,id.exposure,action,mr_keep,samplesize.outcome
rs117753030,A,G,A,G,0.08928274416250333,-2.4662e-4,0.9223,0.9048865,FALSE,FALSE,FALSE,Xr4Qc6,0.0020466,0.904086532641719,dep,TRUE,reported,0.016280587921681862,4.17e-8,HV,TRUE,reported,mwSDUR,2,TRUE,NA
rs11979341,C,G,C,G,-0.06558166986977386,-6.3657e-4,0.6837,0.7023159999999999,FALSE,TRUE,FALSE,Xr4Qc6,0.0012981,0.623864107104682,dep,TRUE,reported,0.00970861137968525,1.424e-11,HV,TRUE,reported,mwSDUR,2,TRUE,NA
rs17177768,T,C,T,C,-0.07668243531429483,6.182e-4,0.2504,0.263058,FALSE,FALSE,FALSE,Xr4Qc6,0.0013367,0.643739265278454,dep,TRUE,reported,0.009956171814372219,1.339e-14,HV,TRUE,reported,mwSDUR,2,TRUE,NA
rs2268894,T,C,T,C,-0.056681699959825686,0.0021036,0.5412,0.521276,FALSE,FALSE,FALSE,Xr4Qc6,0.0011814,0.0749548949791958,dep,TRUE,reported,0.00865898257864737,5.894e-11,HV,TRUE,reported,mwSDUR,2,TRUE,NA
rs2289881,T,G,T,G,-0.050146901263179396,4.8482e-4,0.3544,0.357987,FALSE,FALSE,FALSE,Xr4Qc6,0.0012336,0.694320519012845,dep,TRUE,reported,0.009022472339542892,2.728e-8,HV,TRUE,reported,mwSDUR,2,TRUE,NA
rs61921502,T,G,T,G,0.1078839931374046,-0.0033721,0.8466,0.8254319999999999,FALSE,FALSE,FALSE,Xr4Qc6,0.0015624,0.0309100708126162,dep,TRUE,reported,0.011964510717245714,1.941e-19,HV,TRUE,reported,mwSDUR,2,TRUE,NA
rs7020341,C,G,C,G,0.05989482492183185,-9.4145e-4,0.359,0.361719,FALSE,TRUE,FALSE,Xr4Qc6,0.0012257,0.442455909528558,dep,TRUE,reported,0.009013517670704569,3.035e-11,HV,TRUE,reported,mwSDUR,2,TRUE,NA
rs77956314,T,C,T,C,-0.16185421080703002,0.0023305,0.916,0.9184467000000001,FALSE,FALSE,FALSE,Xr4Qc6,0.0021506,0.278515904263208,dep,TRUE,reported,0.015536015627474566,2.055e-25,HV,TRUE,reported,mwSDUR,2,TRUE,NA
rs7976802,A,T,A,T,0.05658511268480389,-3.7137e-4,0.3781,0.374581,FALSE,TRUE,FALSE,Xr4Qc6,0.0012173,0.760308769982228,dep,TRUE,reported,0.008898429420475529,2.028e-10,HV,TRUE,reported,mwSDUR,2,TRUE,NA
