id.exposure,id.outcome,outcome,exposure,method,nsnp,b,se,pval
ZXcqoS,PBDEaR,ptau,alcc,Inverse variance weighted (fixed effects),34,0.1484792301924595,0.06705170708487923,0.026801346635444465
ZXcqoS,PBDEaR,ptau,alcc,Weighted median,34,0.1812912349056891,0.09589076802467449,0.05867755284879078
ZXcqoS,PBDEaR,ptau,alcc,Weighted mode,34,0.1689644472909,0.1220527847440999,0.1755402316227587
ZXcqoS,PBDEaR,ptau,alcc,MR Egger,34,0.2705835081548647,0.2812348628634736,0.34320050125371016
