id.exposure,id.outcome,outcome,exposure,method,nsnp,b,se,pval
C1SYnt,mlZjAC,ptau,alcc,Inverse variance weighted (fixed effects),38,0.14424705156736378,0.06468740798400098,0.025753465981293317
C1SYnt,mlZjAC,ptau,alcc,Weighted median,38,0.1803549325626022,0.09470100140292709,0.05684938981456475
C1SYnt,mlZjAC,ptau,alcc,Weighted mode,38,0.16455329079930725,0.12498025253366866,0.1960588064271533
C1SYnt,mlZjAC,ptau,alcc,MR Egger,38,0.2892662113032493,0.2792523758142213,0.3071760281417492
