SNP,rsID,ld.r2,Dprime,ref.proxy,alt.proxy,CHR,POS,Effect_allele.proxy,Non_Effect_allele.proxy,EAF,Beta,SE,P,r2,N,ref,alt,Effect_allele,Non_Effect_allele
rs10800664,rs4915403,0.99,1,G,A,1,199966562,A,G,0.4697,0.0031,0.0051,0.728,4.7873543101999995e-6,94564,C,T,T,C
rs35055419,rs1158947,0.97,1,G,A,3,190660837,A,G,0.3879,0.0026,0.0053,0.7733,3.2101021368e-6,94595,T,C,C,T
rs13255475,rs13272518,0.99,1,T,G,8,121475108,G,T,0.6847,0.0109,0.0055,0.1005,5.12988099342e-5,94391,T,C,C,T
