query_snp_rsid,rsID,ld.r2,Dprime,ref.proxy,alt.proxy,CHR,POS,Effect_allele.proxy,Non_Effect_allele.proxy,EAF,Beta,SE,P,r2,N,ref,alt,Effect_allele,Non_Effect_allele
rs1063355,rs1140347,0.85,0.97,A,G,6,32628022,A,G,0.4238,0.0733,0.019,1.106e-4,0.002624050273176801,54162,T,G,T,G
rs113945226,rs111760627,0.94,1,C,A,10,12316400,A,C,0.1525,-0.001,0.023,0.9668,2.5848749999999996e-7,54162,G,T,T,G
rs12981,rs4838018,1,1,C,T,9,125612807,T,C,0.1231,0.0038,0.0238,0.8724,3.1174917432e-6,54162,T,C,C,T
rs2227956,NA,NA,NA,NA,NA,NA,NA,NA,NA,NA,NA,NA,NA,NA,NA,NA,NA,NA,NA
rs2246618,rs2534685,0.8,0.9,C,T,6,31462245,T,C,0.3066,-0.0428,0.0193,0.02687,7.788853252991999e-4,54162,C,T,T,C
rs2269426,NA,NA,NA,NA,NA,NA,NA,NA,NA,NA,NA,NA,NA,NA,NA,NA,NA,NA,NA
rs2844480,rs1799964,0.85,0.95,T,C,6,31542308,C,T,0.7909,-0.0276,0.0196,0.159,2.5195545650879994e-4,54162,C,T,T,C
rs2857605,NA,NA,NA,NA,NA,NA,NA,NA,NA,NA,NA,NA,NA,NA,NA,NA,NA,NA,NA
rs2915640,NA,NA,NA,NA,NA,NA,NA,NA,NA,NA,NA,NA,NA,NA,NA,NA,NA,NA,NA
rs3094663,NA,NA,NA,NA,NA,NA,NA,NA,NA,NA,NA,NA,NA,NA,NA,NA,NA,NA,NA
rs3130287,NA,NA,NA,NA,NA,NA,NA,NA,NA,NA,NA,NA,NA,NA,NA,NA,NA,NA,NA
rs4148870,NA,NA,NA,NA,NA,NA,NA,NA,NA,NA,NA,NA,NA,NA,NA,NA,NA,NA,NA
rs4930733,rs2706268,0.97,-0.98,C,G,12,124305573,C,G,0.419,-0.0186,0.0163,0.2539,1.6844031287999994e-4,54162,A,T,A,T
rs6430148,rs12987846,1,1,T,C,2,147846532,C,T,0.8531,0.0055,0.0217,0.8005,7.581883595000001e-6,54162,C,T,T,C
rs6878122,rs7708285,0.94,0.98,G,A,5,76425867,G,A,0.6998,0.0067,0.0176,0.7056,1.8860978808800002e-5,54162,G,A,G,A
rs7174507,rs7174547,0.97,1,A,T,15,78026597,T,A,0.9143,0.0924,0.0306,0.002492,0.0013379610781151998,54162,C,G,G,C
rs72892910,rs62405437,0.98,1,T,C,6,50813729,C,T,0.8242,0.0046,0.0203,0.8219,6.131929315199999e-6,54162,G,T,T,G
rs753270,rs1250591,0.82,0.95,A,G,10,80985374,A,G,0.4424,-0.0249,0.0159,0.1173,3.0589091124479995e-4,54162,T,C,T,C
rs7674212,rs7691873,1,1,T,C,4,103987899,C,T,0.5884,-2e-4,0.0165,0.9911,1.93748352e-8,54162,G,T,T,G
rs7909016,rs6585194,0.99,1,C,G,10,114717471,G,C,0.7149,-0.0203,0.019,0.2853,1.679827109982e-4,54162,A,G,G,A
rs9429893,rs2244510,0.99,1,T,C,1,206595069,T,C,0.485,-0.0044,0.0162,0.7846,9.671288e-6,54162,A,G,A,G
rs9899520,NA,NA,NA,NA,NA,NA,NA,NA,NA,NA,NA,NA,NA,NA,NA,NA,NA,NA,NA
