id.exposure,id.outcome,outcome,exposure,method,nsnp,b,se,pval
YQp05R,joEFgD,mvpa,load,Inverse variance weighted (fixed effects),81,0.009913345286708572,0.001626382775183768,1.0920958260903375e-9
YQp05R,joEFgD,mvpa,load,Weighted median,81,0.011103027133713488,0.002777050260844923,6.384302313182941e-5
YQp05R,joEFgD,mvpa,load,Weighted mode,81,0.01689587676324228,0.0035289332831009786,7.609533909270424e-6
YQp05R,joEFgD,mvpa,load,MR Egger,81,0.01180457496799204,0.003309234107654025,6.167887553394924e-4
