id.exposure,id.outcome,outcome,exposure,method,nsnp,b,se,pval
7AE64f,mJ8gbj,mvpa,load,Inverse variance weighted (fixed effects),81,0.003360572240213545,0.0014011523060304598,0.016465314254577416
7AE64f,mJ8gbj,mvpa,load,Weighted median,81,0.0049539962702256106,0.0032805091833651968,0.13101018298686964
7AE64f,mJ8gbj,mvpa,load,Weighted mode,81,-0.012680419788136027,0.005445329132133127,0.02240123926224257
7AE64f,mJ8gbj,mvpa,load,MR Egger,81,-2.734922215222388e-4,0.002987455107410597,0.9272897893362413
