id.exposure,id.outcome,outcome,exposure,method,nsnp,b,se,pval
4415N8,y3SDDj,mvpa,load,Inverse variance weighted (fixed effects),40,0.01053674402987533,0.0017998277273414086,4.790031485776115e-9
4415N8,y3SDDj,mvpa,load,Weighted median,40,0.012706941273741154,0.0026948704284087133,2.4143461306112827e-6
4415N8,y3SDDj,mvpa,load,Weighted mode,40,0.018752595443106403,0.0040728755362336964,4.327570598555736e-5
4415N8,y3SDDj,mvpa,load,MR Egger,40,0.017093505116003493,0.00380630417769355,6.420751237762521e-5
