id.exposure,id.outcome,outcome,exposure,egger_intercept,se,pval
VbsN31,7guHXp,mvpa,load,0.001108754076430297,0.0012701434898585765,0.38804107969454293
