id.exposure,id.outcome,outcome,exposure,method,nsnp,b,se,pval
VbsN31,7guHXp,mvpa,load,Inverse variance weighted (fixed effects),41,0.0030149933416199256,0.0015048763914990804,0.045125536476227655
VbsN31,7guHXp,mvpa,load,Weighted median,41,0.0049532816762645265,0.003431441947496174,0.1488800642026952
VbsN31,7guHXp,mvpa,load,Weighted mode,41,-0.013706063375321147,0.004294773896463357,0.0027556076232586302
VbsN31,7guHXp,mvpa,load,MR Egger,41,3.367800213571207e-4,0.004031875298980322,0.9338579032712739
