id.exposure,id.outcome,outcome,exposure,method,nsnp,b,se,pval
NnB3m0,OVBg7e,aaos,insom,Inverse variance weighted (fixed effects),34,-0.10976915390308006,0.05005842771015322,0.028320303654578407
NnB3m0,OVBg7e,aaos,insom,Weighted median,34,-0.029404697138561517,0.07061312317504641,0.6771028992134727
NnB3m0,OVBg7e,aaos,insom,Weighted mode,34,-0.03295182945849895,0.10294609004368521,0.7509193963042828
NnB3m0,OVBg7e,aaos,insom,MR Egger,34,-0.19690813327065224,0.1595050768810955,0.22600761276080603
