id.exposure,id.outcome,outcome,exposure,method,nsnp,b,se,pval
Lw8LkD,AWeHNm,aaos,insom,Inverse variance weighted (fixed effects),34,-0.10976915390308006,0.05005842771015322,0.028320303654578407
Lw8LkD,AWeHNm,aaos,insom,Weighted median,34,-0.029404697138561517,0.07163743121178125,0.6814644744962048
Lw8LkD,AWeHNm,aaos,insom,Weighted mode,34,-0.03295182945849895,0.10429796653373229,0.754038210081345
Lw8LkD,AWeHNm,aaos,insom,MR Egger,34,-0.19690813327065224,0.1595050768810955,0.22600761276080603
