id.exposure,id.outcome,outcome,exposure,method,nsnp,b,se,pval
X8bs6C,9XFLO4,ptau,pp,Inverse variance weighted (fixed effects),916,6.771074779266385e-4,0.0011510829810387293,0.5563744625341891
X8bs6C,9XFLO4,ptau,pp,Weighted median,916,4.4983258814115215e-4,0.0017525300368651463,0.7974288172011194
X8bs6C,9XFLO4,ptau,pp,Weighted mode,916,0.004140461053253552,0.005231759030213238,0.42891047319499154
X8bs6C,9XFLO4,ptau,pp,MR Egger,916,-0.007900425884820761,0.0033994137116272463,0.02034095545192174
