id.exposure,id.outcome,outcome,exposure,egger_intercept,se,pval
X8bs6C,9XFLO4,ptau,pp,0.0016349198293615823,6.497537635382908e-4,0.012032417527367181
