id.exposure,id.outcome,outcome,exposure,method,nsnp,b,se,pval
X8bs6C,9XFLO4,ptau,pp,Inverse variance weighted (fixed effects),917,8.449743952529811e-4,0.0011503213257697948,0.46261049215394306
X8bs6C,9XFLO4,ptau,pp,Weighted median,917,4.5096635409981356e-4,0.001799133407872766,0.8020788909775275
X8bs6C,9XFLO4,ptau,pp,Weighted mode,917,0.004125108516736892,0.005421655794028164,0.4469378833199148
X8bs6C,9XFLO4,ptau,pp,MR Egger,917,-0.007188849715854661,0.0034207640602911082,0.03586709957692097
