id.exposure,id.outcome,outcome,exposure,method,nsnp,b,se,pval
Vr5PFt,y8o79b,ptau,pp,Inverse variance weighted (fixed effects),1779,0.0028150219946134,9.753965140952462e-4,0.003901370096883828
Vr5PFt,y8o79b,ptau,pp,Weighted median,1779,0.001092382467311134,0.0015578267372750106,0.4831644475031188
Vr5PFt,y8o79b,ptau,pp,Weighted mode,1779,0.002635839641410287,0.004801522053649082,0.5831023885641218
Vr5PFt,y8o79b,ptau,pp,MR Egger,1779,-0.005837793613931927,0.002700778980904531,0.030788188680354444
