id.exposure,id.outcome,outcome,exposure,method,nsnp,b,se,pval
LlY5S3,Rk98dM,ptau,pp,Inverse variance weighted (fixed effects),995,8.462957659758653e-4,0.0011072668170935755,0.4446821697057561
LlY5S3,Rk98dM,ptau,pp,Weighted median,995,2.614199770079246e-4,0.0017560987222758316,0.8816609049687072
LlY5S3,Rk98dM,ptau,pp,Weighted mode,995,0.0017684012303432473,0.0050262931538116885,0.7250402533600648
LlY5S3,Rk98dM,ptau,pp,MR Egger,995,-0.007416448669863134,0.003291879175423888,0.0244797105105239
