id.exposure,id.outcome,outcome,exposure,method,nsnp,b,se,pval
eFh0BP,BW9seO,ptau,pp,Inverse variance weighted (fixed effects),1918,0.0026584922543409313,9.397187316314442e-4,0.004668935766586019
eFh0BP,BW9seO,ptau,pp,Weighted median,1918,5.782677478923175e-4,0.0015209292503694902,0.7037918609008501
eFh0BP,BW9seO,ptau,pp,Weighted mode,1918,0.0015083309746233564,0.004657883425695961,0.746107172957084
eFh0BP,BW9seO,ptau,pp,MR Egger,1918,-0.006051731100132739,0.002594552715200295,0.01977876710325495
