id.exposure,id.outcome,outcome,exposure,method,nsnp,b,se,pval
eFh0BP,BW9seO,ptau,pp,Inverse variance weighted (fixed effects),1917,0.0023887892560359217,9.400519731818828e-4,0.0110496513047424
eFh0BP,BW9seO,ptau,pp,Weighted median,1917,5.777078557789394e-4,0.001565888435481553,0.7121776950128111
eFh0BP,BW9seO,ptau,pp,Weighted mode,1917,0.0017425487060739042,0.004711825786818649,0.7115541164476729
eFh0BP,BW9seO,ptau,pp,MR Egger,1917,-0.0064148355683218555,0.002520624021955106,0.011007527681777356
