id.exposure,id.outcome,outcome,exposure,method,nsnp,b,se,pval
eW9hOW,ywNmJJ,vbiany,sbp,Inverse variance weighted (fixed effects),2758,0.031227015292942483,0.0058716857569871914,1.0477764634593227e-7
eW9hOW,ywNmJJ,vbiany,sbp,Weighted median,2758,0.03498335770241272,0.009505137518452292,2.3280596508309438e-4
eW9hOW,ywNmJJ,vbiany,sbp,Weighted mode,2758,0.038261446501627994,0.034963469156111884,0.27390745783541326
eW9hOW,ywNmJJ,vbiany,sbp,MR Egger,2758,0.08826518632948174,0.01568145269406381,1.999422684149225e-8
