target_snp,proxy_snp,ld.r2,Dprime,PHASE,X12,CHR,POS,Effect_allele.proxy,Non_Effect_allele.proxy,EAF,Beta,SE,P,r2,N,ref,ref.proxy,alt,alt.proxy,Effect_allele,Non_Effect_allele,proxy.outcome
rs4681770,rs9870090,0.855212,0.924777,GC/AT,NA,3,57968226,C,T,0.403788,0.01013,0.005491,0.06508,4.940865223857689e-5,2769,G,C,A,T,G,A,TRUE
rs11925227,rs9841632,0.841054,0.920365,AA/GC,NA,3,170757334,A,C,0.175839,-0.00366,0.007689,0.6341,3.882571222031705e-6,2431,A,A,G,C,A,G,TRUE
rs7674212,rs7691873,0.99187,0.995927,TC/GT,NA,4,103987899,C,T,0.435602,-7.048e-4,0.006785,0.9173,2.442514314892915e-7,1643,T,C,G,T,T,G,TRUE
rs11756597,rs10456249,0.983841,0.994571,AC/GG,NA,6,21967290,C,G,0.243733,-2.913e-4,0.006735,0.9655,3.128242767727391e-8,2395,A,C,G,G,A,G,TRUE
rs800888,rs800887,0.979952,0.995929,CG/TA,NA,8,116468082,G,A,0.433277,-0.00117,0.005767,0.8392,6.722614273917439e-7,2410,C,G,T,A,C,T,TRUE
rs67232546,rs11820002,0.886211,0.981199,TC/CG,NA,11,128389259,C,G,0.224515,-0.005593,0.006386,0.3813,1.0892771612556725e-5,2831,T,C,C,G,T,C,TRUE
rs576674,rs2858980,1,1,GG/AA,NA,13,33554587,G,A,0.17962699999999998,-0.004056,0.007203,0.5735,4.848516339167958e-6,2732,G,G,A,A,G,A,TRUE
rs1359790,rs1327315,0.994944,1,AT/GC,NA,13,80708732,T,C,0.275269,-0.002375,0.006096,0.6969,2.2505639977399687e-6,2814,A,T,G,C,A,G,TRUE
rs17522122,rs12895330,0.949102,0.991811,TC/GG,NA,14,33305343,C,G,0.484047,-0.00448,0.005325,0.4002,1.0024984238292172e-5,2802,T,C,G,G,T,G,TRUE
rs67112568,rs17626001,1,1,GG/AA,NA,14,43069483,G,A,0.0677548,-0.00514,0.0136,0.7056,3.3375398298769046e-6,1717,G,G,A,A,G,A,TRUE
rs12910825,rs4932182,0.941787,0.991241,GA/AC,NA,15,91508803,A,C,0.394071,-0.0121,0.005942,0.04183,6.991928053053438e-5,2442,G,A,A,C,G,A,TRUE
rs77258096,rs9921930,0.846651,1,AT/CC,NA,16,75244745,T,C,0.130982,-0.004521,0.007895,0.567,4.653067999684754e-6,2812,A,T,C,C,A,C,TRUE
rs9899520,rs11867401,0.933798,1,AG/GA,NA,17,65947970,G,A,0.23341500000000004,-0.002775,0.006477,0.6683,2.7557832072822192e-6,2827,A,G,G,A,A,G,TRUE
rs2229616,rs35748167,1,1,TC/CG,NA,18,58037433,C,G,0.0168463,0.007697,0.01659,0.6427,1.962451430990788e-6,2790,T,C,C,G,T,C,TRUE
rs1885659,NA,NA,NA,NA,NA,NA,NA,NA,NA,NA,NA,NA,NA,NA,NA,NA,NA,NA,NA,NA,NA,NA
rs10811661,NA,NA,NA,NA,NA,NA,NA,NA,NA,NA,NA,NA,NA,NA,NA,NA,NA,NA,NA,NA,NA,NA
rs10830963,NA,NA,NA,NA,NA,NA,NA,NA,NA,NA,NA,NA,NA,NA,NA,NA,NA,NA,NA,NA,NA,NA
rs11646985,NA,NA,NA,NA,NA,NA,NA,NA,NA,NA,NA,NA,NA,NA,NA,NA,NA,NA,NA,NA,NA,NA
