id.exposure,id.outcome,outcome,exposure,method,nsnp,b,se,pval
bMw8sT,RPSd5C,tau,tc,Inverse variance weighted (fixed effects),300,0.03218687057204922,0.010604091317867295,0.0024027608399404907
bMw8sT,RPSd5C,tau,tc,Weighted median,300,0.00821047231950556,0.018104796916043712,0.6501908540849455
bMw8sT,RPSd5C,tau,tc,Weighted mode,300,-0.013901599601108483,0.022527729373867728,0.5376460626899874
bMw8sT,RPSd5C,tau,tc,MR Egger,300,0.048925375078313696,0.025027743593709625,0.05153600073609316
