id.exposure,id.outcome,outcome,exposure,method,nsnp,b,se,pval
f4stOg,zqNDW6,tau,tc,Inverse variance weighted (fixed effects),192,0.026386885648579165,0.011448847526124744,0.02117982355410375
f4stOg,zqNDW6,tau,tc,Weighted median,192,0.006340604684600515,0.01932841853255415,0.7428771053696628
f4stOg,zqNDW6,tau,tc,Weighted mode,192,-0.017266320141479552,0.024607030734786522,0.48373136591590593
f4stOg,zqNDW6,tau,tc,MR Egger,192,0.07166564408956244,0.02910104851684067,0.014682178144904266
