id.exposure,id.outcome,outcome,exposure,egger_intercept,se,pval
f4stOg,zqNDW6,tau,tc,-0.002873145733847941,0.0012998834426714953,0.02827123937809576
