id.exposure,id.outcome,outcome,exposure,method,nsnp,b,se,pval
f4stOg,zqNDW6,tau,tc,Inverse variance weighted (fixed effects),193,0.03466875388412739,0.011249896438167139,0.0020582535096762577
f4stOg,zqNDW6,tau,tc,Weighted median,193,0.011473992357107709,0.020181418677327045,0.5696667187996509
f4stOg,zqNDW6,tau,tc,Weighted mode,193,-0.017399952397401663,0.02469072170292186,0.48184079830885185
f4stOg,zqNDW6,tau,tc,MR Egger,193,0.09021583729341816,0.028865954000961924,0.002053183739775978
