id.exposure,id.outcome,outcome,exposure,method,nsnp,b,se,pval
41vsPU,VTd2DH,tau,tc,Inverse variance weighted (fixed effects),335,0.033960983264890804,0.009982825884147171,6.69091153771833e-4
41vsPU,VTd2DH,tau,tc,Weighted median,335,0.005933218490784186,0.018292551038807288,0.7456718460708257
41vsPU,VTd2DH,tau,tc,Weighted mode,335,-0.018264994657169797,0.022782491108362325,0.4232896229207588
41vsPU,VTd2DH,tau,tc,MR Egger,335,0.07074366520416778,0.024064525629941654,0.003514359006023919
