id.exposure,id.outcome,outcome,exposure,method,nsnp,b,se,pval
rtWXc4,JeGuIm,tau,tc,Inverse variance weighted (fixed effects),212,0.02746205832772318,0.010870913296587426,0.01153051127912391
rtWXc4,JeGuIm,tau,tc,Weighted median,212,0.004310016733884599,0.018632459918957126,0.8170680402800605
rtWXc4,JeGuIm,tau,tc,Weighted mode,212,-0.021000091624199024,0.024548814999532324,0.39327673421012244
rtWXc4,JeGuIm,tau,tc,MR Egger,212,0.08435330434045633,0.027783930971615228,0.0027003301625379375
