id.exposure,id.outcome,outcome,exposure,method,nsnp,b,se,pval
KYKj4k,VRZtSd,tau,tc,Inverse variance weighted (fixed effects),301,0.039154359941237483,0.01044542505840812,1.7791678552721985e-4
KYKj4k,VRZtSd,tau,tc,Weighted median,301,0.011632141312377178,0.018726468674549697,0.5344940727577994
KYKj4k,VRZtSd,tau,tc,Weighted mode,301,-0.013896678496080339,0.025232511865835465,0.5822184087552411
KYKj4k,VRZtSd,tau,tc,MR Egger,301,0.06566680047991395,0.02474738961817645,0.008392479186729565
