id.exposure,id.outcome,outcome,exposure,method,nsnp,b,se,pval
lJnvqd,YW82ew,dep,aaos,Inverse variance weighted (fixed effects),55,0.003248170345385243,0.0012299699812981745,0.008269750678093685
lJnvqd,YW82ew,dep,aaos,Weighted median,55,0.0019371378866650444,0.00197558058344839,0.3268191101655776
lJnvqd,YW82ew,dep,aaos,Weighted mode,55,0.003250494286836908,0.0021617077446840927,0.13849290362325892
lJnvqd,YW82ew,dep,aaos,MR Egger,55,0.005403792408670675,0.002171384480087423,0.01599969881644525
