id.exposure,id.outcome,outcome,exposure,method,nsnp,b,se,pval
g6N0MP,Wxz8an,dep,aaos,Inverse variance weighted (fixed effects),20,0.0032822116191340107,0.0016141487936767837,0.04201203591557533
g6N0MP,Wxz8an,dep,aaos,Weighted median,20,0.0025033848354510248,0.0024168947419126096,0.300302164455336
g6N0MP,Wxz8an,dep,aaos,Weighted mode,20,0.0025067925878511747,0.002431043735558772,0.3154145294323678
g6N0MP,Wxz8an,dep,aaos,MR Egger,20,0.0012130759111570048,0.0026815541086278516,0.6564012935413198
