target_snp,proxy_snp,ld.r2,Dprime,PHASE,X12,CHR,POS,Effect_allele.proxy,Non_Effect_allele.proxy,EAF,Beta,SE,P,r2,N,ref,ref.proxy,alt,alt.proxy,Effect_allele,Non_Effect_allele,proxy.outcome
rs192698266,rs184854912,0.887998,1,TG/GA,NA,4,45980909,A,G,0.98740000000000006,-0.1389,0.0735,0.05889,4.8006291196079785e-4,63926,T,G,G,A,G,T,TRUE
rs74570227,rs12507517,1,1,TC/CT,NA,4,54061989,T,C,0.6476,-0.0129,0.0148,0.3836,7.59542633568e-5,63926,T,C,C,T,C,T,TRUE
rs113098876,rs60081663,0.841716,0.979764,CC/TG,NA,5,32755085,C,G,0.0506,0.0553,0.0326,0.08995,2.9381908537520003e-4,63926,C,C,T,G,C,T,TRUE
rs56408918,rs714417,1,1,AT/GC,NA,11,45247176,T,C,0.31,0.0242,0.0154,0.1153,2.5053679199999997e-4,63926,A,T,G,C,A,G,TRUE
rs145878042,rs111264094,0.874124,1,GG/AC,NA,12,48202696,C,G,0.9866,-0.0533,0.067,0.4266,7.511563158319982e-5,63926,G,G,A,C,A,G,TRUE
rs55765729,rs114825574,1,1,CT/AA,NA,15,81249339,A,T,0.8524,0.0459,0.0205,0.02498,5.301333979487999e-4,63926,C,T,A,A,A,C,TRUE
rs147423415,NA,NA,NA,NA,NA,NA,NA,NA,NA,NA,NA,NA,NA,NA,NA,NA,NA,NA,NA,NA,NA,NA
rs1259158,NA,NA,NA,NA,NA,NA,NA,NA,NA,NA,NA,NA,NA,NA,NA,NA,NA,NA,NA,NA,NA,NA
rs142076278,NA,NA,NA,NA,NA,NA,NA,NA,NA,NA,NA,NA,NA,NA,NA,NA,NA,NA,NA,NA,NA,NA
