query_snp_rsid,rsID,ld.r2,Dprime,ref.proxy,alt.proxy,CHR,POS,Effect_allele.proxy,Non_Effect_allele.proxy,EAF,Beta,SE,P,r2,N,ref,alt,Effect_allele,Non_Effect_allele
rs11040329,rs11040334,0.97,0.99,C,G,11,49354768,G,C,0.1421,-0.003433,0.002989,0.2507,2.8734811219230195e-6,111024,T,C,C,T
rs16940262,NA,NA,NA,NA,NA,NA,NA,NA,NA,NA,NA,NA,NA,NA,NA,NA,NA,NA,NA
rs2075650,NA,NA,NA,NA,NA,NA,NA,NA,NA,NA,NA,NA,NA,NA,NA,NA,NA,NA,NA
rs2230808,rs2150867,0.99,1,T,C,9,107554534,T,C,0.2336,-7.554e-4,0.00299,0.8006,2.0432066393825283e-7,110990,T,C,T,C
rs2566091,NA,NA,NA,NA,NA,NA,NA,NA,NA,NA,NA,NA,NA,NA,NA,NA,NA,NA,NA
rs35136575,NA,NA,NA,NA,NA,NA,NA,NA,NA,NA,NA,NA,NA,NA,NA,NA,NA,NA,NA
rs3847502,rs10838690,1,1,A,G,11,47335075,G,A,0.322,0.001161,0.002979,0.6967,5.885454420719999e-7,111765,C,A,A,C
rs4468779,rs12994068,0.91,0.96,A,C,2,21118983,C,A,0.2504,-7.559e-4,0.003032,0.8031,2.1449767483086081e-7,107710,T,C,C,T
rs653178,NA,NA,NA,NA,NA,NA,NA,NA,NA,NA,NA,NA,NA,NA,NA,NA,NA,NA,NA
rs7012891,rs62523863,0.83,0.95,G,A,8,126520544,A,G,0.2147,-0.001156,0.002996,0.6995,4.506229493475199e-7,110537,T,C,C,T
rs737337,rs3745683,0.98,1,G,A,19,11348521,A,G,0.07419,8.174e-4,0.002976,0.7836,9.178389863255033e-8,112021,T,C,C,T
rs7412,NA,NA,NA,NA,NA,NA,NA,NA,NA,NA,NA,NA,NA,NA,NA,NA,NA,NA,NA
rs76366838,rs140480140,0.84,0.94,G,A,19,45421650,A,G,0.02259,0.004839,0.002994,0.106,1.03403264246948e-6,111137,G,A,A,G
rs9457931,NA,NA,NA,NA,NA,NA,NA,NA,NA,NA,NA,NA,NA,NA,NA,NA,NA,NA,NA
