id.exposure,id.outcome,outcome,exposure,method,nsnp,b,se,pval
t0hi15,Ck8xIu,dep,load,Inverse variance weighted (fixed effects),79,-1.2278961562902282e-4,7.644095476902752e-4,0.8723822388079883
t0hi15,Ck8xIu,dep,load,Weighted median,79,-6.786131939564135e-4,0.0013143599566441885,0.6056400357097549
t0hi15,Ck8xIu,dep,load,Weighted mode,79,-5.250720078241525e-4,0.0013490576633292996,0.6981784863954574
t0hi15,Ck8xIu,dep,load,MR Egger,79,4.383439096040576e-4,0.0012667718950880578,0.7302621925662207
