id.exposure,id.outcome,outcome,exposure,method,nsnp,b,se,pval
t0hi15,Ck8xIu,dep,load,Inverse variance weighted (fixed effects),80,1.1466290529783694e-5,7.635489315004233e-4,0.9880185382287374
t0hi15,Ck8xIu,dep,load,Weighted median,80,-6.785417448115774e-4,0.0013675388783762426,0.6197693269561619
t0hi15,Ck8xIu,dep,load,Weighted mode,80,-5.880600971181413e-4,0.0012744753486589933,0.6457699483513821
t0hi15,Ck8xIu,dep,load,MR Egger,80,6.175744259421017e-5,0.001343977227470852,0.9634665445970636
