target_snp,proxy_snp,ld.r2,Dprime,PHASE,X12,CHR,POS,Effect_allele.proxy,Non_Effect_allele.proxy,EAF,Beta,SE,P,r2,N,ref,ref.proxy,alt,alt.proxy,Effect_allele,Non_Effect_allele,proxy.outcome
rs13147559,rs36027619,0.991507,1,GT/CC,NA,4,17525356,T,C,0.1424,0.038,0.0647,0.5569,3.5268902912000003e-4,4914,G,T,C,C,G,C,TRUE
rs2354376,rs6945259,0.987385,0.995768,CG/AT,NA,7,138485954,T,G,0.6122,0.0155,0.0457,0.7349,1.1407606237999999e-4,4914,C,G,A,T,A,C,TRUE
rs17791976,rs11018440,0.995361,1,AA/GG,NA,11,88787070,A,G,0.3218,0.0471,0.0469,0.3153,9.683127160632e-4,4914,A,A,G,G,A,G,TRUE
rs146229052,rs145759401,0.927636,1,CA/TG,NA,22,38347867,A,G,0.0215,-0.2074,0.1836,0.2587,0.0018098675343799998,4914,C,A,T,G,C,T,TRUE
