id.exposure,id.outcome,outcome,exposure,method,nsnp,b,se,pval
dAoLdh,L3Q2uC,aaos,ldl,Inverse variance weighted (fixed effects),210,0.2792982526522414,0.023785551435649817,7.730866548643914e-32
dAoLdh,L3Q2uC,aaos,ldl,Weighted median,210,0.008198647554621349,0.04491529544367115,0.8551622939242276
dAoLdh,L3Q2uC,aaos,ldl,Weighted mode,210,-0.02065588940768137,0.04641630500062218,0.6567704269730958
dAoLdh,L3Q2uC,aaos,ldl,MR Egger,210,0.5833339077331675,0.11025262410269089,3.076731162955435e-7
