id.exposure,id.outcome,outcome,exposure,method,nsnp,b,se,pval
aStVJZ,wqi7B7,aaos,ldl,Inverse variance weighted (fixed effects),208,0.27812407644315856,0.023808691231270697,1.5825097182827324e-31
aStVJZ,wqi7B7,aaos,ldl,Weighted median,208,0.007965369140718818,0.042347854936635176,0.8508031178362155
aStVJZ,wqi7B7,aaos,ldl,Weighted mode,208,-0.01912708683035902,0.04717552328741171,0.6855690700060225
aStVJZ,wqi7B7,aaos,ldl,MR Egger,208,0.5817953363539975,0.110579025508733,3.5751199008698176e-7
