id.exposure,id.outcome,outcome,exposure,method,nsnp,b,se,pval
USVQt6,k8Dged,aaos,ldl,Inverse variance weighted (fixed effects),316,0.2727394818776437,0.02251263348005945,8.801526876213184e-34
USVQt6,k8Dged,aaos,ldl,Weighted median,316,0.004752197953931598,0.04245472581537709,0.9108744179476975
USVQt6,k8Dged,aaos,ldl,Weighted mode,316,-0.021584971507008888,0.042226124333833936,0.6095860831849245
USVQt6,k8Dged,aaos,ldl,MR Egger,316,0.49764869196307365,0.08610346184227521,1.8045223892559538e-8
