id.exposure,id.outcome,outcome,exposure,method,nsnp,b,se,pval
aStVJZ,wqi7B7,aaos,ldl,Inverse variance weighted (fixed effects),207,0.2571223037499055,0.024263663816055332,3.0765747256758806e-26
aStVJZ,wqi7B7,aaos,ldl,Weighted median,207,3.51677965390602e-4,0.043302164044890276,0.9935200620907741
aStVJZ,wqi7B7,aaos,ldl,Weighted mode,207,-0.017862302986808132,0.04019748992011477,0.6572461642820938
aStVJZ,wqi7B7,aaos,ldl,MR Egger,207,0.5474267693076604,0.11507462770129501,3.699784178948722e-6
