id.exposure,id.outcome,outcome,exposure,egger_intercept,se,pval
USVQt6,k8Dged,aaos,ldl,-0.012386851075052613,0.003868587946100359,0.0015050892876983513
