id.exposure,id.outcome,outcome,exposure,method,nsnp,b,se,pval
8N6N82,niC1Ob,aaos,ldl,Inverse variance weighted (fixed effects),319,0.2724247313445543,0.02248060789177868,8.458620964705574e-34
8N6N82,niC1Ob,aaos,ldl,Weighted median,319,0.00474362087169463,0.040842069978840566,0.907537263301232
8N6N82,niC1Ob,aaos,ldl,Weighted mode,319,-0.022163561255431397,0.042442715131264505,0.601895054359425
8N6N82,niC1Ob,aaos,ldl,MR Egger,319,0.5000547173303664,0.0858945201503518,1.4271761416012376e-8
