id.exposure,id.outcome,outcome,exposure,method,nsnp,b,se,pval
kn6vBC,BHy4GX,aaos,ldl,Inverse variance weighted (fixed effects),207,0.26496112971079094,0.02388710373886056,1.3684109587326502e-28
kn6vBC,BHy4GX,aaos,ldl,Weighted median,207,0.01990444368917421,0.04412923842827673,0.6519543181570151
kn6vBC,BHy4GX,aaos,ldl,Weighted mode,207,0.0012215256404273234,0.04609720169815583,0.9788850546680447
kn6vBC,BHy4GX,aaos,ldl,MR Egger,207,0.5448213275522101,0.1096869956887382,1.4298334518442978e-6
