id.exposure,id.outcome,outcome,exposure,method,nsnp,b,se,pval
oSXMEe,aAViw2,aaos,ldl,Inverse variance weighted (fixed effects),200,0.04404457560157073,0.024928379259451065,0.07725423479630657
oSXMEe,aAViw2,aaos,ldl,Weighted median,200,0.0053250634357371335,0.04403970145871763,0.9037583082972396
oSXMEe,aAViw2,aaos,ldl,Weighted mode,200,-0.005759131245292259,0.0457492162324912,0.8999501990057904
oSXMEe,aAViw2,aaos,ldl,MR Egger,200,0.11567211284241581,0.05379890871488411,0.032761250826477566
