id.exposure,id.outcome,outcome,exposure,egger_intercept,se,pval
8N6N82,niC1Ob,aaos,ldl,-0.01252024385692028,0.0038564064640526493,0.0012928379039977697
