id.exposure,id.outcome,outcome,exposure,method,nsnp,b,se,pval
dfpm7t,YkT4Yv,aaos,ldl,Inverse variance weighted (fixed effects),315,0.2609470907214953,0.022578890252014053,6.794450845281828e-31
dfpm7t,YkT4Yv,aaos,ldl,Weighted median,315,0.04244210757675133,0.0430877515754228,0.32461640709350903
dfpm7t,YkT4Yv,aaos,ldl,Weighted mode,315,-8.345927738346859e-4,0.04391849575044424,0.9848506071365184
dfpm7t,YkT4Yv,aaos,ldl,MR Egger,315,0.46768842118328297,0.08557935848011602,9.465065987027628e-8
