id.exposure,id.outcome,outcome,exposure,method,nsnp,b,se,pval
8N6N82,niC1Ob,aaos,ldl,Inverse variance weighted (fixed effects),317,0.2689244631085832,0.022543802274232517,8.359604597222557e-33
8N6N82,niC1Ob,aaos,ldl,Weighted median,317,0.004363772495373937,0.04331727458555914,0.9197570360810475
8N6N82,niC1Ob,aaos,ldl,Weighted mode,317,-0.02219916683606815,0.04380007902019807,0.6126280109246839
8N6N82,niC1Ob,aaos,ldl,MR Egger,317,0.491614380871269,0.0855340547342805,2.1375171191405725e-8
