SNP,rsID,ld.r2,Dprime,ref.proxy,alt.proxy,CHR,POS,Effect_allele.proxy,Non_Effect_allele.proxy,EAF,Beta,SE,P,r2,N,ref,alt,Effect_allele,Non_Effect_allele
rs61921502,NA,NA,NA,NA,NA,NA,NA,NA,NA,NA,NA,NA,NA,NA,NA,NA,NA,NA,NA
rs77956314,rs7294919,0.84,0.96,T,C,12,117327592,T,C,0.91821,0.0021,0.0086,0.5428,6.623854918380001e-7,94278,T,C,T,C
rs12784431,rs11597218,0.99,1,C,T,10,135038088,C,T,0.562,9e-4,0.0058,0.723,3.9877272e-7,80911,G,A,G,A
rs78587286,rs16874892,0.97,1,A,G,6,14270739,A,G,0.90369,0.0195,0.0086,0.01451,6.618964895595001e-5,94266,C,T,C,T
rs74597467,NA,NA,NA,NA,NA,NA,NA,NA,NA,NA,NA,NA,NA,NA,NA,NA,NA,NA,NA
rs6060507,rs761827,0.96,0.98,C,T,20,34207897,C,T,0.847,0.0129,0.0067,0.01751,4.313047662000001e-5,92820,A,G,A,G
rs116621170,NA,NA,NA,NA,NA,NA,NA,NA,NA,NA,NA,NA,NA,NA,NA,NA,NA,NA,NA
rs453084,rs7122784,0.83,-0.97,T,G,11,79605008,T,G,0.6398,2e-4,0.0052,0.8077,1.84364768e-8,94311,G,A,G,A
