id.exposure,id.outcome,outcome,exposure,method,nsnp,b,se,pval
eAavyk,K7s7e7,load,sbp,Inverse variance weighted (fixed effects),2639,-0.002035514039937324,0.001643332405103439,0.21547506248754159
eAavyk,K7s7e7,load,sbp,Weighted median,2639,-0.002545034422913751,0.0026482195041426615,0.33653403990094793
eAavyk,K7s7e7,load,sbp,Weighted mode,2639,0.001511364798729875,0.009639381067804773,0.8754218420618773
eAavyk,K7s7e7,load,sbp,MR Egger,2639,-0.0034399914018069418,0.004877007575849162,0.4806555021312303
