id.exposure,id.outcome,outcome,exposure,method,nsnp,b,se,pval
yMQTMS,BHzvDP,load,sbp,Inverse variance weighted (fixed effects),1422,-0.003578015114397324,0.0018929243319195954,0.05873054276526831
yMQTMS,BHzvDP,load,sbp,Weighted median,1422,-0.0029858345742206417,0.0032199004238397813,0.3537674233849068
yMQTMS,BHzvDP,load,sbp,Weighted mode,1422,-0.0017398024086020536,0.009992167020837784,0.8617986083950286
yMQTMS,BHzvDP,load,sbp,MR Egger,1422,-0.0020650745183642123,0.0061336924214184215,0.7364099856734438
