id.exposure,id.outcome,outcome,exposure,method,nsnp,b,se,pval
ODjwTo,V7LwIQ,load,sbp,Inverse variance weighted (fixed effects),1355,-0.00302873097015074,0.0019338806662295377,0.11731546989614654
ODjwTo,V7LwIQ,load,sbp,Weighted median,1355,-0.0028360315554598037,0.0031311842829015355,0.36507471911256084
ODjwTo,V7LwIQ,load,sbp,Weighted mode,1355,-0.001723484237459827,0.010504012329685578,0.8696937118451104
ODjwTo,V7LwIQ,load,sbp,MR Egger,1355,-0.0030752899123813386,0.006202404484829919,0.6201003782172798
