id.exposure,id.outcome,outcome,exposure,method,nsnp,b,se,pval
hLNQfB,sJe9cf,vbiany,bmi,Inverse variance weighted (fixed effects),3236,-0.09368505642754346,0.09589703165464307,0.32860190185185967
hLNQfB,sJe9cf,vbiany,bmi,Weighted median,3236,-0.24792244086302218,0.16736219306892225,0.13851260520539793
hLNQfB,sJe9cf,vbiany,bmi,Weighted mode,3236,-0.520163429722615,0.4892568898028895,0.28778405038121363
hLNQfB,sJe9cf,vbiany,bmi,MR Egger,3236,-0.27049160324470356,0.28734464052703756,0.3465963250765931
