id.exposure,id.outcome,outcome,exposure,method,nsnp,b,se,pval
cof4Vy,XZzRYj,tc,nft4,Inverse variance weighted (fixed effects),7,0.14402509087915624,0.0056967765144468234,5.057676223967164e-141
cof4Vy,XZzRYj,tc,nft4,Weighted median,7,0.07720280171230466,0.01676263295554143,4.111816790485171e-6
cof4Vy,XZzRYj,tc,nft4,Weighted mode,7,0.030379231944938245,0.023443956542991678,0.2426497615251037
cof4Vy,XZzRYj,tc,nft4,MR Egger,7,0.24187276627093837,0.09250674599977655,0.04740285264381895
