id.exposure,id.outcome,outcome,exposure,method,nsnp,b,se,pval
LCZc4L,mA5MPX,vbiany,tc,Inverse variance weighted (fixed effects),253,-0.12598245450605808,0.1017632677985093,0.21571777710616763
LCZc4L,mA5MPX,vbiany,tc,Weighted median,253,0.006773992282505259,0.17404222481199913,0.9689529391672167
LCZc4L,mA5MPX,vbiany,tc,Weighted mode,253,-0.06378922057165148,0.28255618508077085,0.8215729029354712
LCZc4L,mA5MPX,vbiany,tc,MR Egger,253,-0.2847784419610106,0.19947341362150925,0.15463525617870932
