id.exposure,id.outcome,outcome,exposure,method,nsnp,b,se,pval
vYZgW1,HXS45e,fish,ab42,Inverse variance weighted (fixed effects),16,-0.0767619811059411,0.016360903208499752,2.7082026116693026e-6
vYZgW1,HXS45e,fish,ab42,Weighted median,16,-0.1048859952219543,0.024914702817755673,2.555932464358265e-5
vYZgW1,HXS45e,fish,ab42,Weighted mode,16,-0.12235803005595458,0.02395206839273716,1.2844458504386008e-4
vYZgW1,HXS45e,fish,ab42,MR Egger,16,-0.16235551343645005,0.05029534304963507,0.006072228986413221
