id.exposure,id.outcome,outcome,exposure,method,nsnp,b,se,pval
PVehMp,4AjJY0,fish,ab42,Inverse variance weighted (fixed effects),5,-0.12010195902580649,0.02015078371415484,2.5198618709257676e-9
PVehMp,4AjJY0,fish,ab42,Weighted median,5,-0.13021959950922,0.02425593657911078,7.93650914627742e-8
PVehMp,4AjJY0,fish,ab42,Weighted mode,5,-0.13564027834846998,0.026014160144823596,0.006453501279047791
PVehMp,4AjJY0,fish,ab42,MR Egger,5,-0.13855590642188462,0.06005868128493961,0.10431625219489044
