id.exposure,id.outcome,outcome,exposure,egger_intercept,se,pval
vYZgW1,HXS45e,fish,ab42,0.0035543383429207692,0.001801015270060477,0.06851000696279104
