id.exposure,id.outcome,outcome,exposure,method,nsnp,b,se,pval
0Jr2Qw,bF6a3N,hipv2015,alcd,Inverse variance weighted (fixed effects),15,-10.180953156306929,9.502192303771087,0.2839752189304694
0Jr2Qw,bF6a3N,hipv2015,alcd,Weighted median,15,-3.2047249884973112,13.448420515759146,0.8116503601829629
0Jr2Qw,bF6a3N,hipv2015,alcd,Weighted mode,15,-35.790582433323124,19.868867016816523,0.09322015431911876
0Jr2Qw,bF6a3N,hipv2015,alcd,MR Egger,15,-11.649691852952545,20.360636758673014,0.5769696014551667
