id.exposure,id.outcome,outcome,exposure,egger_intercept,se,pval
OZe2d7,bL86iS,hipv2015,alcd,0.3268882669071291,3.9461904464671305,0.9352435282177303
