id.exposure,id.outcome,outcome,exposure,egger_intercept,se,pval
0Jr2Qw,bF6a3N,hipv2015,alcd,0.32688826690712847,3.9461904464671305,0.9352435282177305
