query_snp_rsid,rsID,ld.r2,Dprime,ref.proxy,alt.proxy,CHR,POS,Effect_allele.proxy,Non_Effect_allele.proxy,EAF,Beta,SE,P,r2,N,ref,alt,Effect_allele,Non_Effect_allele
rs10814041,rs11523735,1,1,G,A,9,33743488,A,G,0.2778,0.034,0.0656,0.6042,4.6384999391999997e-4,4914,G,C,C,G
rs10830963,NA,NA,NA,NA,NA,NA,NA,NA,NA,NA,NA,NA,NA,NA,NA,NA,NA,NA,NA
rs11591741,rs11596950,0.99,1,C,T,10,101996360,T,C,0.424,0.055,0.0593,0.3533,0.0014775552,4914,G,C,C,G
rs13234269,rs34072724,1,1,G,A,7,130432469,A,G,0.4911,0.0081,0.0594,0.8919,3.2794606063799995e-5,4914,T,A,A,T
rs17411031,rs17411045,0.99,1,T,C,8,19852362,T,C,0.7409,0.0468,0.0652,0.4736,8.409084364512001e-4,4914,C,G,C,G
rs1758632,rs1785509,1,1,G,A,9,34028285,A,G,0.6235,-0.023,0.0602,0.7031,2.4836311949999994e-4,4914,C,G,G,C
rs2466321,rs2464582,1,1,C,A,8,118214520,A,C,0.8556,0.1421,0.0823,0.0842,0.0049894895876448,4914,C,G,G,C
rs2842356,rs2842359,0.86,0.98,A,G,6,7265235,A,G,0.6138,-0.0483,0.061,0.4292,0.0011060210960568,4914,C,G,C,G
rs2915640,NA,NA,NA,NA,NA,NA,NA,NA,NA,NA,NA,NA,NA,NA,NA,NA,NA,NA,NA
rs4932143,rs4932144,1,1,T,C,15,90372102,T,C,0.2719,0.0277,0.0651,0.6706,3.038014010861999e-4,4914,G,C,G,C
rs6878122,rs7708285,0.94,0.98,G,A,5,76425867,A,G,0.699,-0.1019,0.0638,0.1106,0.004369402320780001,4914,G,A,A,G
rs72892910,rs62405437,0.98,1,T,C,6,50813729,T,C,0.8156,-0.0811,0.0738,0.272,0.0019783805691488,4914,G,T,G,T
rs7909016,rs2094405,0.98,1,C,T,10,114715689,T,C,0.2664,0.0085,0.0654,0.8966,2.8239785280000008e-5,4914,A,G,G,A
rs7932966,rs6483215,1,1,A,G,11,92792115,A,G,0.2197,-0.0401,0.0697,0.5649,5.513284511981999e-4,4914,A,T,A,T
rs963740,rs9316500,1,1,T,G,13,51094114,T,G,0.6995,0.0991,0.0632,0.1169,0.004128663613595,4914,A,T,A,T
rs9844972,NA,NA,NA,NA,NA,NA,NA,NA,NA,NA,NA,NA,NA,NA,NA,NA,NA,NA,NA
