id.exposure,id.outcome,outcome,exposure,method,nsnp,b,se,pval
9xO6Fx,3oID6K,hipv2015,sleep,Inverse variance weighted (fixed effects),27,65.59002801098805,43.48072258551955,0.13143038287820716
9xO6Fx,3oID6K,hipv2015,sleep,Weighted median,27,83.01778794911422,63.690942970038556,0.19242209552956208
9xO6Fx,3oID6K,hipv2015,sleep,Weighted mode,27,89.79635176774877,112.6104217633233,0.43243712421123837
9xO6Fx,3oID6K,hipv2015,sleep,MR Egger,27,100.15281676504448,154.2506780027925,0.522074522997263
