query_snp_rsid,rsID,ld.r2,Dprime,ref.proxy,alt.proxy,CHR,POS,Effect_allele.proxy,Non_Effect_allele.proxy,EAF,Beta,SE,P,r2,N,ref,alt,Effect_allele,Non_Effect_allele
rs1542919,rs11642014,0.99,1,C,A,16,19845423,A,C,0.2105,-0.01034,0.002977,5.158e-4,3.55365536702e-5,111973,C,G,G,C
rs34215985,rs13146152,0.88,0.99,G,A,4,42044113,G,A,0.2025,0.001485,0.002978,0.6181,7.122601096875001e-7,111900,C,G,C,G
rs4143229,rs456012,0.83,0.98,A,G,13,44251815,A,G,0.05112,-0.002585,0.00298,0.3857,6.4826597623392e-7,111745,C,A,C,A
rs4242470,rs16916763,0.84,1,A,T,8,52648842,A,T,0.2602,0.003249,0.00299,0.2772,4.063975092511921e-6,111057,G,T,G,T
rs8063603,NA,NA,NA,NA,NA,NA,NA,NA,NA,NA,NA,NA,NA,NA,NA,NA,NA,NA,NA
