id.exposure,id.outcome,outcome,exposure,method,nsnp,b,se,pval
mojL5w,jNs4ES,ab42,sociso,Inverse variance weighted (fixed effects),97,0.06241602382930678,0.03958148257419103,0.11481862982626195
mojL5w,jNs4ES,ab42,sociso,Weighted median,97,0.03024999545002459,0.06027301495101349,0.6157498955182291
mojL5w,jNs4ES,ab42,sociso,Weighted mode,97,-0.13699735872483676,0.15780914492386444,0.38749334864497875
mojL5w,jNs4ES,ab42,sociso,MR Egger,97,0.03728275690632408,0.19321790409047304,0.8474045253296243
