id.exposure,id.outcome,outcome,exposure,method,nsnp,b,se,pval
vkGBxb,VvUUoz,ab42,sociso,Inverse variance weighted (fixed effects),18,0.06631509113067825,0.07604791460441057,0.38319898309959805
vkGBxb,VvUUoz,ab42,sociso,Weighted median,18,0.0855829669239404,0.11208051082490349,0.44511475015982055
vkGBxb,VvUUoz,ab42,sociso,Weighted mode,18,0.056726556694927543,0.22350972040104897,0.8026949136183026
vkGBxb,VvUUoz,ab42,sociso,MR Egger,18,1.1816271299957921,0.49833031709232684,0.030624008086725905
