id.exposure,id.outcome,outcome,exposure,method,nsnp,b,se,pval
oLtD8u,rL9mVU,ab42,sociso,Inverse variance weighted (fixed effects),19,0.01914817456978674,0.07436369945804036,0.7967977771816276
oLtD8u,rL9mVU,ab42,sociso,Weighted median,19,0.07053234072417505,0.11311975058723743,0.5329433639752508
oLtD8u,rL9mVU,ab42,sociso,Weighted mode,19,0.01046785515321269,0.21570280653516644,0.9618290213514724
oLtD8u,rL9mVU,ab42,sociso,MR Egger,19,1.3583953482472961,0.5529779234040739,0.025078615779252907
