id.exposure,id.outcome,outcome,exposure,method,nsnp,b,se,pval
WEGFFe,NEa8jJ,npany,sbp,Inverse variance weighted (fixed effects),1428,-0.006453168883152561,0.008651714831229337,0.45573796487492363
WEGFFe,NEa8jJ,npany,sbp,Weighted median,1428,3.524815208027548e-5,0.013656305108508413,0.9979405904531887
WEGFFe,NEa8jJ,npany,sbp,Weighted mode,1428,0.02022186512581392,0.03928971216596273,0.6068521570490988
WEGFFe,NEa8jJ,npany,sbp,MR Egger,1428,0.007904922209964119,0.0238141323539827,0.7399814720605102
