id.exposure,id.outcome,outcome,exposure,method,nsnp,b,se,pval
CMnMrK,bHFeyK,hipv2015,audit,Inverse variance weighted (fixed effects),56,-162.68486509950256,95.749561442372,0.0893066685613357
CMnMrK,bHFeyK,hipv2015,audit,Weighted median,56,-220.52242979592538,144.29618069819057,0.12644739730275212
CMnMrK,bHFeyK,hipv2015,audit,Weighted mode,56,-364.38447543318034,208.78557934882352,0.086525104805626335
CMnMrK,bHFeyK,hipv2015,audit,MR Egger,56,-414.1021072135159,211.40046390257177,0.055302628782470144
