id.exposure,id.outcome,outcome,exposure,method,nsnp,b,se,pval
NVPwly,SCH8jm,hipv2015,audit,Inverse variance weighted (fixed effects),9,-274.2975156126217,162.6667649051838,0.09174684835393569
NVPwly,SCH8jm,hipv2015,audit,Weighted median,9,-460.2961179238168,205.47423881733775,0.02508023831793611
NVPwly,SCH8jm,hipv2015,audit,Weighted mode,9,-490.6015527811312,232.5736313113531,0.06793182386815687
NVPwly,SCH8jm,hipv2015,audit,MR Egger,9,-501.5205989657491,344.8829519958977,0.18921914134381188
