id.exposure,id.outcome,outcome,exposure,method,nsnp,b,se,pval
6ScLao,ejMPyG,hipv2015,audit,Inverse variance weighted (fixed effects),10,-234.9596997965679,158.30197438007872,0.1377426190839761
6ScLao,ejMPyG,hipv2015,audit,Weighted median,10,-445.4149306203774,206.17410699546417,0.03074307183495586
6ScLao,ejMPyG,hipv2015,audit,Weighted mode,10,-473.956652946227,240.9035589670973,0.08067719315236666
6ScLao,ejMPyG,hipv2015,audit,MR Egger,10,-523.3990975330042,322.48315606031605,0.14323974416099047
