id.exposure,id.outcome,outcome,exposure,method,nsnp,b,se,pval
RnIFV4,FtcdWI,hipv2015,audit,Inverse variance weighted (fixed effects),9,-274.2975156126217,162.6667649051838,0.09174684835393569
RnIFV4,FtcdWI,hipv2015,audit,Weighted median,9,-460.2961179238168,205.47423881733775,0.02508023831793611
RnIFV4,FtcdWI,hipv2015,audit,Weighted mode,9,-490.6015527811312,232.5736313113531,0.06793182386815687
RnIFV4,FtcdWI,hipv2015,audit,MR Egger,9,-501.52059896574934,344.88295199589766,0.18921914134381154
