id.exposure,id.outcome,outcome,exposure,method,nsnp,b,se,pval
CMnMrK,bHFeyK,hipv2015,audit,Inverse variance weighted (fixed effects),56,-162.68486509950256,95.749561442372,0.0893066685613357
CMnMrK,bHFeyK,hipv2015,audit,Weighted median,56,-220.52242979592538,142.00245654398768,0.12043555992261727
CMnMrK,bHFeyK,hipv2015,audit,Weighted mode,56,-364.38447543318034,207.04730324296065,0.08398376631933535
CMnMrK,bHFeyK,hipv2015,audit,MR Egger,56,-414.1021072135159,211.40046390257177,0.055302628782470144
