id.exposure,id.outcome,outcome,exposure,method,nsnp,b,se,pval
VqE0ke,urMCeU,load,diab,Inverse variance weighted (fixed effects),421,0.027008130981355367,0.016146734058615213,0.09439260362302748
VqE0ke,urMCeU,load,diab,Weighted median,421,-0.00524156217569212,0.03344588034288404,0.8754673195782448
VqE0ke,urMCeU,load,diab,Weighted mode,421,0.006116139341524107,0.043306339143372445,0.8877562323259263
VqE0ke,urMCeU,load,diab,MR Egger,421,0.0665232232986378,0.04990510494449187,0.18325799175828159
