id.exposure,id.outcome,outcome,exposure,method,nsnp,b,se,pval
yYVEG0,jumKkF,load,diab,Inverse variance weighted (fixed effects),423,0.02189968758936281,0.016110235473123853,0.17403100834561966
yYVEG0,jumKkF,load,diab,Weighted median,423,-0.005504685750493304,0.03437058473447752,0.8727574925227521
yYVEG0,jumKkF,load,diab,Weighted mode,423,0.005869125198282976,0.043946038995635206,0.8938197185819079
yYVEG0,jumKkF,load,diab,MR Egger,423,0.06369741778495482,0.050671627212634456,0.20942783597964787
