id.exposure,id.outcome,outcome,exposure,method,nsnp,b,se,pval
AfS8EM,1hjGmT,load,diab,Inverse variance weighted (fixed effects),408,0.03416255820052917,0.01635558104743992,0.036731123909758974
AfS8EM,1hjGmT,load,diab,Weighted median,408,-0.005371729357584263,0.03356919010028048,0.8728656114778706
AfS8EM,1hjGmT,load,diab,Weighted mode,408,0.003951884845105891,0.04462522065895394,0.929477376987264
AfS8EM,1hjGmT,load,diab,MR Egger,408,0.07090486285378099,0.04928002216302248,0.15097323666390428
