id.exposure,id.outcome,outcome,exposure,method,nsnp,b,se,pval
rI3p4Y,sAMgG4,load,diab,Inverse variance weighted (fixed effects),408,0.03477449460857004,0.016362606679835138,0.033566447236319207
rI3p4Y,sAMgG4,load,diab,Weighted median,408,-0.005319903758411877,0.03339943029739247,0.873447274772066
rI3p4Y,sAMgG4,load,diab,Weighted mode,408,0.006553843158446426,0.045064623337979254,0.8844417115926108
rI3p4Y,sAMgG4,load,diab,MR Egger,408,0.0741782554672872,0.04928647988304421,0.13309064842544593
