id.exposure,id.outcome,outcome,exposure,method,nsnp,b,se,pval
zJWrWO,0EZYKF,load,diab,Inverse variance weighted (fixed effects),181,0.0047079084442377605,0.020074911804875636,0.8145836234115402
zJWrWO,0EZYKF,load,diab,Weighted median,181,-0.017554988056894354,0.04119685346516635,0.670017137879588
zJWrWO,0EZYKF,load,diab,Weighted mode,181,-0.00791255909825117,0.04934588322810191,0.8727860314851565
zJWrWO,0EZYKF,load,diab,MR Egger,181,0.058023207826523225,0.06107962257218549,0.3434133379941592
