id.exposure,id.outcome,outcome,exposure,method,nsnp,b,se,pval
VqE0ke,urMCeU,load,diab,Inverse variance weighted (fixed effects),422,0.023757658500094044,0.01612759815994463,0.14072250790725396
VqE0ke,urMCeU,load,diab,Weighted median,422,-0.005361817992652942,0.03346062590334395,0.8726899659300622
VqE0ke,urMCeU,load,diab,Weighted mode,422,0.005973268612974092,0.04453043214835086,0.8933567437202803
VqE0ke,urMCeU,load,diab,MR Egger,422,0.06701033898947967,0.05051347519176347,0.18536736029567774
