id.exposure,id.outcome,outcome,exposure,method,nsnp,b,se,pval
yYVEG0,jumKkF,load,diab,Inverse variance weighted (fixed effects),421,0.02898895691449375,0.01615860395486294,0.07280900621820274
yYVEG0,jumKkF,load,diab,Weighted median,421,-0.005160702777610204,0.03444545777048943,0.8809046989548747
yYVEG0,jumKkF,load,diab,Weighted mode,421,0.006116139341524107,0.05134434233074387,0.9052372198317067
yYVEG0,jumKkF,load,diab,MR Egger,421,0.06983207878342342,0.04953873690560577,0.1593860564479774
