id.exposure,id.outcome,outcome,exposure,method,nsnp,b,se,pval
AfS8EM,1hjGmT,load,diab,Inverse variance weighted (fixed effects),409,0.03141784871227493,0.016342693918616334,0.05455041484683919
AfS8EM,1hjGmT,load,diab,Weighted median,409,-0.005440159575372696,0.03544053362388781,0.8780031522942434
AfS8EM,1hjGmT,load,diab,Weighted mode,409,0.006611796805491288,0.04594332223671298,0.8856409891160587
AfS8EM,1hjGmT,load,diab,MR Egger,409,0.07465407876469986,0.04993380600105651,0.13567348964870257
