id.exposure,id.outcome,outcome,exposure,method,nsnp,b,se,pval
zJWrWO,0EZYKF,load,diab,Inverse variance weighted (fixed effects),180,0.00968064345189959,0.02011185426515543,0.6302747481364939
zJWrWO,0EZYKF,load,diab,Weighted median,180,-0.0175520286247388,0.03956558486344922,0.6573183693227423
zJWrWO,0EZYKF,load,diab,Weighted mode,180,-0.009434968900731588,0.044937337806557,0.8339389724077797
zJWrWO,0EZYKF,load,diab,MR Egger,180,0.051578760592522525,0.05953609144353036,0.38746757715967317
