id.exposure,id.outcome,outcome,exposure,method,nsnp,b,se,pval
ZJvhuN,H1iXFg,load,diab,Inverse variance weighted (fixed effects),181,0.0077214806109536,0.020097737041952182,0.7008327981598719
ZJvhuN,H1iXFg,load,diab,Weighted median,181,-0.017552998149804537,0.040869192141245576,0.6675650885360782
ZJvhuN,H1iXFg,load,diab,Weighted mode,181,-0.00791255909825117,0.04958773673313238,0.8734012005567648
ZJvhuN,H1iXFg,load,diab,MR Egger,181,0.05999442942941212,0.06010759410863078,0.31956984354331613
