id.exposure,id.outcome,outcome,exposure,method,nsnp,b,se,pval
ZJvhuN,H1iXFg,load,diab,Inverse variance weighted (fixed effects),182,0.0018959826818631918,0.020041455050120158,0.9246301308131778
ZJvhuN,H1iXFg,load,diab,Weighted median,182,-0.01755850395697495,0.042322309132072536,0.6782327900234075
ZJvhuN,H1iXFg,load,diab,Weighted mode,182,-0.007695213506085041,0.044691893882084825,0.8634855189490696
ZJvhuN,H1iXFg,load,diab,MR Egger,182,0.05587560663514416,0.061519453207782314,0.36495573707551776
