id.exposure,id.outcome,outcome,exposure,method,nsnp,b,se,pval
oeaYmr,f9QFui,load,diab,Inverse variance weighted (fixed effects),174,0.011445654031449523,0.02035346555013031,0.5738815047320334
oeaYmr,f9QFui,load,diab,Weighted median,174,-0.01756155996960882,0.040522467300576494,0.6647399271522132
oeaYmr,f9QFui,load,diab,Weighted mode,174,-0.007785753725484623,0.049164893212898006,0.8743578125008884
oeaYmr,f9QFui,load,diab,MR Egger,174,0.060387862304623445,0.0598460844228187,0.3143666930844694
