id.exposure,id.outcome,outcome,exposure,method,nsnp,b,se,pval
LbCF0B,g4ZOMU,ab42,alcc,Inverse variance weighted (fixed effects),8,-0.0429103895878125,0.07812171088770693,0.5828159785436848
LbCF0B,g4ZOMU,ab42,alcc,Weighted median,8,-0.03204883755471266,0.10059410269007225,0.7500331975549447
LbCF0B,g4ZOMU,ab42,alcc,Weighted mode,8,-0.015096904082268603,0.12823132847865462,0.9095871576352184
LbCF0B,g4ZOMU,ab42,alcc,MR Egger,8,-0.1894518413341092,0.44903104678267314,0.6877881330516784
