id.exposure,id.outcome,outcome,exposure,egger_intercept,se,pval
0l7ovQ,i6Zxk8,ab42,alcc,0.003405169443596419,0.01018171877291078,0.7494289497456478
