id.exposure,id.outcome,outcome,exposure,method,nsnp,b,se,pval
dnOx3W,OySGY0,ab42,alcc,Inverse variance weighted (fixed effects),7,-0.1000419012861865,0.09068019243356883,0.26992350170738183
dnOx3W,OySGY0,ab42,alcc,Weighted median,7,-0.10749136422681055,0.11931771396934465,0.3676502451473997
dnOx3W,OySGY0,ab42,alcc,Weighted mode,7,-0.1293026784174609,0.12748434389531071,0.3495975708416193
dnOx3W,OySGY0,ab42,alcc,MR Egger,7,-0.4652890985722917,0.48407355214762005,0.38059894820144186
