id.exposure,id.outcome,outcome,exposure,method,nsnp,b,se,pval
pqyVCc,cZsHSo,ab42,alcc,Inverse variance weighted (fixed effects),7,-0.1000419012861865,0.09068019243356883,0.26992350170738183
pqyVCc,cZsHSo,ab42,alcc,Weighted median,7,-0.10749136422681055,0.12269005470462757,0.38096412107109756
pqyVCc,cZsHSo,ab42,alcc,Weighted mode,7,-0.1293026784174609,0.13105439867414245,0.3619228002391335
pqyVCc,cZsHSo,ab42,alcc,MR Egger,7,-0.4652890985722917,0.48407355214762005,0.38059894820144186
