id.exposure,id.outcome,outcome,exposure,method,nsnp,b,se,pval
wHWqBA,0Xvquw,ab42,alcc,Inverse variance weighted (fixed effects),31,-0.11815884781326619,0.054827942232289484,0.031155223353575397
wHWqBA,0Xvquw,ab42,alcc,Weighted median,31,-0.15061130189228616,0.08442060836627242,0.07441416372914786
wHWqBA,0Xvquw,ab42,alcc,Weighted mode,31,-0.20655601820683267,0.11376481371847769,0.07943330128459271
wHWqBA,0Xvquw,ab42,alcc,MR Egger,31,-0.18642254449634996,0.25489772838922764,0.47042680545139026
