id.exposure,id.outcome,outcome,exposure,method,nsnp,b,se,pval
z6h9gb,Fmxn7Y,ab42,alcc,Inverse variance weighted (fixed effects),31,-0.11815884781326619,0.054827942232289484,0.031155223353575397
z6h9gb,Fmxn7Y,ab42,alcc,Weighted median,31,-0.15061130189228616,0.08476040702690635,0.07558365640295114
z6h9gb,Fmxn7Y,ab42,alcc,Weighted mode,31,-0.20655601820683267,0.12234862204623083,0.10173234227026917
z6h9gb,Fmxn7Y,ab42,alcc,MR Egger,31,-0.18642254449634996,0.25489772838922764,0.47042680545139026
