id.exposure,id.outcome,outcome,exposure,egger_intercept,se,pval
z6h9gb,Fmxn7Y,ab42,alcc,0.0011399720782640436,0.004157035814771742,0.7858540419478153
