id.exposure,id.outcome,outcome,exposure,method,nsnp,b,se,pval
cDovPM,qgcIah,ab42,alcc,Inverse variance weighted (fixed effects),37,-0.10107088996134933,0.04909841596564504,0.03953864443341819
cDovPM,qgcIah,ab42,alcc,Weighted median,37,-0.08204646148881864,0.07469913468371625,0.2720477895759765
cDovPM,qgcIah,ab42,alcc,Weighted mode,37,-0.15074412088781286,0.10573490038243578,0.1625746636323953
cDovPM,qgcIah,ab42,alcc,MR Egger,37,0.020228919187395725,0.20850555580014518,0.923265059145245
