id.exposure,id.outcome,outcome,exposure,method,nsnp,b,se,pval
LbCF0B,g4ZOMU,ab42,alcc,Inverse variance weighted (fixed effects),8,-0.0429103895878125,0.07812171088770693,0.5828159785436848
LbCF0B,g4ZOMU,ab42,alcc,Weighted median,8,-0.03204883755471266,0.1047295329964526,0.7595930103777212
LbCF0B,g4ZOMU,ab42,alcc,Weighted mode,8,-0.015096904082268603,0.11873159909067542,0.9023959569269939
LbCF0B,g4ZOMU,ab42,alcc,MR Egger,8,-0.1894518413341092,0.44903104678267314,0.6877881330516784
