query_snp_rsid,rsID,ld.r2,Dprime,ref.proxy,alt.proxy,CHR,POS,Effect_allele.proxy,Non_Effect_allele.proxy,EAF,Beta,SE,P,r2,N,ref,alt,Effect_allele,Non_Effect_allele
rs114591768,NA,NA,NA,NA,NA,NA,NA,NA,NA,NA,NA,NA,NA,NA,NA,NA,NA,NA,NA
rs11587860,rs6427304,0.98,0.99,A,G,1,156156789,A,G,0.6301,0.0075,0.0609,0.9016,2.6220823875e-5,4914,G,C,G,C
rs143268049,NA,NA,NA,NA,NA,NA,NA,NA,NA,NA,NA,NA,NA,NA,NA,NA,NA,NA,NA
rs147861947,NA,NA,NA,NA,NA,NA,NA,NA,NA,NA,NA,NA,NA,NA,NA,NA,NA,NA,NA
rs2634074,rs2466455,0.92,0.97,C,T,4,111685615,T,C,0.7991,-0.1122,0.073,0.1242,0.0040420043532791985,4914,T,A,A,T
rs4151702,rs3176326,0.97,0.99,G,A,6,36647289,A,G,0.1922,0.063,0.0795,0.4281,0.00123244721208,4914,G,C,C,G
rs4556502,rs117876107,1,1,G,A,11,15733760,A,G,0.0372,-0.0419,0.1735,0.8091,1.2575841731519999e-4,4914,T,A,A,T
rs72699046,rs10776752,0.88,0.98,G,T,1,113044328,T,G,0.0691,0.2033,0.1144,0.07547,0.0053172347042382,4914,G,C,C,G
rs72889922,NA,NA,NA,NA,NA,NA,NA,NA,NA,NA,NA,NA,NA,NA,NA,NA,NA,NA,NA
rs7435890,rs7681952,0.98,1,G,A,4,113647017,A,G,0.7052,0.0313,0.0632,0.6201,4.073413079648e-4,4914,A,G,G,A
rs9386182,rs9390462,0.8,0.99,A,G,6,147701221,A,G,0.4269,-0.0419,0.0572,0.4637,8.590424096957998e-4,4914,A,T,A,T
