id.exposure,id.outcome,outcome,exposure,method,nsnp,b,se,pval
uic7SF,M2xcR6,alcd,ptau,Inverse variance weighted (fixed effects),16,0.0029293429588334065,0.1975187324083931,0.9881672395635552
uic7SF,M2xcR6,alcd,ptau,Weighted median,16,-0.16677309767777732,0.2716830281512489,0.539313307889085
uic7SF,M2xcR6,alcd,ptau,Weighted mode,16,-0.2542245377511847,0.43243854804365733,0.5653552542007425
uic7SF,M2xcR6,alcd,ptau,MR Egger,16,0.20453765006849065,0.5570182374368463,0.7189602266499042
