id.exposure,id.outcome,outcome,exposure,method,nsnp,b,se,pval
WsGkMh,9UifnI,hipv,tc,Inverse variance weighted (fixed effects),234,-0.04940071841011788,0.015268992924801043,0.0012148862637384017
WsGkMh,9UifnI,hipv,tc,Weighted median,234,-0.05873398575122714,0.027336499343251257,0.03166965318836175
WsGkMh,9UifnI,hipv,tc,Weighted mode,234,-0.06561457389332759,0.03001175393819991,0.02978954877587865
WsGkMh,9UifnI,hipv,tc,MR Egger,234,-0.05398778575938268,0.03121102590598943,0.08500199020645535
