id.exposure,id.outcome,outcome,exposure,method,nsnp,b,se,pval
0CI6RP,uTjtZp,hipv,tc,Inverse variance weighted (fixed effects),366,-0.055175636590475294,0.013993991891647128,8.053280440503387e-5
0CI6RP,uTjtZp,hipv,tc,Weighted median,366,-0.05995720834712261,0.0267599372358133,0.025054678913460325
0CI6RP,uTjtZp,hipv,tc,Weighted mode,366,-0.05961990250785454,0.03363095805794717,0.07710105430034735
0CI6RP,uTjtZp,hipv,tc,MR Egger,366,-0.07622075357586588,0.028627066349256772,0.008099430100882491
