id.exposure,id.outcome,outcome,exposure,method,nsnp,b,se,pval
VoaIHf,FOYwDs,hipv,tc,Inverse variance weighted (fixed effects),236,-0.061380548473194095,0.015030986640216189,4.43431888003184e-5
VoaIHf,FOYwDs,hipv,tc,Weighted median,236,-0.06043945014086933,0.02766234985099942,0.028896227373509418
VoaIHf,FOYwDs,hipv,tc,Weighted mode,236,-0.0653740990042444,0.03291908006644191,0.04820620904361275
VoaIHf,FOYwDs,hipv,tc,MR Egger,236,-0.07544116740193335,0.03170474835926094,0.018139299200353835
