id.exposure,id.outcome,outcome,exposure,method,nsnp,b,se,pval
sXqmjl,1LvqYE,hipv,tc,Inverse variance weighted (fixed effects),235,-0.055087270167794675,0.015041356881749797,2.4987596976448143e-4
sXqmjl,1LvqYE,hipv,tc,Weighted median,235,-0.06018544279448007,0.027542885338301702,0.02887756571983713
sXqmjl,1LvqYE,hipv,tc,Weighted mode,235,-0.06573985630428525,0.03097346843099928,0.034850159444361165
sXqmjl,1LvqYE,hipv,tc,MR Egger,235,-0.07983016924038551,0.030721040529634747,0.009958897203353384
