id.exposure,id.outcome,outcome,exposure,method,nsnp,b,se,pval
o6Qvjk,FHyw8w,hipv,tc,Inverse variance weighted (fixed effects),366,-0.051793724935428394,0.013989497587805285,2.1362920328456538e-4
o6Qvjk,FHyw8w,hipv,tc,Weighted median,366,-0.059888834319253695,0.027103534713534553,0.027130721020627475
o6Qvjk,FHyw8w,hipv,tc,Weighted mode,366,-0.059588319518356414,0.03218505416120694,0.06491547640423054
o6Qvjk,FHyw8w,hipv,tc,MR Egger,366,-0.07617393015187134,0.028376499881653208,0.007598104385125989
