id.exposure,id.outcome,outcome,exposure,egger_intercept,se,pval
o6Qvjk,FHyw8w,hipv,tc,0.0010407127137730511,0.0011759810476444598,0.3767532328848122
