id.exposure,id.outcome,outcome,exposure,egger_intercept,se,pval
DwjEs2,uZDvO9,hipv,tc,0.0010279207366323956,0.001169620315124732,0.38006242190915074
