id.exposure,id.outcome,outcome,exposure,method,nsnp,b,se,pval
r7A7JE,hCs9Mj,hipv,sociso,Inverse variance weighted (fixed effects),128,-0.0014922042390596911,0.07422987997192858,0.9839616265043117
r7A7JE,hCs9Mj,hipv,sociso,Weighted median,128,0.01486133736519515,0.11131529627308401,0.8937926694227131
r7A7JE,hCs9Mj,hipv,sociso,Weighted mode,128,-0.15222765917123837,0.2814176811886167,0.589502399486258
r7A7JE,hCs9Mj,hipv,sociso,MR Egger,128,0.11080556347593531,0.317066527271761,0.7273191195907056
