id.exposure,id.outcome,outcome,exposure,method,nsnp,b,se,pval
qyiKqb,PlC3Qw,hipv,sociso,Inverse variance weighted (fixed effects),128,-0.0014922042390596911,0.07422987997192858,0.9839616265043117
qyiKqb,PlC3Qw,hipv,sociso,Weighted median,128,0.01486133736519515,0.11059237466918585,0.8931025673492841
qyiKqb,PlC3Qw,hipv,sociso,Weighted mode,128,-0.15222765917123837,0.28783493454053893,0.5978177836485736
qyiKqb,PlC3Qw,hipv,sociso,MR Egger,128,0.11080556347593531,0.317066527271761,0.7273191195907056
