id.exposure,id.outcome,outcome,exposure,method,nsnp,b,se,pval
Lwo2RK,jwoZRs,hipv,sociso,Inverse variance weighted (fixed effects),25,-0.07389826081618098,0.1434578974175237,0.6064680537657008
Lwo2RK,jwoZRs,hipv,sociso,Weighted median,25,-0.1151350390429546,0.20196471125850285,0.568626809470069
Lwo2RK,jwoZRs,hipv,sociso,Weighted mode,25,-0.17544540990831026,0.37361765307157113,0.6428897185910507
Lwo2RK,jwoZRs,hipv,sociso,MR Egger,25,0.7022156760854517,0.7646466234468234,0.367964862820658
