id.exposure,id.outcome,outcome,exposure,method,nsnp,b,se,pval
HEAquq,uWWSEL,hipv,sociso,Inverse variance weighted (fixed effects),25,-0.07389826081618098,0.1434578974175237,0.6064680537657008
HEAquq,uWWSEL,hipv,sociso,Weighted median,25,-0.1151350390429546,0.20228276575293971,0.5692348827593459
HEAquq,uWWSEL,hipv,sociso,Weighted mode,25,-0.17544540990831026,0.3684718373181284,0.638278261245175
HEAquq,uWWSEL,hipv,sociso,MR Egger,25,0.7022156760854517,0.7646466234468234,0.367964862820658
