query_snp_rsid,rsID,ld.r2,Dprime,ref.proxy,alt.proxy,CHR,POS,Effect_allele.proxy,Non_Effect_allele.proxy,EAF,Beta,SE,P,r2,N,ref,alt,Effect_allele,Non_Effect_allele
rs10814041,rs11523735,1,1,G,A,9,33743488,A,G,0.2777,0.013,0.0989,0.8957,6.779695598e-5,4914,G,C,C,G
rs10830963,NA,NA,NA,NA,NA,NA,NA,NA,NA,NA,NA,NA,NA,NA,NA,NA,NA,NA,NA
rs11591741,rs11596950,0.99,1,C,T,10,101996360,T,C,0.4248,-0.204,0.0902,0.02373,0.020337319710719993,4914,G,C,C,G
rs13234269,rs34072724,1,1,G,A,7,130432469,A,G,0.4966,0.0901,0.0892,0.3126,0.0040588173116088005,4914,T,A,A,T
rs17411031,rs17411045,0.99,1,T,C,8,19852362,T,C,0.7348,-0.0556,0.0969,0.5661,0.0012048202163712,4914,C,G,C,G
rs1758632,rs1785509,1,1,G,A,9,34028285,A,G,0.6231,0.0624,0.0917,0.4965,0.0018288709590527999,4914,C,G,G,C
rs2466321,rs2464582,1,1,C,A,8,118214520,A,C,0.8603,-7e-4,0.1289,0.9957,1.1778023180000003e-7,4914,C,G,G,C
rs2842356,rs2842359,0.86,0.98,A,G,6,7265235,A,G,0.6144,0.088,0.0931,0.3444,0.00366930296832,4914,C,G,C,G
rs2915640,NA,NA,NA,NA,NA,NA,NA,NA,NA,NA,NA,NA,NA,NA,NA,NA,NA,NA,NA
rs4932143,rs4932144,1,1,T,C,15,90372102,T,C,0.2653,0.1153,0.0978,0.2388,0.0051824592999438,4914,G,C,G,C
rs6878122,rs7708285,0.94,0.98,G,A,5,76425867,A,G,0.692,0.0028,0.0986,0.9772,3.34197248e-6,4914,G,A,A,G
rs72892910,rs62405437,0.98,1,T,C,6,50813729,T,C,0.8135,-0.0488,0.1122,0.6635,7.226134371200001e-4,4914,G,T,G,T
rs7909016,rs2094405,0.98,1,C,T,10,114715689,T,C,0.272,-0.0832,0.1058,0.4317,0.00274142855168,4914,A,G,G,A
rs7932966,rs6483215,1,1,A,G,11,92792115,A,G,0.2255,0.0515,0.103,0.617,9.264295988749998e-4,4914,A,T,A,T
rs963740,rs9316500,1,1,T,G,13,51094114,T,G,0.7008,0.1115,0.0972,0.2514,0.00521357244672,4914,A,T,A,T
rs9844972,NA,NA,NA,NA,NA,NA,NA,NA,NA,NA,NA,NA,NA,NA,NA,NA,NA,NA,NA
