id.exposure,id.outcome,outcome,exposure,method,nsnp,b,se,pval
PAcAdI,FJNwsm,hipv2015,cpd,Inverse variance weighted (fixed effects),13,-18.885360465264394,37.23732220363889,0.61204104872648
PAcAdI,FJNwsm,hipv2015,cpd,Weighted median,13,-16.42807754724619,49.22211997050028,0.738565226388533
PAcAdI,FJNwsm,hipv2015,cpd,Weighted mode,13,-10.263124575151608,48.981009657528176,0.8375474796013915
PAcAdI,FJNwsm,hipv2015,cpd,MR Egger,13,-58.78294856707201,89.26162213130169,0.5237315526682935
