id.exposure,id.outcome,outcome,exposure,method,nsnp,b,se,pval
gd26T8,olg9WO,hipv2015,cpd,Inverse variance weighted (fixed effects),13,-18.885360465264394,37.23732220363889,0.61204104872648
gd26T8,olg9WO,hipv2015,cpd,Weighted median,13,-16.42807754724619,49.47546763110846,0.7398553423109121
gd26T8,olg9WO,hipv2015,cpd,Weighted mode,13,-10.263124575151608,50.0804465006941,0.8410596182344445
gd26T8,olg9WO,hipv2015,cpd,MR Egger,13,-58.78294856707201,89.26162213130169,0.5237315526682935
