id.exposure,id.outcome,outcome,exposure,egger_intercept,se,pval
gd26T8,olg9WO,hipv2015,cpd,2.3135771767327524,4.682969019265382,0.6309944814349694
