id.exposure,id.outcome,outcome,exposure,method,nsnp,b,se,pval
LGJMfO,mDVwVU,hipv2015,cpd,Inverse variance weighted (fixed effects),40,-35.07913743966774,28.61232193562255,0.2201930098213768
LGJMfO,mDVwVU,hipv2015,cpd,Weighted median,40,-29.848956425954523,45.69927137890217,0.513652847756479
LGJMfO,mDVwVU,hipv2015,cpd,Weighted mode,40,-32.70471540044787,52.369395985211774,0.5359354927551948
LGJMfO,mDVwVU,hipv2015,cpd,MR Egger,40,18.33568350397972,61.95102607259972,0.7688639728412481
