id.exposure,id.outcome,outcome,exposure,method,nsnp,b,se,pval
LGJMfO,mDVwVU,hipv2015,cpd,Inverse variance weighted (fixed effects),40,-35.07913743966774,28.61232193562255,0.2201930098213768
LGJMfO,mDVwVU,hipv2015,cpd,Weighted median,40,-29.848956425954523,46.35532981556388,0.5196296558391691
LGJMfO,mDVwVU,hipv2015,cpd,Weighted mode,40,-32.70471540044787,50.43768585784421,0.5205143052008541
LGJMfO,mDVwVU,hipv2015,cpd,MR Egger,40,18.33568350397972,61.95102607259972,0.7688639728412481
