id.exposure,id.outcome,outcome,exposure,method,nsnp,b,se,pval
CNGMdl,c9Ouss,hipv2015,cpd,Inverse variance weighted (fixed effects),37,-22.71741564823015,29.482456199539698,0.44097955955660545
CNGMdl,c9Ouss,hipv2015,cpd,Weighted median,37,-25.811355008725936,47.55095413140568,0.58725741838705
CNGMdl,c9Ouss,hipv2015,cpd,Weighted mode,37,-32.68489345240448,50.5786590309505,0.5222360445256248
CNGMdl,c9Ouss,hipv2015,cpd,MR Egger,37,15.703960565154224,61.25749016843274,0.7991738860216153
