id.exposure,id.outcome,outcome,exposure,method,nsnp,b,se,pval
9JyH5b,DcP9FN,hipv2015,cpd,Inverse variance weighted (fixed effects),15,-39.26880263583877,35.92510270952256,0.2743612259868377
9JyH5b,DcP9FN,hipv2015,cpd,Weighted median,15,-20.685841140940695,50.904024101735814,0.6844711506812096
9JyH5b,DcP9FN,hipv2015,cpd,Weighted mode,15,-22.731570988292788,49.97140200580434,0.6561612346673313
9JyH5b,DcP9FN,hipv2015,cpd,MR Egger,15,9.110299800875,89.78463234808834,0.9207269981140257
