query_snp_rsid,rsID,ld.r2,Dprime,ref.proxy,alt.proxy,CHR,POS,Effect_allele.proxy,Non_Effect_allele.proxy,EAF,Beta,SE,P,r2,N,ref,alt,Effect_allele,Non_Effect_allele
rs10127497,rs10127994,1,1,T,C,1,67050005,T,C,0.8649,-0.1993,0.1241,0.1083,0.009282518836630201,4914,A,T,A,T
rs1233393,rs1233385,1,1,T,C,6,29559238,T,C,0.8924,-0.1768,0.2109,0.4019,0.006002972446515203,4914,C,G,C,G
rs17476793,rs17195054,0.92,0.96,G,A,6,30384604,A,G,0.0771,-0.106,0.1754,0.5455,0.00159900841848,4914,G,C,C,G
rs28541419,rs8035777,0.91,1,A,G,15,88943807,A,G,0.7549,0.1818,0.1117,0.1037,0.0122306768034552,4914,C,G,C,G
rs483143,rs200953,1,1,T,C,6,27837267,T,C,0.8909,-0.2443,0.1823,0.1804,0.011601940640406197,4914,G,C,G,C
rs6699744,rs6661921,0.98,1,G,A,1,72824855,A,G,0.6355,0.0499,0.0928,0.5906,0.001153570587795,4914,A,T,T,A
rs9257681,rs3130834,0.81,0.92,T,C,6,29248149,T,C,0.8998,-0.4385,0.2054,0.03275,0.03467231993741999,4914,C,G,C,G
