SNP,rsID,ld.r2,Dprime,ref.proxy,alt.proxy,CHR,POS,Effect_allele.proxy,Non_Effect_allele.proxy,EAF,Beta,SE,P,r2,N,ref,alt,Effect_allele,Non_Effect_allele
rs6431219,NA,NA,NA,NA,NA,NA,NA,NA,NA,NA,NA,NA,NA,NA,NA,NA,NA,NA,NA
rs13032148,NA,NA,NA,NA,NA,NA,NA,NA,NA,NA,NA,NA,NA,NA,NA,NA,NA,NA,NA
rs7930318,rs1026254,0.99,1,T,C,11,60030457,C,T,0.5897,0.0098,0.0052,0.09701,4.64745070328e-5,94537,C,T,T,C
rs2301274,rs7255066,0.87,0.99,T,C,19,45146103,T,C,0.7361,0.0368,0.0061,9.229e-9,5.261406305792001e-4,93067,T,C,T,C
rs28399657,NA,NA,NA,NA,NA,NA,NA,NA,NA,NA,NA,NA,NA,NA,NA,NA,NA,NA,NA
rs28399664,NA,NA,NA,NA,NA,NA,NA,NA,NA,NA,NA,NA,NA,NA,NA,NA,NA,NA,NA
rs10412413,rs10402271,1,1,T,G,19,45329214,G,T,0.3404,0.0702,0.0037,8.895e-74,0.0022129643532671998,185609,C,T,T,C
rs11665676,rs11667640,0.84,1,C,T,19,45379791,C,T,0.93931,2e-4,0.0072,0.9948,4.560537912000002e-9,180322.39,C,T,C,T
rs41290120,NA,NA,NA,NA,NA,NA,NA,NA,NA,NA,NA,NA,NA,NA,NA,NA,NA,NA,NA
rs157595,rs439401,0.8,0.94,T,C,19,45414451,C,T,0.6201,0.0408,0.004,9.458e-23,7.842984319872001e-4,162076,A,G,G,A
rs60049679,NA,NA,NA,NA,NA,NA,NA,NA,NA,NA,NA,NA,NA,NA,NA,NA,NA,NA,NA
rs16979586,rs7257610,1,1,G,A,19,45490428,A,G,0.04617,0.0451,0.0103,7.594e-6,1.79148811681422e-4,162552.51,A,G,G,A
rs2004357,rs1114831,1,1,C,A,19,45636319,A,C,0.1055,0.0424,0.0085,1.832e-6,3.3930832352e-4,93067,G,A,A,G
