target_snp,proxy_snp,ld.r2,Dprime,PHASE,X12,CHR,POS,Effect_allele.proxy,Non_Effect_allele.proxy,EAF,Beta,SE,P,r2,N,ref,ref.proxy,alt,alt.proxy,Effect_allele,Non_Effect_allele,proxy.outcome
rs13136052,rs6842742,0.894598,0.966773,TA/GT,NA,4,139726981,A,T,0.415861,0.005415,0.006223,0.3843,1.4245946662534178e-5,2666,T,A,G,T,T,G,TRUE
rs222449,rs222443,0.955063,0.99415,AG/TC,NA,6,52940484,G,C,0.208839,0.003369,0.006929,0.6269,3.7506668787309097e-6,3101,A,G,T,C,A,T,TRUE
rs10498846,rs10455615,0.865972,0.974247,TG/CT,NA,6,67471264,G,T,0.449784,0.002112,0.005764,0.7141,2.2077761682769186e-6,3097,T,G,C,T,T,C,TRUE
rs3800227,rs3800229,0.866061,0.995077,AG/GT,NA,6,108996963,G,T,0.32921199999999995,0.011,0.006233,0.07772,5.344121309155199e-5,3105,A,G,G,T,A,G,TRUE
rs4236259,rs4725308,0.926765,0.995806,TG/GA,NA,7,1701128,A,G,0.490129,0.00506,0.005995,0.3987,1.2796810542436984e-5,2664,T,G,G,A,G,T,TRUE
rs12333760,rs11976018,0.951541,1,CA/TG,NA,7,99122437,A,G,0.196212,-0.006988,0.008152,0.3914,1.540291330683429e-5,2670,C,A,T,G,C,T,TRUE
rs2378662,rs10780649,0.804124,0.93515,GT/AG,NA,9,86703561,T,G,0.462519,0.00241,0.005879,0.6819,2.8877312676415516e-6,2967,G,T,A,G,G,A,TRUE
rs10159545,rs10828246,0.945919,0.982854,GC/CT,NA,10,21769216,C,T,0.385294,-0.003635,0.006226,0.5594,6.258907371102368e-6,2648,G,C,C,T,G,C,TRUE
rs62098013,rs56027651,0.870481,0.976611,AA/GT,NA,18,50807090,A,T,0.360872,-0.002872,0.006052,0.6352,3.804870654196441e-6,2999,A,A,G,T,A,G,TRUE
rs11872397,rs12607948,0.839067,0.983167,AA/GC,NA,18,72478553,A,C,0.280705,0.003765,0.006393,0.5559,5.724230938707589e-6,3067,A,A,G,C,A,G,TRUE
rs1555445,rs1810635,0.896268,0.984455,TT/AA,NA,20,31131309,T,A,0.363659,5.222e-4,0.00616,0.9324,1.262083174321364e-7,3068,T,T,A,A,T,A,TRUE
rs12042107,NA,NA,NA,NA,NA,NA,NA,NA,NA,NA,NA,NA,NA,NA,NA,NA,NA,NA,NA,NA,NA,NA
rs11768481,NA,NA,NA,NA,NA,NA,NA,NA,NA,NA,NA,NA,NA,NA,NA,NA,NA,NA,NA,NA,NA,NA
rs7901883,NA,NA,NA,NA,NA,NA,NA,NA,NA,NA,NA,NA,NA,NA,NA,NA,NA,NA,NA,NA,NA,NA
rs9423279,NA,NA,NA,NA,NA,NA,NA,NA,NA,NA,NA,NA,NA,NA,NA,NA,NA,NA,NA,NA,NA,NA
rs4759228,NA,NA,NA,NA,NA,NA,NA,NA,NA,NA,NA,NA,NA,NA,NA,NA,NA,NA,NA,NA,NA,NA
rs7322872,NA,NA,NA,NA,NA,NA,NA,NA,NA,NA,NA,NA,NA,NA,NA,NA,NA,NA,NA,NA,NA,NA
rs76608582,NA,NA,NA,NA,NA,NA,NA,NA,NA,NA,NA,NA,NA,NA,NA,NA,NA,NA,NA,NA,NA,NA
