id.exposure,id.outcome,outcome,exposure,method,nsnp,b,se,pval
5l5ekI,aIVjzH,fish,ptau,Inverse variance weighted (fixed effects),15,0.03778057437782238,0.01469168695312811,0.010124107501764974
5l5ekI,aIVjzH,fish,ptau,Weighted median,15,0.016998786212251246,0.023415817469249763,0.4678674981101873
5l5ekI,aIVjzH,fish,ptau,Weighted mode,15,0.007455686228010516,0.04863747936435043,0.8803563787436046
5l5ekI,aIVjzH,fish,ptau,MR Egger,15,0.08987509603930803,0.059581775197940584,0.15535767909382878
