id.exposure,id.outcome,outcome,exposure,method,nsnp,b,se,pval
fs5Ug4,NQsY9Y,fish,ptau,Inverse variance weighted (fixed effects),4,0.04474515488663404,0.027776419572939463,0.10720057356805367
fs5Ug4,NQsY9Y,fish,ptau,Weighted median,4,0.02326338147411513,0.03223051697580897,0.4704290048800932
fs5Ug4,NQsY9Y,fish,ptau,Weighted mode,4,0.01903117712865384,0.04378051873354462,0.6931538302469391
fs5Ug4,NQsY9Y,fish,ptau,MR Egger,4,-0.12638978500155904,0.11188182993665494,0.3758773832859582
