id.exposure,id.outcome,outcome,exposure,method,nsnp,b,se,pval
fs5Ug4,NQsY9Y,fish,ptau,Inverse variance weighted (fixed effects),6,0.06286770263133931,0.019616642544659148,0.001351494993489785
fs5Ug4,NQsY9Y,fish,ptau,Weighted median,6,0.028104287413284003,0.036891083657386005,0.44616870304921946
fs5Ug4,NQsY9Y,fish,ptau,Weighted mode,6,0.006001717926239297,0.0933853661799342,0.9512469207015268
fs5Ug4,NQsY9Y,fish,ptau,MR Egger,6,0.12036195274425023,0.13186779583980487,0.41301221914340214
