id.exposure,id.outcome,outcome,exposure,method,nsnp,b,se,pval
5l5ekI,aIVjzH,fish,ptau,Inverse variance weighted (fixed effects),16,0.047417565553132826,0.014367880197915048,9.659947993614433e-4
5l5ekI,aIVjzH,fish,ptau,Weighted median,16,0.019401624479271656,0.02235269213079143,0.3854068792622684
5l5ekI,aIVjzH,fish,ptau,Weighted mode,16,0.007861610379501477,0.044114843192530596,0.8609442229234595
5l5ekI,aIVjzH,fish,ptau,MR Egger,16,0.05152278156617452,0.06589189122484394,0.4472796798742956
