id.exposure,id.outcome,outcome,exposure,method,nsnp,b,se,pval
yue8EA,tWheRP,dep,ptau,Inverse variance weighted (fixed effects),16,0.003881750976271521,0.009425309552841498,0.6804542518017471
yue8EA,tWheRP,dep,ptau,Weighted median,16,0.01519542629738816,0.013317201655106248,0.2538543238697552
yue8EA,tWheRP,dep,ptau,Weighted mode,16,0.014879889338296037,0.017227630740667604,0.4013410551622002
yue8EA,tWheRP,dep,ptau,MR Egger,16,0.010596490700126821,0.028254686501295583,0.713254956491729
