id.exposure,id.outcome,outcome,exposure,method,nsnp,b,se,pval
yue8EA,tWheRP,dep,ptau,Inverse variance weighted (fixed effects),16,0.003881750976271521,0.009425309552841498,0.6804542518017471
yue8EA,tWheRP,dep,ptau,Weighted median,16,0.01519542629738816,0.013677568400602342,0.2665794331886427
yue8EA,tWheRP,dep,ptau,Weighted mode,16,0.014879889338296037,0.017578699329432197,0.4105906500279689
yue8EA,tWheRP,dep,ptau,MR Egger,16,0.010596490700126821,0.028254686501295583,0.713254956491729
