id.exposure,id.outcome,outcome,exposure,method,nsnp,b,se,pval
MrEcWA,U03yHx,dep,ptau,Inverse variance weighted (fixed effects),6,0.011442019241469037,0.012864358292665794,0.37376897751556115
MrEcWA,U03yHx,dep,ptau,Weighted median,6,0.015618278352118665,0.015192807415466315,0.3039475882691333
MrEcWA,U03yHx,dep,ptau,Weighted mode,6,0.018740943520751202,0.018774584156912764,0.3640054254867753
MrEcWA,U03yHx,dep,ptau,MR Egger,6,0.0373313614812714,0.03916855312569604,0.39451342890463537
