target_snp,proxy_snp,ld.r2,Dprime,PHASE,X12,CHR,POS,Effect_allele.proxy,Non_Effect_allele.proxy,EAF,Beta,SE,P,r2,N,ref,ref.proxy,alt,alt.proxy,Effect_allele,Non_Effect_allele,proxy.outcome
rs17028896,rs1826908,0.916891,1,TC/AT,NA,4,100301244,T,C,0.897,-8e-4,0.1247,0.995,1.1826047999999998e-7,4914,T,C,A,T,A,T,TRUE
rs2006682,rs12551268,0.927862,0.979887,GA/CC,NA,9,6231318,A,C,0.2902,-0.0796,0.0808,0.3251,0.0026102946559872,4914,G,A,C,C,G,C,TRUE
rs13296886,rs67715198,1,1,GA/CG,NA,9,84329272,A,G,0.0952,0.2151,0.1395,0.123,0.007970771453299202,4914,G,A,C,G,G,C,TRUE
rs79171978,rs34066997,1,1,CT/GC,NA,12,17765655,T,C,0.1043,0.2058,0.1305,0.1148,0.0079134820055928,4914,C,T,G,C,C,G,TRUE
rs9571413,rs1337944,1,1,GA/CG,NA,13,34901406,A,G,0.0529,0.21560000000000001,0.1702,0.2053,0.0046577804890848016,4914,G,A,C,G,G,C,TRUE
rs870089,rs2346463,1,1,GG/CA,NA,14,57886739,A,G,0.8616,0.0317,0.1054,0.7636,2.3965710040319997e-4,4914,G,G,C,A,C,G,TRUE
rs78323057,NA,NA,NA,NA,NA,NA,NA,NA,NA,NA,NA,NA,NA,NA,NA,NA,NA,NA,NA,NA,NA,NA
rs147909804,NA,NA,NA,NA,NA,NA,NA,NA,NA,NA,NA,NA,NA,NA,NA,NA,NA,NA,NA,NA,NA,NA
rs187025437,NA,NA,NA,NA,NA,NA,NA,NA,NA,NA,NA,NA,NA,NA,NA,NA,NA,NA,NA,NA,NA,NA
