target_snp,proxy_snp,ld.r2,Dprime,PHASE,X12,CHR,POS,Effect_allele.proxy,Non_Effect_allele.proxy,EAF,Beta,SE,P,r2,N,ref,ref.proxy,alt,alt.proxy,Effect_allele,Non_Effect_allele,proxy.outcome
rs176813,rs376109,0.99016,0.995068,CA/TG,NA,4,69595168,A,G,0.2575,-0.0182,0.039,0.6404,1.266620355e-4,40255,C,A,T,G,C,T,TRUE
rs9391806,rs9378145,1,1,TC/CG,NA,6,30236331,C,G,0.1663,0.0259,0.0446,0.5614,1.8600797918219997e-4,40255,T,C,C,G,T,C,TRUE
rs3129809,rs3132631,1,1,GT/AC,NA,6,30344645,T,C,0.1059,0.0032,0.0235,0.8911,1.9391526911999997e-6,40255,G,T,A,C,G,A,TRUE
rs3132572,rs2844649,1,1,GA/AG,NA,6,30904272,A,G,0.1002,0.0121,0.0241,0.6153,2.64006394872e-5,40255,G,A,A,G,G,A,TRUE
rs13191258,rs13210132,0.885467,0.948935,TG/CA,NA,6,31001143,A,G,0.9476,-0.0241,0.032,0.4513,5.76793582688e-5,40255,T,G,C,A,C,T,TRUE
rs2517546,rs3130544,0.831637,1,TA/CC,NA,6,31058340,A,C,0.1082,-0.0127,0.0234,0.5878,3.1126634520800004e-5,40255,T,A,C,C,T,C,TRUE
rs2394427,rs9295947,1,1,AA/GG,NA,6,31019460,A,G,0.1436,-0.0292,0.0204,0.1514,2.0971369733120002e-4,40255,A,A,G,G,A,G,TRUE
rs7029,rs805281,0.995239,1,GC/AT,NA,6,31661489,T,C,0.7219,0.0326,0.0162,0.04405,4.2672022415279995e-4,40255,G,C,A,T,A,G,TRUE
rs9268882,rs9268880,0.995301,1,TT/CG,NA,6,32431358,T,G,0.3295,0.0349,0.0152,0.02187,5.38189289595e-4,40255,T,T,C,G,T,C,TRUE
rs10947332,rs145281025,1,1,AA/GG,NA,6,32674252,A,G,0.101,0.0327,0.0508,0.5204,1.9418092542000003e-4,40255,A,A,G,G,A,G,TRUE
rs13199553,rs7773407,1,1,TC/CA,NA,6,32706398,A,C,0.5852,-6e-4,0.0145,0.9667,1.7477349119999994e-7,40255,T,C,C,A,C,T,TRUE
rs1998013,NA,NA,NA,NA,NA,NA,NA,NA,NA,NA,NA,NA,NA,NA,NA,NA,NA,NA,NA,NA,NA,NA
rs1800478,NA,NA,NA,NA,NA,NA,NA,NA,NA,NA,NA,NA,NA,NA,NA,NA,NA,NA,NA,NA,NA,NA
rs7741091,NA,NA,NA,NA,NA,NA,NA,NA,NA,NA,NA,NA,NA,NA,NA,NA,NA,NA,NA,NA,NA,NA
rs12204009,NA,NA,NA,NA,NA,NA,NA,NA,NA,NA,NA,NA,NA,NA,NA,NA,NA,NA,NA,NA,NA,NA
rs17248748,NA,NA,NA,NA,NA,NA,NA,NA,NA,NA,NA,NA,NA,NA,NA,NA,NA,NA,NA,NA,NA,NA
rs77719426,NA,NA,NA,NA,NA,NA,NA,NA,NA,NA,NA,NA,NA,NA,NA,NA,NA,NA,NA,NA,NA,NA
