id.exposure,id.outcome,outcome,exposure,method,nsnp,b,se,pval
Tnkfni,XY75Nb,ptau,mvpa,Inverse variance weighted (fixed effects),103,0.04920665497777701,0.04790490820330456,0.30433874695593593
Tnkfni,XY75Nb,ptau,mvpa,Weighted median,103,-0.03850558679095956,0.07303116589535764,0.5980208982905164
Tnkfni,XY75Nb,ptau,mvpa,Weighted mode,103,-0.18253595973111136,0.18578184254740018,0.32816434496602986
Tnkfni,XY75Nb,ptau,mvpa,MR Egger,103,0.07823003120325213,0.3091026353562755,0.8007149678964184
