id.exposure,id.outcome,outcome,exposure,method,nsnp,b,se,pval
LmCdpk,x2ppt5,ptau,mvpa,Inverse variance weighted (fixed effects),32,0.04967988485050337,0.07482408593680959,0.5067186092942987
LmCdpk,x2ppt5,ptau,mvpa,Weighted median,32,-0.2061824180817874,0.11005831915247657,0.06101421944367974
LmCdpk,x2ppt5,ptau,mvpa,Weighted mode,32,-0.31268378564614907,0.20694646691729737,0.14093105880563878
LmCdpk,x2ppt5,ptau,mvpa,MR Egger,32,0.1313131240837874,0.7755227819027419,0.866679893660117
