id.exposure,id.outcome,outcome,exposure,method,nsnp,b,se,pval
UZMOEd,cDIL5S,ptau,mvpa,Inverse variance weighted (fixed effects),26,0.1118034544948606,0.08169927079355507,0.17116327026623418
UZMOEd,cDIL5S,ptau,mvpa,Weighted median,26,-0.1842392307791344,0.12081262468862342,0.12725914281180384
UZMOEd,cDIL5S,ptau,mvpa,Weighted mode,26,-0.26266614898319185,0.2276587839020668,0.25950532601060167
UZMOEd,cDIL5S,ptau,mvpa,MR Egger,26,0.40397895483544005,0.8933837349058628,0.6551929386626569
