id.exposure,id.outcome,outcome,exposure,method,nsnp,b,se,pval
iDJVWO,7jTFl5,ptau,mvpa,Inverse variance weighted (fixed effects),122,-0.07459179132111969,0.04430557176999375,0.09226366628517976
iDJVWO,7jTFl5,ptau,mvpa,Weighted median,122,-0.144899650162458,0.0661136714416895,0.028403015696634355
iDJVWO,7jTFl5,ptau,mvpa,Weighted mode,122,-0.2814371656836179,0.17378220804767897,0.10794709849024775
iDJVWO,7jTFl5,ptau,mvpa,MR Egger,122,-0.6383440520205864,0.19339668573327048,0.0012704023322548151
