id.exposure,id.outcome,outcome,exposure,method,nsnp,b,se,pval
bd92dJ,Z3A7QV,ptau,mvpa,Inverse variance weighted (fixed effects),103,0.04920665497777701,0.04790490820330456,0.30433874695593593
bd92dJ,Z3A7QV,ptau,mvpa,Weighted median,103,-0.03850558679095956,0.07074794496990083,0.5862595510697243
bd92dJ,Z3A7QV,ptau,mvpa,Weighted mode,103,-0.18253595973111136,0.1785307086233678,0.30899411822085043
bd92dJ,Z3A7QV,ptau,mvpa,MR Egger,103,0.07823003120325213,0.3091026353562755,0.8007149678964184
