id.exposure,id.outcome,outcome,exposure,method,nsnp,b,se,pval
ArD1HN,KYxMlI,ptau,mvpa,Inverse variance weighted (fixed effects),32,0.04761230627609847,0.07484907492437262,0.5247041949859628
ArD1HN,KYxMlI,ptau,mvpa,Weighted median,32,-0.20645786692146348,0.11001050230265093,0.060557780079195156
ArD1HN,KYxMlI,ptau,mvpa,Weighted mode,32,-0.30246459272322523,0.20963040730054563,0.15909266972772879
ArD1HN,KYxMlI,ptau,mvpa,MR Egger,32,0.1373905690826,0.7753296702229233,0.8605401136667422
