id.exposure,id.outcome,outcome,exposure,method,nsnp,b,se,pval
gVbkuo,EAV5gB,ptau,mvpa,Inverse variance weighted (fixed effects),123,-0.003929073587624129,0.04383541541723316,0.9285793347567265
gVbkuo,EAV5gB,ptau,mvpa,Weighted median,123,-0.14329822541445023,0.06380423027538625,0.024710108001591752
gVbkuo,EAV5gB,ptau,mvpa,Weighted mode,123,-0.27884643872140313,0.17222250252989046,0.10800680955395703
gVbkuo,EAV5gB,ptau,mvpa,MR Egger,123,-0.1068129441145226,0.2686356754599229,0.6916163054209112
