id.exposure,id.outcome,outcome,exposure,method,nsnp,b,se,pval
4tj4CM,gA4biQ,ptau,mvpa,Inverse variance weighted (fixed effects),123,-1.5809493922787102e-4,0.04380189087605684,0.997120187399431
4tj4CM,gA4biQ,ptau,mvpa,Weighted median,123,-0.13593352690646457,0.06686273063911607,0.04205011221985645
4tj4CM,gA4biQ,ptau,mvpa,Weighted mode,123,-0.26499338515029836,0.16621024959034295,0.113450399707448
4tj4CM,gA4biQ,ptau,mvpa,MR Egger,123,-0.12011518066160629,0.2682825182471448,0.6551565470780978
