id.exposure,id.outcome,outcome,exposure,method,nsnp,b,se,pval
7YCwY1,AQwMDP,ptau,mvpa,Inverse variance weighted (fixed effects),26,0.1118034544948606,0.08169927079355507,0.17116327026623418
7YCwY1,AQwMDP,ptau,mvpa,Weighted median,26,-0.1842392307791344,0.1228341039254926,0.1336395522945402
7YCwY1,AQwMDP,ptau,mvpa,Weighted mode,26,-0.26266614898319185,0.22500185020078095,0.2540648258618747
7YCwY1,AQwMDP,ptau,mvpa,MR Egger,26,0.40397895483544005,0.8933837349058628,0.6551929386626569
