id.exposure,id.outcome,outcome,exposure,method,nsnp,b,se,pval
OR1UUl,taiyO8,ptau,mvpa,Inverse variance weighted (fixed effects),32,0.04967988485050344,0.07482408593680959,0.5067186092942981
OR1UUl,taiyO8,ptau,mvpa,Weighted median,32,-0.2061824180817874,0.1150755105868737,0.07317877029604078
OR1UUl,taiyO8,ptau,mvpa,Weighted mode,32,-0.31268378564614907,0.21196858365266344,0.15025939686818363
OR1UUl,taiyO8,ptau,mvpa,MR Egger,32,0.1313131240837871,0.7755227819027419,0.8666798936601173
