id.exposure,id.outcome,outcome,exposure,method,nsnp,b,se,pval
BNp9ls,pEn8RO,npany,mvpa,Inverse variance weighted (fixed effects),147,-1.3509745081265545,0.576062327733023,0.019017483295304376
BNp9ls,pEn8RO,npany,mvpa,Weighted median,147,-1.3443562819732806,0.8339733366863268,0.10696421941459736
BNp9ls,pEn8RO,npany,mvpa,Weighted mode,147,-1.027075578970745,2.156288668497788,0.6345610492056679
BNp9ls,pEn8RO,npany,mvpa,MR Egger,147,-5.989347780996885,2.6209209993888396,0.023750991758449747
