id.exposure,id.outcome,outcome,exposure,method,nsnp,b,se,pval
vfAlDR,UQuTW6,npany,mvpa,Inverse variance weighted (fixed effects),37,-1.959643379622681,1.0657962593941592,0.06596432242429522
vfAlDR,UQuTW6,npany,mvpa,Weighted median,37,-0.5673504254196624,1.504950870620455,0.7061815318721651
vfAlDR,UQuTW6,npany,mvpa,Weighted mode,37,0.6238585402161014,2.6522459859426393,0.8153716980082406
vfAlDR,UQuTW6,npany,mvpa,MR Egger,37,0.4103268000610855,5.223097306097628,0.9378299981549407
