id.exposure,id.outcome,outcome,exposure,method,nsnp,b,se,pval
Tv3rir,4vltW2,npany,mvpa,Inverse variance weighted (fixed effects),37,-1.9375416679388335,1.0649824432683825,0.06886293749542498
Tv3rir,4vltW2,npany,mvpa,Weighted median,37,-0.5615433579432566,1.4827950423636098,0.7049062080253268
Tv3rir,4vltW2,npany,mvpa,Weighted mode,37,0.6268826174517912,2.592821043554973,0.810325488143445
Tv3rir,4vltW2,npany,mvpa,MR Egger,37,0.37713768010881227,5.223117990613328,0.9428494430504213
