id.exposure,id.outcome,outcome,exposure,method,nsnp,b,se,pval
BNp9ls,pEn8RO,npany,mvpa,Inverse variance weighted (fixed effects),148,-0.7895041363771063,0.5736452963630021,0.16873086881749325
BNp9ls,pEn8RO,npany,mvpa,Weighted median,148,-1.285850160894458,0.8390438205262964,0.1253945407465842
BNp9ls,pEn8RO,npany,mvpa,Weighted mode,148,-0.9099810323908528,2.1957878372057693,0.6791697741628169
BNp9ls,pEn8RO,npany,mvpa,MR Egger,148,-1.4430993992483687,3.430592433624525,0.6746247937740668
