id.exposure,id.outcome,outcome,exposure,method,nsnp,b,se,pval
Tv3rir,4vltW2,npany,mvpa,Inverse variance weighted (fixed effects),38,-0.04017847333725848,1.0499384773331395,0.9694744389919349
Tv3rir,4vltW2,npany,mvpa,Weighted median,38,-0.5236162684281604,1.44159074266803,0.7164396786527635
Tv3rir,4vltW2,npany,mvpa,Weighted mode,38,0.5340860662913443,2.562883748370176,0.8360653693943111
Tv3rir,4vltW2,npany,mvpa,MR Egger,38,14.072188878494137,9.581278170173036,0.15059412288235197
