id.exposure,id.outcome,outcome,exposure,method,nsnp,b,se,pval
nfU14X,OSTbxW,diab,tau,Inverse variance weighted (fixed effects),8,0.04979343846330277,0.09655882711061639,0.6060780520944515
nfU14X,OSTbxW,diab,tau,Weighted median,8,-0.18029051754924597,0.14870354956054163,0.22535329555944583
nfU14X,OSTbxW,diab,tau,Weighted mode,8,-0.31797677134640623,0.24959435239271555,0.24333724480589503
nfU14X,OSTbxW,diab,tau,MR Egger,8,-0.7416802946968425,1.2218003265514057,0.5660725201601162
