id.exposure,id.outcome,outcome,exposure,method,nsnp,b,se,pval
5drHrz,XWxVnW,diab,tau,Inverse variance weighted (fixed effects),7,-0.08576975390889806,0.10179843391891426,0.3994830039973369
5drHrz,XWxVnW,diab,tau,Weighted median,7,-0.2187669762458606,0.14787191928807747,0.1390239410896941
5drHrz,XWxVnW,diab,tau,Weighted mode,7,-0.3539489441185143,0.2680900971005348,0.2348758354243704
5drHrz,XWxVnW,diab,tau,MR Egger,7,0.4654999434864544,1.0285405557199463,0.6698094727298707
