id.exposure,id.outcome,outcome,exposure,method,nsnp,b,se,pval
nfU14X,OSTbxW,diab,tau,Inverse variance weighted (fixed effects),8,0.04979343846330277,0.09655882711061639,0.6060780520944515
nfU14X,OSTbxW,diab,tau,Weighted median,8,-0.18029051754924597,0.15869495270318953,0.255922146585107
nfU14X,OSTbxW,diab,tau,Weighted mode,8,-0.31797677134640623,0.2447262740638155,0.23498965894171606
nfU14X,OSTbxW,diab,tau,MR Egger,8,-0.7416802946968425,1.2218003265514057,0.5660725201601162
