target_snp,proxy_snp,ld.r2,Dprime,PHASE,X12,CHR,POS,Effect_allele.proxy,Non_Effect_allele.proxy,EAF,Beta,SE,P,r2,N,ref,ref.proxy,alt,alt.proxy,Effect_allele,Non_Effect_allele,proxy.outcome
rs144502847,rs138283763,1,1,AT/TC,NA,4,98394739,T,C,0.0159,-0.0408,0.401,0.919,5.209387672320001e-5,4914,A,T,T,C,A,T,TRUE
rs143092959,rs140184756,1,1,GG/AA,NA,4,99161352,A,G,0.9831,0.0639,0.4264,0.8808,1.3568008678380017e-4,4914,G,G,A,A,A,G,TRUE
rs145452708,rs138495951,1,1,CA/GG,NA,4,100249726,A,G,0.0231,-0.0731,0.2606,0.779,2.4117197453579997e-4,4914,C,A,G,G,C,G,TRUE
rs2298755,rs1789902,0.99588,1,GT/CC,NA,4,100260171,T,C,0.4076,-0.0517,0.0724,0.4752,0.0012908040133472003,4914,G,T,C,C,G,C,TRUE
