target_snp,proxy_snp,ld.r2,Dprime,PHASE,X12,CHR,POS,Effect_allele.proxy,Non_Effect_allele.proxy,EAF,Beta,SE,P,r2,N,ref,ref.proxy,alt,alt.proxy,Effect_allele,Non_Effect_allele,proxy.outcome
rs6576884,rs6576885,1,1,CC/GT,NA,1,87709721,T,C,0.7579,-0.05,0.0682,0.4634,9.174379500000001e-4,4914,C,C,G,T,G,C,TRUE
rs10911105,rs12046085,1,1,TT/AC,NA,1,182600308,T,C,0.0264,-0.2393,0.2048,0.2426,0.0029437429540992003,4914,T,T,A,C,T,A,TRUE
rs10490220,rs10445932,0.937667,1,CC/GT,NA,2,50986128,T,C,0.8861,-0.0879,0.0896,0.3268,0.0015596035190478003,4914,C,C,G,T,G,C,TRUE
rs4507102,rs4233653,1,1,TC/AT,NA,2,152487574,T,C,0.7021,-0.0259,0.0637,0.6841,2.806073226558e-4,4914,T,C,A,T,A,T,TRUE
rs4722031,rs28541530,0.882126,0.985254,AG/TA,NA,7,21531161,A,G,0.69,0.0679,0.0638,0.287,0.0019723333980000003,4914,A,G,T,A,T,A,TRUE
rs8180817,rs12536335,0.972536,1,CG/GA,NA,7,114043159,A,G,0.923,-0.073,0.162,0.6522,7.574747179999996e-4,4914,C,G,G,A,G,C,TRUE
rs929295,rs62474596,0.899048,0.961113,AC/TT,NA,7,122016870,T,C,0.7593,-0.0236,0.0686,0.7309,2.0358392905920003e-4,4914,A,C,T,T,T,A,TRUE
rs13233916,rs11525873,0.842189,0.962273,GC/CT,NA,7,138817193,T,C,0.9023,-0.0866,0.1,0.3865,0.0013222430738552,4914,G,C,C,T,C,G,TRUE
rs112624881,rs111487743,0.91119000000000006,1,CT/GC,NA,9,94818552,T,C,0.0175,0.5859,0.2949,0.04696,0.011804500078875,4914,C,T,G,C,C,G,TRUE
rs73416497,rs10774632,0.972462,1,AG/TA,NA,12,112086503,A,G,0.8402,-0.0637,0.0785,0.4175,0.0010896030557048006,4914,A,G,T,A,T,A,TRUE
rs962950,rs962949,1,1,TG/AA,NA,15,47685378,A,G,0.6693,-0.0987,0.0607,0.1042,0.004312402815583799,4914,T,G,A,A,A,T,TRUE
rs62085660,rs34417254,1,1,CT/GC,NA,17,66097429,T,C,0.2871,0.0969,0.0792,0.2212,0.0038436103747998,4914,C,T,G,C,C,G,TRUE
rs1025574,rs6509845,1,1,GC/CT,NA,19,30423316,T,C,0.913,0.0753,0.1149,0.5119,9.007618375799999e-4,4914,G,C,C,T,C,G,TRUE
rs2149282,rs4911532,0.811725,1,CT/GC,NA,20,30408580,T,C,0.4053,0.0993,0.0591,0.09291,0.004753385476471799,4914,C,T,G,C,C,G,TRUE
rs6697362,NA,NA,NA,NA,NA,NA,NA,NA,NA,NA,NA,NA,NA,NA,NA,NA,NA,NA,NA,NA,NA,NA
rs145252437,NA,NA,NA,NA,NA,NA,NA,NA,NA,NA,NA,NA,NA,NA,NA,NA,NA,NA,NA,NA,NA,NA
rs115848509,NA,NA,NA,NA,NA,NA,NA,NA,NA,NA,NA,NA,NA,NA,NA,NA,NA,NA,NA,NA,NA,NA
rs137975658,NA,NA,NA,NA,NA,NA,NA,NA,NA,NA,NA,NA,NA,NA,NA,NA,NA,NA,NA,NA,NA,NA
rs139070646,NA,NA,NA,NA,NA,NA,NA,NA,NA,NA,NA,NA,NA,NA,NA,NA,NA,NA,NA,NA,NA,NA
rs4402837,NA,NA,NA,NA,NA,NA,NA,NA,NA,NA,NA,NA,NA,NA,NA,NA,NA,NA,NA,NA,NA,NA
