id.exposure,id.outcome,outcome,exposure,method,nsnp,b,se,pval
bS81Z0,0arq9D,aaos,fish,Inverse variance weighted (fixed effects),335,0.24166649048139413,0.08317866027073549,0.0036679514937964764
bS81Z0,0arq9D,aaos,fish,Weighted median,335,0.24153436859832897,0.12723148126253928,0.05764534993650927
bS81Z0,0arq9D,aaos,fish,Weighted mode,335,0.3681478612734814,0.3410341784223998,0.2811419005213994
bS81Z0,0arq9D,aaos,fish,MR Egger,335,0.29291937456239986,0.4893147502761707,0.5498254168548995
