id.exposure,id.outcome,outcome,exposure,method,nsnp,b,se,pval
bS81Z0,0arq9D,aaos,fish,Inverse variance weighted (fixed effects),335,0.24166649048139413,0.08317866027073549,0.0036679514937964764
bS81Z0,0arq9D,aaos,fish,Weighted median,335,0.24153436859832897,0.12263950127530256,0.0488995652443024
bS81Z0,0arq9D,aaos,fish,Weighted mode,335,0.3681478612734814,0.34779840281250124,0.2905882121855016
bS81Z0,0arq9D,aaos,fish,MR Egger,335,0.29291937456239986,0.4893147502761707,0.5498254168548995
