id.exposure,id.outcome,outcome,exposure,method,nsnp,b,se,pval
La2deW,KuCV1x,aaos,fish,Inverse variance weighted (fixed effects),347,0.18648333133390327,0.08148749370276136,0.022108989763732524
La2deW,KuCV1x,aaos,fish,Weighted median,347,0.2417806675775002,0.11989726688131348,0.04374089760240652
La2deW,KuCV1x,aaos,fish,Weighted mode,347,0.35031375251135266,0.3616496593007135,0.333393958041757
La2deW,KuCV1x,aaos,fish,MR Egger,347,0.12793355391273117,0.3196248719205438,0.689211594409755
