id.exposure,id.outcome,outcome,exposure,method,nsnp,b,se,pval
iKJWlG,SfaQ06,ab42,tc,Inverse variance weighted (fixed effects),193,-0.04613230153508952,0.00801205944957496,8.51879080381035e-9
iKJWlG,SfaQ06,ab42,tc,Weighted median,193,0.004128012582197131,0.014045504554004712,0.7688322074956192
iKJWlG,SfaQ06,ab42,tc,Weighted mode,193,0.013383950776125975,0.015680320246290905,0.39441751388487556
iKJWlG,SfaQ06,ab42,tc,MR Egger,193,-0.13645752362340044,0.02971284365350694,7.931598899780415e-6
