id.exposure,id.outcome,outcome,exposure,egger_intercept,se,pval
ij32Or,HbGFVP,ab42,tc,0.0029321271418095234,9.139766475360241e-4,0.0014811889301550223
