id.exposure,id.outcome,outcome,exposure,method,nsnp,b,se,pval
xeV6ML,WhErFJ,ab42,tc,Inverse variance weighted (fixed effects),334,-0.03497366885730332,0.007148158450544827,9.94708691990753e-7
xeV6ML,WhErFJ,ab42,tc,Weighted median,334,0.004140553219541206,0.013296901506022394,0.7555023795976434
xeV6ML,WhErFJ,ab42,tc,Weighted mode,334,0.015568660004321444,0.016436302006967985,0.3442176822598597
xeV6ML,WhErFJ,ab42,tc,MR Egger,334,-0.10240534358020847,0.02214165805389086,5.3749567851471e-6
