id.exposure,id.outcome,outcome,exposure,egger_intercept,se,pval
dGvWfF,bO9FQ4,ab42,tc,0.004810456185194842,0.0012572047832213472,1.7135186467930936e-4
