id.exposure,id.outcome,outcome,exposure,method,nsnp,b,se,pval
ZpYO5D,BlzGuJ,ab42,tc,Inverse variance weighted (fixed effects),301,-0.043501167558978426,0.007438328033442773,4.96785345888104e-9
ZpYO5D,BlzGuJ,ab42,tc,Weighted median,301,0.003820084438831803,0.0145472163010095,0.7928596716759384
ZpYO5D,BlzGuJ,ab42,tc,Weighted mode,301,0.010953976601082438,0.016058956390308864,0.4956956199107273
ZpYO5D,BlzGuJ,ab42,tc,MR Egger,301,-0.10743281801400013,0.02317655546310683,5.328039249321284e-6
