id.exposure,id.outcome,outcome,exposure,method,nsnp,b,se,pval
dGvWfF,bO9FQ4,ab42,tc,Inverse variance weighted (fixed effects),213,-0.04344251308450901,0.0076946341844933925,1.6439658440450853e-8
dGvWfF,bO9FQ4,ab42,tc,Weighted median,213,0.00419028124360093,0.013748038243270583,0.7605251748173434
dGvWfF,bO9FQ4,ab42,tc,Weighted mode,213,0.016643492457306897,0.017106890988285234,0.3317060099425868
dGvWfF,bO9FQ4,ab42,tc,MR Egger,213,-0.13741843575686444,0.028145018232680723,2.065820489352632e-6
