id.exposure,id.outcome,outcome,exposure,egger_intercept,se,pval
iKJWlG,SfaQ06,ab42,tc,0.004678467816453434,0.0013395610185300368,5.944102249760869e-4
