id.exposure,id.outcome,outcome,exposure,method,nsnp,b,se,pval
ij32Or,HbGFVP,ab42,tc,Inverse variance weighted (fixed effects),301,-0.043501167558978426,0.007438328033442773,4.96785345888104e-9
ij32Or,HbGFVP,ab42,tc,Weighted median,301,0.003820084438831803,0.013644980535600674,0.7795061869177026
ij32Or,HbGFVP,ab42,tc,Weighted mode,301,0.010953976601082438,0.015608398174534343,0.4833478748256862
ij32Or,HbGFVP,ab42,tc,MR Egger,301,-0.10743281801400013,0.02317655546310683,5.328039249321284e-6
