id.exposure,id.outcome,outcome,exposure,method,nsnp,b,se,pval
mnK8na,2LQmQ1,tau,pp,Inverse variance weighted (fixed effects),937,6.945994493376733e-4,0.0011962695303301522,0.5614845111561754
mnK8na,2LQmQ1,tau,pp,Weighted median,937,-2.691231363057174e-4,0.0018323575050611684,0.8832325684390205
mnK8na,2LQmQ1,tau,pp,Weighted mode,937,-0.0013983745854850016,0.005547324028635435,0.801033851967045
mnK8na,2LQmQ1,tau,pp,MR Egger,937,-0.004744194314732449,0.0035737951066721536,0.1846690925105924
