id.exposure,id.outcome,outcome,exposure,method,nsnp,b,se,pval
clqtHo,PbVwpP,tau,pp,Inverse variance weighted (fixed effects),1587,0.0028430855195222264,0.001083327347887344,0.008680148887842324
clqtHo,PbVwpP,tau,pp,Weighted median,1587,0.0014978717482274,0.0017566823298662397,0.393841881613902
clqtHo,PbVwpP,tau,pp,Weighted mode,1587,-2.403966062125562e-4,0.0054308506912700725,0.9646987424280791
clqtHo,PbVwpP,tau,pp,MR Egger,1587,-0.00617765825906979,0.0029106840520767415,0.03395820586714281
