id.exposure,id.outcome,outcome,exposure,method,nsnp,b,se,pval
UchXxr,i5YmNk,tau,pp,Inverse variance weighted (fixed effects),822,1.5078970000037588e-4,0.0012777892212591548,0.9060611023235607
UchXxr,i5YmNk,tau,pp,Weighted median,822,2.509120576288945e-4,0.0020318060284139233,0.9017174046030981
UchXxr,i5YmNk,tau,pp,Weighted mode,822,7.840107599438595e-4,0.005992668453510547,0.8959431673995555
UchXxr,i5YmNk,tau,pp,MR Egger,822,-0.005591903955027318,0.0035794955605505463,0.11862565678478876
