query_snp_rsid,rsID,ld.r2,Dprime,ref.proxy,alt.proxy,CHR,POS,Effect_allele.proxy,Non_Effect_allele.proxy,EAF,Beta,SE,P,r2,N,ref,alt,Effect_allele,Non_Effect_allele
rs10127497,rs10127994,1,1,T,C,1,67050005,T,C,0.8688,-0.0416,0.1062,0.6953,3.9452116254719993e-4,4914,A,T,A,T
rs1233393,rs1233385,1,1,T,C,6,29559238,T,C,0.8992,0.0765,0.1621,0.637,0.00106088838912,4914,C,G,C,G
rs17476793,rs17195054,0.92,0.96,G,A,6,30384604,A,G,0.0848,-0.097,0.129,0.4518,0.0014604454092800002,4914,G,C,C,G
rs28541419,rs8035777,0.91,1,A,G,15,88943807,A,G,0.7519,-0.0591,0.0898,0.51,0.0013031421929118,4914,C,G,C,G
rs483143,rs200953,1,1,T,C,6,27837267,T,C,0.8937,-0.233,0.1468,0.1125,0.010314943659179997,4914,G,C,G,C
rs6699744,rs6661921,0.98,1,G,A,1,72824855,A,G,0.6333,0.086,0.0743,0.2472,0.0034351625791199996,4914,A,T,T,A
rs9257681,rs3130834,0.81,0.92,T,C,6,29248149,T,C,0.9067,-0.085,0.1645,0.6052,0.001222399339500001,4914,C,G,C,G
