id.exposure,id.outcome,outcome,exposure,method,nsnp,b,se,pval
qIiXdA,jxYmne,tau,ldl,Inverse variance weighted (fixed effects),174,0.03546087295073233,0.010307778248898428,5.812731674125672e-4
qIiXdA,jxYmne,tau,ldl,Weighted median,174,0.015918323081444113,0.018276833480775335,0.3837780197858486
qIiXdA,jxYmne,tau,ldl,Weighted mode,174,-0.008210332547502697,0.020746887528559584,0.6927858902886844
qIiXdA,jxYmne,tau,ldl,MR Egger,174,0.09359736362947434,0.024695104228271092,2.0806730999864295e-4
