id.exposure,id.outcome,outcome,exposure,method,nsnp,b,se,pval
He7Gtn,ovudXw,tau,ldl,Inverse variance weighted (fixed effects),266,0.038856599153500856,0.009927944357169764,9.08317492529756e-5
He7Gtn,ovudXw,tau,ldl,Weighted median,266,0.015760557623524657,0.01807401816873109,0.38320796161020754
He7Gtn,ovudXw,tau,ldl,Weighted mode,266,-0.012961349142523337,0.022029338564314802,0.5567866919119457
He7Gtn,ovudXw,tau,ldl,MR Egger,266,0.07894388740205435,0.021817933611685877,3.5529514822134795e-4
