id.exposure,id.outcome,outcome,exposure,method,nsnp,b,se,pval
4FNPu4,Wy7gPy,tau,ldl,Inverse variance weighted (fixed effects),173,0.03540479878091848,0.010515357007873111,7.600138764732777e-4
4FNPu4,Wy7gPy,tau,ldl,Weighted median,173,0.01313386785074332,0.0187499600406613,0.48363105910201737
4FNPu4,Wy7gPy,tau,ldl,Weighted mode,173,-0.015396199038045788,0.02146720853901045,0.47422591595490804
4FNPu4,Wy7gPy,tau,ldl,MR Egger,173,0.09821376401600883,0.025851075281189354,2.0151499973310397e-4
