id.exposure,id.outcome,outcome,exposure,method,nsnp,b,se,pval
4FNPu4,Wy7gPy,tau,ldl,Inverse variance weighted (fixed effects),172,0.007449825459868742,0.010938582973620783,0.49583386487563663
4FNPu4,Wy7gPy,tau,ldl,Weighted median,172,9.057606022680957e-4,0.019335656883866764,0.9626375155968038
4FNPu4,Wy7gPy,tau,ldl,Weighted mode,172,-0.015536325869024092,0.02247308730944006,0.49029548814180024
4FNPu4,Wy7gPy,tau,ldl,MR Egger,172,0.02678607819117221,0.024422229067084463,0.27428401957510506
