id.exposure,id.outcome,outcome,exposure,egger_intercept,se,pval
4FNPu4,Wy7gPy,tau,ldl,-0.0038167570535138323,0.0013286428276280452,0.004585982485602965
