id.exposure,id.outcome,outcome,exposure,method,nsnp,b,se,pval
He7Gtn,ovudXw,tau,ldl,Inverse variance weighted (fixed effects),265,0.014408352007843423,0.010281782151525797,0.16111011675255862
He7Gtn,ovudXw,tau,ldl,Weighted median,265,0.008448506990537907,0.018224762640809522,0.6429537377973721
He7Gtn,ovudXw,tau,ldl,Weighted mode,265,-0.012906263501954118,0.020072724293100752,0.520798256749407
He7Gtn,ovudXw,tau,ldl,MR Egger,265,0.01687944415806878,0.02116330609682991,0.4258333722898274
