id.exposure,id.outcome,outcome,exposure,method,nsnp,b,se,pval
8VydAl,uRIshw,tau,ldl,Inverse variance weighted (fixed effects),244,0.03967952828357208,0.010102042979580428,8.57009221249268e-5
8VydAl,uRIshw,tau,ldl,Weighted median,244,0.016365373100655063,0.018563810587317993,0.3780072102997445
8VydAl,uRIshw,tau,ldl,Weighted mode,244,-0.004764960708136368,0.019871999683194745,0.8107008987297342
8VydAl,uRIshw,tau,ldl,MR Egger,244,0.06914628668817503,0.0215971019974862,0.0015495552277043185
