id.exposure,id.outcome,outcome,exposure,method,nsnp,b,se,pval
Xi7U54,nxuGfu,tau,ldl,Inverse variance weighted (fixed effects),266,0.03213130241036688,0.009912809223034797,0.0011894741556508347
Xi7U54,nxuGfu,tau,ldl,Weighted median,266,0.015785219135201523,0.01794281102042877,0.3789938160545953
Xi7U54,nxuGfu,tau,ldl,Weighted mode,266,-0.004476221453989071,0.018283785417959757,0.8067859031415123
Xi7U54,nxuGfu,tau,ldl,MR Egger,266,0.06351741470828201,0.021143348969685002,0.0029192896805564196
