id.exposure,id.outcome,outcome,exposure,egger_intercept,se,pval
UPI5VR,sX4vEd,tau,ldl,-0.0031171037652564047,0.0013887515427261667,0.02621353167740824
