id.exposure,id.outcome,outcome,exposure,method,nsnp,b,se,pval
MsYNYA,NMKUa5,tau,ldl,Inverse variance weighted (fixed effects),243,0.03979033150473003,0.010297204321001154,1.114594371576579e-4
MsYNYA,NMKUa5,tau,ldl,Weighted median,243,0.0157996696712222,0.018729825796170593,0.3989171800601652
MsYNYA,NMKUa5,tau,ldl,Weighted mode,243,-0.013234969084965575,0.019758858222558757,0.5036082289149149
MsYNYA,NMKUa5,tau,ldl,MR Egger,243,0.07170066406876323,0.022538297199390357,0.0016587788825463954
