id.exposure,id.outcome,outcome,exposure,method,nsnp,b,se,pval
UPI5VR,sX4vEd,tau,ldl,Inverse variance weighted (fixed effects),157,0.035807981353377864,0.01089391832090469,0.0010127166637377428
UPI5VR,sX4vEd,tau,ldl,Weighted median,157,0.013345506255004368,0.019783796238868657,0.4999505779875417
UPI5VR,sX4vEd,tau,ldl,Weighted mode,157,-0.01556167144953402,0.021352390600812662,0.4672152984868436
UPI5VR,sX4vEd,tau,ldl,MR Egger,157,0.08646332151116125,0.026800316485134583,0.0015304733982756428
