id.exposure,id.outcome,outcome,exposure,method,nsnp,b,se,pval
Xi7U54,nxuGfu,tau,ldl,Inverse variance weighted (fixed effects),267,0.03878600265125265,0.009752685896000835,6.980307586522324e-5
Xi7U54,nxuGfu,tau,ldl,Weighted median,267,0.016261710327982452,0.018315262409132047,0.3746066216471668
Xi7U54,nxuGfu,tau,ldl,Weighted mode,267,-0.004559682677389931,0.020704041108674097,0.8258597693977812
Xi7U54,nxuGfu,tau,ldl,MR Egger,267,0.07602276195149887,0.02095326499191589,3.4234016353521885e-4
