id.exposure,id.outcome,outcome,exposure,method,nsnp,b,se,pval
8VydAl,uRIshw,tau,ldl,Inverse variance weighted (fixed effects),243,0.032554059821232384,0.010280319710069478,0.0015421170390293225
8VydAl,uRIshw,tau,ldl,Weighted median,243,0.01585531857497472,0.018772760582783123,0.3983388209677682
8VydAl,uRIshw,tau,ldl,Weighted mode,243,-0.0047573478325462215,0.019034643516167373,0.8028527263098053
8VydAl,uRIshw,tau,ldl,MR Egger,243,0.05578926850739999,0.021779903891879178,0.01103185716862716
