id.exposure,id.outcome,outcome,exposure,method,nsnp,b,se,pval
MsYNYA,NMKUa5,tau,ldl,Inverse variance weighted (fixed effects),242,0.032380696666775316,0.010486210685722598,0.0020155515865434783
MsYNYA,NMKUa5,tau,ldl,Weighted median,242,0.012336903331851072,0.018318027542214843,0.5006392553480472
MsYNYA,NMKUa5,tau,ldl,Weighted mode,242,-0.013183520145787497,0.021700298924706752,0.5440731584261287
MsYNYA,NMKUa5,tau,ldl,MR Egger,242,0.05722077398623967,0.022785723935822483,0.012688399176209654
