id.exposure,id.outcome,outcome,exposure,method,nsnp,b,se,pval
oJGRAW,dDupzp,tau,ldl,Inverse variance weighted (fixed effects),158,0.035851125802542676,0.010663600243963815,7.737744888693867e-4
oJGRAW,dDupzp,tau,ldl,Weighted median,158,0.015979361070127894,0.019183101235360333,0.4048494996848838
oJGRAW,dDupzp,tau,ldl,Weighted mode,158,-0.008532337165390702,0.022259008937449948,0.7020005907271397
oJGRAW,dDupzp,tau,ldl,MR Egger,158,0.08257863729578532,0.0255339675780853,0.0014897195732105945
