id.exposure,id.outcome,outcome,exposure,method,nsnp,b,se,pval
qIiXdA,jxYmne,tau,ldl,Inverse variance weighted (fixed effects),173,0.027874711656743607,0.010497378260865498,0.007921501065609996
qIiXdA,jxYmne,tau,ldl,Weighted median,173,0.013360502456540935,0.018222911528159757,0.4634544018995075
qIiXdA,jxYmne,tau,ldl,Weighted mode,173,-0.008365941173701041,0.020789563830076102,0.6878815211011866
qIiXdA,jxYmne,tau,ldl,MR Egger,173,0.08012394852471717,0.024813238282632977,0.0014891304140786322
