SNP,rsID,ld.r2,Dprime,ref.proxy,alt.proxy,CHR,POS,Effect_allele.proxy,Non_Effect_allele.proxy,EAF,Beta,SE,P,r2,N,ref,alt,Effect_allele,Non_Effect_allele
rs61921502,NA,NA,NA,NA,NA,NA,NA,NA,NA,NA,NA,NA,NA,NA,NA,NA,NA,NA,NA
rs77956314,rs7294919,0.84,0.96,T,C,12,117327592,C,T,0.08179,0.0065,0.0094,0.5654,6.34598345355e-6,89855,T,C,C,T
rs12784431,rs11597218,0.99,1,C,T,10,135038088,T,C,0.438,0.0055,0.0063,0.5131,1.4892437999999999e-5,76612,G,A,A,G
rs78587286,rs16874892,0.97,1,A,G,6,14270739,A,G,0.90369,0.0076,0.0093,0.7489,1.0054212028128001e-5,89844,C,T,C,T
rs74597467,NA,NA,NA,NA,NA,NA,NA,NA,NA,NA,NA,NA,NA,NA,NA,NA,NA,NA,NA
rs6060507,rs761827,0.96,0.98,C,T,20,34207897,C,T,0.847,0.0175,0.0074,0.01983,7.937448750000002e-5,88433,A,G,A,G
rs116621170,NA,NA,NA,NA,NA,NA,NA,NA,NA,NA,NA,NA,NA,NA,NA,NA,NA,NA,NA
rs453084,rs7122784,0.83,-0.97,T,G,11,79605008,T,G,0.6398,0.0082,0.0057,0.2329,3.099171750080001e-5,89888,G,A,G,A
