id.exposure,id.outcome,outcome,exposure,method,nsnp,b,se,pval
gxq2Kb,40QcWK,hips,tc,Inverse variance weighted (fixed effects),253,-0.28290606931821066,0.15439777202654797,0.06690381339848495
gxq2Kb,40QcWK,hips,tc,Weighted median,253,-0.18102394043506848,0.25522145344043223,0.4781495995451827
gxq2Kb,40QcWK,hips,tc,Weighted mode,253,-0.009772552289316394,0.30093166794587856,0.9741194980641901
gxq2Kb,40QcWK,hips,tc,MR Egger,253,-0.42088004289987496,0.31295714754323045,0.17988800009326794
