id.exposure,id.outcome,outcome,exposure,method,nsnp,b,se,pval
yFbvue,VrIP7Y,mvpa,aaos,Inverse variance weighted (fixed effects),59,0.017355746750741512,0.0022284966276744575,6.8026228672925035e-15
yFbvue,VrIP7Y,mvpa,aaos,Weighted median,59,0.01777035304731003,0.003907616852235398,5.425621628739378e-6
yFbvue,VrIP7Y,mvpa,aaos,Weighted mode,59,0.023583644460460226,0.00492640625817994,1.2071876145652943e-5
yFbvue,VrIP7Y,mvpa,aaos,MR Egger,59,0.014356773419526127,0.003971800358525069,6.375650345961112e-4
