id.exposure,id.outcome,outcome,exposure,method,nsnp,b,se,pval
o1kzPG,DXdUJr,mvpa,aaos,Inverse variance weighted (fixed effects),59,0.017355746750741512,0.0022284966276744575,6.8026228672925035e-15
o1kzPG,DXdUJr,mvpa,aaos,Weighted median,59,0.01777035304731003,0.003960269664722156,7.2179774186984255e-6
o1kzPG,DXdUJr,mvpa,aaos,Weighted mode,59,0.023583644460460226,0.00469726493013364,5.212121672658738e-6
o1kzPG,DXdUJr,mvpa,aaos,MR Egger,59,0.014356773419526127,0.003971800358525069,6.375650345961112e-4
