id.exposure,id.outcome,outcome,exposure,method,nsnp,b,se,pval
zqXcJA,B6jEle,mvpa,aaos,Inverse variance weighted (fixed effects),20,0.027862376013818305,0.003030026961719462,3.735261915701987e-20
zqXcJA,B6jEle,mvpa,aaos,Weighted median,20,0.028466626297244176,0.004346870105635417,5.8015241365827556e-11
zqXcJA,B6jEle,mvpa,aaos,Weighted mode,20,0.027668780923464188,0.004626609306172713,9.36176132919655e-6
zqXcJA,B6jEle,mvpa,aaos,MR Egger,20,0.025387542733854906,0.004804713256167845,5.043114982423673e-5
