id.exposure,id.outcome,outcome,exposure,method,nsnp,b,se,pval
yFbvue,VrIP7Y,mvpa,aaos,Inverse variance weighted (fixed effects),59,0.017355746750741512,0.0022284966276744575,6.8026228672925035e-15
yFbvue,VrIP7Y,mvpa,aaos,Weighted median,59,0.01777035304731003,0.003907558332067742,5.423866658559342e-6
yFbvue,VrIP7Y,mvpa,aaos,Weighted mode,59,0.023583644460460226,0.004901332547608056,1.1061385985680668e-5
yFbvue,VrIP7Y,mvpa,aaos,MR Egger,59,0.014356773419526127,0.003971800358525069,6.375650345961112e-4
