query_snp_rsid,rsID,ld.r2,Dprime,ref.proxy,alt.proxy,CHR,POS,Effect_allele.proxy,Non_Effect_allele.proxy,EAF,Beta,SE,P,r2,N,ref,alt,Effect_allele,Non_Effect_allele
rs1363104,rs10052804,1,1,A,C,5,103919822,A,C,0.4954,0.0714,0.0439,0.1037,0.0025487642543328,4914,C,G,C,G
rs34215985,rs4263431,0.96,0.99,G,A,4,42042686,A,G,0.7983,-0.0575,0.0553,0.2983,0.001064725639875,4914,C,G,G,C
rs62099069,rs2187251,1,1,C,T,18,36885807,T,C,0.5719,0.001,0.0442,0.9812,4.8966078e-7,4914,A,T,T,A
