query_snp_rsid,rsID,ld.r2,Dprime,ref.proxy,alt.proxy,CHR,POS,Effect_allele.proxy,Non_Effect_allele.proxy,EAF,Beta,SE,P,r2,N,ref,alt,Effect_allele,Non_Effect_allele
rs1801272,rs117824460,0.92,0.96,A,G,19,41371480,A,G,0.9607,0.0307,0.2181,0.8882,7.11683812398e-5,4914,A,T,A,T
rs3025327,rs75596189,1,1,C,T,9,136468701,T,C,0.1106,0.0297,0.0751,0.6925,1.7353822313520003e-4,4914,G,C,C,G
rs59586387,rs7247903,0.91,0.96,A,G,19,41372475,A,G,0.9398,-0.1409,0.1823,0.4397,0.002246383568895201,4914,C,G,C,G
rs60749569,rs71521595,0.81,1,T,C,8,42573091,T,C,0.8943,-0.0908,0.0764,0.2342,0.0015586905800928003,4914,A,T,A,T
rs6089904,NA,NA,NA,NA,NA,NA,NA,NA,NA,NA,NA,NA,NA,NA,NA,NA,NA,NA,NA
