id.exposure,id.outcome,outcome,exposure,method,nsnp,b,se,pval
fjqzYQ,ZsTXbW,nft4,dep,Inverse variance weighted (fixed effects),169,0.9027433544944756,0.5860338740538978,0.12345590851526124
fjqzYQ,ZsTXbW,nft4,dep,Weighted median,169,0.6722105941621529,0.8478742176482966,0.4278834191695537
fjqzYQ,ZsTXbW,nft4,dep,Weighted mode,169,0.5552571880940889,2.5215566811743315,0.8259795409039581
fjqzYQ,ZsTXbW,nft4,dep,MR Egger,169,-6.167775610393167,2.34828332982355,0.009429020256539963
