id.exposure,id.outcome,outcome,exposure,method,nsnp,b,se,pval
Skmbgg,nt6jgi,load,educ,Inverse variance weighted (fixed effects),1111,-0.4166717852873908,0.05038555945344078,1.3433397800207906e-16
Skmbgg,nt6jgi,load,educ,Weighted median,1111,-0.4386008442109906,0.07780988970940646,1.7321251904728193e-8
Skmbgg,nt6jgi,load,educ,Weighted mode,1111,-0.3322275998035682,0.28288521163326225,0.24047653837162272
Skmbgg,nt6jgi,load,educ,MR Egger,1111,-0.6417645258012261,0.19786832311472166,0.0012163803575863117
