id.exposure,id.outcome,outcome,exposure,method,nsnp,b,se,pval
0yK449,jSp6fB,load,educ,Inverse variance weighted (fixed effects),1160,-0.40878045972442995,0.04927960832933386,1.0847203366641615e-16
0yK449,jSp6fB,load,educ,Weighted median,1160,-0.42496039792688156,0.0774352579970546,4.066377852948155e-8
0yK449,jSp6fB,load,educ,Weighted mode,1160,-0.29375475495218417,0.30014583509709375,0.3279291361811
0yK449,jSp6fB,load,educ,MR Egger,1160,-0.5299188145568698,0.19473491172841895,0.006601404596793995
