id.exposure,id.outcome,outcome,exposure,method,nsnp,b,se,pval
TSyiWU,g3FpA2,load,educ,Inverse variance weighted (fixed effects),2764,-0.3240135528172224,0.037830713363046255,1.0823730058911671e-17
TSyiWU,g3FpA2,load,educ,Weighted median,2764,-0.3290227011438241,0.05941137280855315,3.0587123649442485e-8
TSyiWU,g3FpA2,load,educ,Weighted mode,2764,-0.2150342408625434,0.2765054659975369,0.43682113314655646
TSyiWU,g3FpA2,load,educ,MR Egger,2764,-0.49570433037383327,0.14557187534016433,6.705469581559556e-4
