id.exposure,id.outcome,outcome,exposure,egger_intercept,se,pval
w4cE4l,e80ioJ,load,educ,0.0023686062460321917,0.0014619092359516555,0.10530460617037522
