id.exposure,id.outcome,outcome,exposure,method,nsnp,b,se,pval
w4cE4l,e80ioJ,load,educ,Inverse variance weighted (fixed effects),2666,-0.3262426590582213,0.03856398695013745,2.6789351495393063e-17
w4cE4l,e80ioJ,load,educ,Weighted median,2666,-0.337271665693619,0.05960403608477942,1.526684746921439e-8
w4cE4l,e80ioJ,load,educ,Weighted mode,2666,-0.22184834619386606,0.29946845985607723,0.4588757051807292
w4cE4l,e80ioJ,load,educ,MR Egger,2666,-0.5573893566331621,0.14915179426118508,1.900959942158336e-4
