id.exposure,id.outcome,outcome,exposure,method,nsnp,b,se,pval
mVXROp,wZZ604,npany,smkukbb,Inverse variance weighted (fixed effects),203,-0.39981264471549965,0.6289767824361531,0.5250008898194698
mVXROp,wZZ604,npany,smkukbb,Weighted median,203,-0.5544241701646814,0.9691063766034483,0.5672553391254278
mVXROp,wZZ604,npany,smkukbb,Weighted mode,203,-3.73391021355355,2.6260745494799944,0.15660906831090537
mVXROp,wZZ604,npany,smkukbb,MR Egger,203,1.0834928787115368,3.1057466688633677,0.7275542456976245
