id.exposure,id.outcome,outcome,exposure,method,nsnp,b,se,pval
u5b0V1,qXpXtt,sociso,ptau,Inverse variance weighted (fixed effects),6,-0.001973253372647331,0.0223655441857989,0.9296959558296004
u5b0V1,qXpXtt,sociso,ptau,Weighted median,6,0.003480514225183716,0.028756188622323802,0.9036630668658725
u5b0V1,qXpXtt,sociso,ptau,Weighted mode,6,0.011916269550252268,0.03957132217554525,0.7754331423438887
u5b0V1,qXpXtt,sociso,ptau,MR Egger,6,0.07022690995698236,0.0828386290289903,0.4443220997821506
