id.exposure,id.outcome,outcome,exposure,method,nsnp,b,se,pval
SNG1aX,t3YHgT,trig,nft4,Inverse variance weighted (fixed effects),7,0.07850962934924376,0.005439042762370581,3.1410930685516197e-47
SNG1aX,t3YHgT,trig,nft4,Weighted median,7,0.03321996500812704,0.01192096254016125,0.0053250247581972
SNG1aX,t3YHgT,trig,nft4,Weighted mode,7,0.06800458831629541,0.01304328730169928,0.0019881551101958773
SNG1aX,t3YHgT,trig,nft4,MR Egger,7,0.11717336128058149,0.07149627716732317,0.16216492203279478
