id.exposure,id.outcome,outcome,exposure,method,nsnp,b,se,pval
SrFmug,8q6VsW,hipv2015,educ,Inverse variance weighted (fixed effects),1038,22.756627660743664,15.226867169612058,0.13504370105548552
SrFmug,8q6VsW,hipv2015,educ,Weighted median,1038,31.277116267911374,23.325748789122958,0.17995821622497354
SrFmug,8q6VsW,hipv2015,educ,Weighted mode,1038,91.97729796739941,100.30840909932097,0.3593846360141614
SrFmug,8q6VsW,hipv2015,educ,MR Egger,1038,-3.1918974616038933,55.93390019816962,0.9545040014499441
