id.exposure,id.outcome,outcome,exposure,egger_intercept,se,pval
qMd2ic,RKd2c3,hipv2015,educ,0.2751381294820427,0.37146572829544866,0.45894984501070835
