id.exposure,id.outcome,outcome,exposure,method,nsnp,b,se,pval
SrFmug,8q6VsW,hipv2015,educ,Inverse variance weighted (fixed effects),1038,22.756627660743664,15.226867169612058,0.13504370105548552
SrFmug,8q6VsW,hipv2015,educ,Weighted median,1038,31.277116267911374,22.88683032803858,0.1717510743042188
SrFmug,8q6VsW,hipv2015,educ,Weighted mode,1038,91.97729796739941,99.12557399668741,0.3536822770836374
SrFmug,8q6VsW,hipv2015,educ,MR Egger,1038,-3.1918974616038933,55.93390019816962,0.9545040014499441
