query_snp_rsid,rsID,ld.r2,Dprime,ref.proxy,alt.proxy,CHR,POS,Effect_allele.proxy,Non_Effect_allele.proxy,EAF,Beta,SE,P,r2,N,ref,alt,Effect_allele,Non_Effect_allele
rs10501696,NA,NA,NA,NA,NA,NA,NA,NA,NA,NA,NA,NA,NA,NA,NA,NA,NA,NA,NA
rs11961509,NA,NA,NA,NA,NA,NA,NA,NA,NA,NA,NA,NA,NA,NA,NA,NA,NA,NA,NA
rs1233393,rs1235162,0.96,0.98,A,G,6,29537224,G,A,0.0843548,0.01824,0.009503,0.05505,5.139450491134014e-5,3108,C,G,G,C
rs1634726,NA,NA,NA,NA,NA,NA,NA,NA,NA,NA,NA,NA,NA,NA,NA,NA,NA,NA,NA
rs17476793,rs28780106,0.92,0.96,G,A,6,30451515,A,G,0.0678164,-0.02435,0.01113,0.02872,7.496596167971034e-5,2901,G,C,C,G
rs2284174,rs3095329,0.93,0.97,A,G,6,30693816,G,A,0.229181,-0.001149,0.006892,0.8676,4.664456789327942e-7,3108,T,C,C,T
rs2523734,rs2257914,0.93,0.98,C,A,6,30120563,A,C,0.117709,-0.001515,0.008061,0.851,4.767347182703036e-7,3108,A,C,C,A
rs2596505,rs2442727,0.96,0.99,G,A,6,31319667,A,G,0.146135,0.007238,0.007874,0.3581,1.3074064080612965e-5,3086,C,T,T,C
rs28541419,NA,NA,NA,NA,NA,NA,NA,NA,NA,NA,NA,NA,NA,NA,NA,NA,NA,NA,NA
rs28986310,rs115938232,0.97,1,A,G,6,29725013,G,A,0.0482445,-0.024140000000000002,0.01318,0.0671,5.351527138717966e-5,2720,C,T,T,C
rs3130116,rs3130141,0.95,0.98,C,A,6,30432177,A,C,0.0974746,0.01098,0.008805,0.2125,2.1212193042440902e-5,2898,T,C,C,T
rs9257681,NA,NA,NA,NA,NA,NA,NA,NA,NA,NA,NA,NA,NA,NA,NA,NA,NA,NA,NA
