query_snp_rsid,rsID,ld.r2,Dprime,ref.proxy,alt.proxy,CHR,POS,Effect_allele.proxy,Non_Effect_allele.proxy,EAF,Beta,SE,P,r2,N,ref,alt,Effect_allele,Non_Effect_allele
rs10511095,rs4856463,0.91,0.97,C,T,3,83638568,T,C,0.2246,0.0143,0.0553,0.7956,7.12258464632e-5,4914,A,T,T,A
rs10956809,rs12546418,0.94,0.98,G,A,8,92805751,A,G,0.4501,0.0273,0.0438,0.5334,3.6893344089420005e-4,4914,G,C,C,G
rs12244388,rs7904113,0.96,0.99,G,T,10,104633114,T,G,0.365,-0.0469,0.0454,0.3016,0.0010196292155,4914,G,A,A,G
rs12404691,rs12119736,1,1,G,A,1,72912656,A,G,0.1631,0.0547,0.0608,0.368,8.168309354701999e-4,4914,A,T,T,A
rs13246563,rs10274978,1,1,T,C,7,3433777,T,C,0.4483,0.05,0.0443,0.2587,0.0012366355500000002,4914,C,G,C,G
rs146901418,NA,NA,NA,NA,NA,NA,NA,NA,NA,NA,NA,NA,NA,NA,NA,NA,NA,NA,NA
rs323740,rs1407905,1,1,C,T,9,102086676,T,C,0.4874,-0.009,0.0434,0.8352,4.047428087999999e-5,4914,C,G,G,C
rs7216173,rs9896751,0.96,1,A,G,17,51890515,A,G,0.2037,-0.1591,0.054,0.003237,0.008211795011662198,4914,A,T,A,T
rs73121433,rs12714557,0.94,1,C,T,3,83154934,T,C,0.1789,0.0051,0.0562,0.9284,7.6414669758e-6,4914,G,A,A,G
rs73138150,NA,NA,NA,NA,NA,NA,NA,NA,NA,NA,NA,NA,NA,NA,NA,NA,NA,NA,NA
rs7585579,rs2192512,0.91,0.98,T,C,2,60000720,T,C,0.5269,-0.0257,0.0443,0.5612,3.2928912566219996e-4,4914,C,G,C,G
rs77804773,rs28820372,0.95,0.99,G,A,8,59888813,A,G,0.1012,0.0412,0.0898,0.6459,3.0879339617280005e-4,4914,T,A,A,T
rs77878475,NA,NA,NA,NA,NA,NA,NA,NA,NA,NA,NA,NA,NA,NA,NA,NA,NA,NA,NA
