id.exposure,id.outcome,outcome,exposure,method,nsnp,b,se,pval
QCJhml,CTFE9E,npany,sociso,Inverse variance weighted (fixed effects),25,1.9346562856877252,1.2022533062396645,0.10757438637823415
QCJhml,CTFE9E,npany,sociso,Weighted median,25,2.642445894202078,1.7049169046456747,0.12116619781034808
QCJhml,CTFE9E,npany,sociso,Weighted mode,25,4.891820173657635,3.2888398895713697,0.14993071557339918
QCJhml,CTFE9E,npany,sociso,MR Egger,25,3.0626823554168325,6.6166963414350635,0.6478058926113976
