target_snp,proxy_snp,ld.r2,Dprime,PHASE,X12,CHR,POS,Effect_allele.proxy,Non_Effect_allele.proxy,EAF,Beta,SE,P,r2,N,ref,ref.proxy,alt,alt.proxy,Effect_allele,Non_Effect_allele,proxy.outcome
rs17028896,rs1826908,0.916891,1,TC/AT,NA,4,100301244,C,T,0.09763,1.246,7.5112,0.8682,0.2735482986737592,13163,T,C,A,T,T,A,TRUE
rs2006682,rs12551268,0.927862,0.979887,GA/CC,NA,9,6231318,A,C,0.2599,3.735,5.2612,0.4778,5.3667070793955,12964,G,A,C,C,G,C,TRUE
rs13296886,rs67715198,1,1,GA/CG,NA,9,84329272,A,G,0.07784,23.1297,8.0113,0.003887,76.80316242751209,13163,G,A,C,G,G,C,TRUE
rs79171978,rs34066997,1,1,CT/GC,NA,12,17765655,T,C,0.09367,0.6628,7.8679,0.9329,0.07459021706521084,12964,C,T,G,C,C,G,TRUE
rs9571413,rs1337944,1,1,GA/CG,NA,13,34901406,A,G,0.05541,-1.1192,11.2215,0.9206,0.13112240078644724,12838,G,A,C,G,G,C,TRUE
rs870089,rs2346463,1,1,GG/CA,NA,14,57886739,G,A,0.1214,6.4429,6.811,0.3442,8.855287439379671,13163,G,G,C,A,G,C,TRUE
rs78323057,NA,NA,NA,NA,NA,NA,NA,NA,NA,NA,NA,NA,NA,NA,NA,NA,NA,NA,NA,NA,NA,NA
