id.exposure,id.outcome,outcome,exposure,method,nsnp,b,se,pval
mEgdYo,2kXPHl,mvpa,ab42,Inverse variance weighted (fixed effects),5,-0.16114278994633421,0.024852641763512515,8.936368490445541e-11
mEgdYo,2kXPHl,mvpa,ab42,Weighted median,5,-0.18175753142994994,0.03073385796535737,3.340632131641549e-9
mEgdYo,2kXPHl,mvpa,ab42,Weighted mode,5,-0.1976093139387397,0.031523336802182646,0.003304780753487395
mEgdYo,2kXPHl,mvpa,ab42,MR Egger,5,-0.26900305410014813,0.07026780773028965,0.031397490018465084
