id.exposure,id.outcome,outcome,exposure,method,nsnp,b,se,pval
3FpVMk,rJjH6a,mvpa,ab42,Inverse variance weighted (fixed effects),16,-0.13675177153787535,0.020159695977775793,1.1736030279237741e-11
3FpVMk,rJjH6a,mvpa,ab42,Weighted median,16,-0.1705203131029529,0.031669292839768624,7.26844963805128e-8
3FpVMk,rJjH6a,mvpa,ab42,Weighted mode,16,-0.20406560964402076,0.03207808402602035,1.2775502339216723e-5
3FpVMk,rJjH6a,mvpa,ab42,MR Egger,16,-0.2118651636357453,0.050355927548617785,8.779051139183755e-4
