id.exposure,id.outcome,outcome,exposure,method,nsnp,b,se,pval
mEgdYo,2kXPHl,mvpa,ab42,Inverse variance weighted (fixed effects),5,-0.16114278994633421,0.024852641763512515,8.936368490445541e-11
mEgdYo,2kXPHl,mvpa,ab42,Weighted median,5,-0.18175753142994994,0.032164045624885014,1.595601037984889e-8
mEgdYo,2kXPHl,mvpa,ab42,Weighted mode,5,-0.1976093139387397,0.0318663969251185,0.0034393615050014206
mEgdYo,2kXPHl,mvpa,ab42,MR Egger,5,-0.26900305410014813,0.07026780773028965,0.031397490018465084
