id.exposure,id.outcome,outcome,exposure,egger_intercept,se,pval
3FpVMk,rJjH6a,mvpa,ab42,0.003114660408133059,0.001801123156020231,0.10573396916317566
