id.exposure,id.outcome,outcome,exposure,egger_intercept,se,pval
mEgdYo,2kXPHl,mvpa,ab42,0.005833801736666611,0.0033083828897879177,0.17604265100607228
