target_snp,proxy_snp,ld.r2,Dprime,PHASE,X12,CHR,POS,Effect_allele.proxy,Non_Effect_allele.proxy,EAF,Beta,SE,P,r2,N,ref,ref.proxy,alt,alt.proxy,Effect_allele,Non_Effect_allele,proxy.outcome
rs9348817,rs2394512,1,1,CG/TA,NA,6,28992184,A,G,0.5794,-0.0216,0.0144,0.1335,2.273972755968e-4,40255,C,G,T,A,T,C,TRUE
rs17508548,rs2267633,1,1,GG/TA,NA,6,29570841,A,G,0.8732,-0.0195,0.0212,0.356,8.420389848000002e-5,40255,G,G,T,A,T,G,TRUE
rs2523734,rs2257914,0.874509,0.939173,CA/AC,NA,6,30120563,A,C,0.1462,-0.0077,0.0204,0.7067,1.48018149048e-5,40255,C,A,A,C,C,A,TRUE
rs3869094,rs4713411,0.996006,1,CA/TC,NA,6,30987176,A,C,0.4291,-0.0065,0.0143,0.6514,2.0700234554999997e-5,40255,C,A,T,C,C,T,TRUE
rs1634726,rs1634721,1,1,AA/GG,NA,6,30977680,A,G,0.1054,-0.0098,0.0236,0.6766,1.8111384547199998e-5,40255,A,A,G,G,A,G,TRUE
rs2736155,rs1077393,0.988079,0.996002,GA/CG,NA,6,31610529,A,G,0.4953,-0.0212,0.0142,0.1374,2.2470014374079998e-4,40255,G,A,C,G,G,C,TRUE
rs77937532,rs12627769,0.993571,1,AA/GG,NA,22,20031102,A,G,0.1937,0.0015,0.0154,0.9212,7.028113950000001e-7,40255,A,A,G,G,A,G,TRUE
rs11961509,NA,NA,NA,NA,NA,NA,NA,NA,NA,NA,NA,NA,NA,NA,NA,NA,NA,NA,NA,NA,NA,NA
rs6986,NA,NA,NA,NA,NA,NA,NA,NA,NA,NA,NA,NA,NA,NA,NA,NA,NA,NA,NA,NA,NA,NA
rs12212594,NA,NA,NA,NA,NA,NA,NA,NA,NA,NA,NA,NA,NA,NA,NA,NA,NA,NA,NA,NA,NA,NA
