target_snp,proxy_snp,ld.r2,Dprime,PHASE,X12,CHR,POS,Effect_allele.proxy,Non_Effect_allele.proxy,EAF,Beta,SE,P,r2,N,ref,ref.proxy,alt,alt.proxy,Effect_allele,Non_Effect_allele,proxy.outcome
rs2745400,rs969931,0.8596,0.938275,GG/AT,NA,6,29494897,T,G,0.5193,0.0233,0.0142,0.1021,2.710405578078e-4,40255,G,G,A,T,A,G,TRUE
rs3132625,rs3132631,1,1,GT/AC,NA,6,30344645,T,C,0.1059,0.0032,0.0235,0.8911,1.9391526911999997e-6,40255,G,T,A,C,G,A,TRUE
rs2516478,rs2259435,1,1,AA/GG,NA,6,31496915,A,G,0.1686,-0.0107,0.0191,0.5755,3.20970516792e-5,40255,A,A,G,G,A,G,TRUE
rs3132450,rs3117582,1,1,GG/AT,NA,6,31620520,T,G,0.9041,0.008,0.0245,0.7431,1.1098008319999997e-5,40255,G,G,A,T,A,G,TRUE
rs453098,rs1150793,0.929215,1,AG/GA,NA,6,31717696,A,G,0.9344,0.0861,0.0253,6.568e-4,9.088097292287997e-4,40255,A,G,G,A,G,A,TRUE
rs419132,rs382259,0.964897,1,GC/AT,NA,6,32209027,T,C,0.676,0.0599,0.0361,0.09678,0.00157172060448,40255,G,C,A,T,A,G,TRUE
rs9267955,rs9267992,1,1,AG/GA,NA,6,32220397,A,G,0.8657,-0.0469,0.0209,0.02487,5.114687584621999e-4,40255,A,G,G,A,G,A,TRUE
rs2395149,rs7775397,1,1,AG/GT,NA,6,32261252,T,G,0.9065,0.0184,0.0247,0.4575,5.739116768000002e-5,40255,A,G,G,T,G,A,TRUE
rs3135005,rs9271069,0.972874,1,AA/GG,NA,6,32575700,A,G,0.1443,0.0503,0.0205,0.01393,6.248184265517999e-4,40255,A,A,G,G,A,G,TRUE
rs35242582,rs145649164,0.871292,0.981878,GA/AC,NA,6,32601918,A,C,0.1589,-0.0709,0.052,0.1725,0.0013436742553598001,40255,G,A,A,C,G,A,TRUE
rs9276931,rs1480380,0.866016,1,GT/AC,NA,6,32913246,T,C,0.0766,0.0256,0.0269,0.3428,9.271042375680001e-5,40255,G,T,A,C,G,A,TRUE
rs3131622,NA,NA,NA,NA,NA,NA,NA,NA,NA,NA,NA,NA,NA,NA,NA,NA,NA,NA,NA,NA,NA,NA
