target_snp,proxy_snp,ld.r2,Dprime,PHASE,X12,CHR,POS,Effect_allele.proxy,Non_Effect_allele.proxy,EAF,Beta,SE,P,r2,N,ref,ref.proxy,alt,alt.proxy,Effect_allele,Non_Effect_allele,proxy.outcome
rs10127497,rs58274265,1,1,TG/AT,NA,1,67045629,T,G,0.858,-0.1857,0.1196,0.1206,0.008402904647280001,4914,T,G,A,T,A,T,TRUE
rs6699744,rs2012697,1,1,AT/TC,NA,1,72819612,T,C,0.3765,-0.049,0.0904,0.5878,0.0011272586955000002,4914,A,T,T,C,A,T,TRUE
rs483143,rs200990,0.98781,1,CG/GT,NA,6,27815823,T,G,0.8893,-0.2394,0.1806,0.185,0.011284289019007201,4914,C,G,G,T,G,C,TRUE
rs9257681,rs3129120,0.985245,1,GC/CT,NA,6,29111775,T,C,0.8999,-0.3389,0.2105,0.1074,0.02069195201653579,4914,G,C,C,T,C,G,TRUE
rs1233393,rs1233385,0.985245,1,GC/CT,NA,6,29559238,T,C,0.8924,-0.1768,0.2109,0.4019,0.006002972446515203,4914,G,C,C,T,C,G,TRUE
rs17476793,rs9262026,1,1,CC/GT,NA,6,30436189,T,C,0.9201,0.074,0.1758,0.6738,8.051471224799996e-4,4914,C,C,G,T,G,C,TRUE
rs28541419,rs8035777,0.909953,1,GG/CA,NA,15,88943807,A,G,0.7549,0.1818,0.1117,0.1037,0.0122306768034552,4914,G,G,C,A,C,G,TRUE
