query_snp_rsid,rsID,ld.r2,Dprime,ref.proxy,alt.proxy,CHR,POS,Effect_allele.proxy,Non_Effect_allele.proxy,EAF,Beta,SE,P,r2,N,ref,alt,Effect_allele,Non_Effect_allele
rs2395149,rs2894254,0.88,0.94,T,G,6,32345689,T,G,0.9067,0.0234,0.0248,0.3442,9.264179686320004e-5,40255,G,A,G,A
rs2516478,rs2259435,1,1,G,A,6,31496915,A,G,0.1686,-0.0107,0.0191,0.5755,3.20970516792e-5,40255,G,A,A,G
rs3132450,rs3117582,1,1,T,G,6,31620520,T,G,0.9041,0.008,0.0245,0.7431,1.1098008319999997e-5,40255,A,G,A,G
rs3132625,rs3129822,1,1,G,T,6,30346208,T,G,0.1059,0.0042,0.0235,0.858,3.340493503199999e-6,40255,A,G,G,A
rs35242582,rs111597180,0.8,0.98,G,C,6,32599435,C,G,0.2573,-0.0342,0.0381,0.3685,4.4702871176879996e-4,40255,A,G,G,A
rs419132,rs377743,0.9,1,G,A,6,32211065,A,G,0.3125,-0.0574,0.0363,0.1136,0.0014157171875,40255,A,G,G,A
rs453098,rs1150793,0.91,1,A,G,6,31717696,A,G,0.9344,0.0861,0.0253,6.568e-4,9.088097292287997e-4,40255,G,A,G,A
