query_snp_rsid,rsID,ld.r2,Dprime,ref.proxy,alt.proxy,CHR,POS,Effect_allele.proxy,Non_Effect_allele.proxy,EAF,Beta,SE,P,r2,N,ref,alt,Effect_allele,Non_Effect_allele
rs1123285,rs2274793,0.95,0.98,C,T,14,57283968,T,C,0.3271,0.0072,0.0963,0.9405,2.28205475712e-5,4914,C,G,G,C
rs13032049,NA,NA,NA,NA,NA,NA,NA,NA,NA,NA,NA,NA,NA,NA,NA,NA,NA,NA,NA
rs13127398,rs13109404,0.98,1,T,G,4,102896591,T,G,0.9139,0.0334,0.1883,0.8594,0.00017555967090479991,4914,T,A,T,A
rs13332432,rs3794666,0.92,0.97,C,T,16,85723042,T,C,0.278,-0.2283,0.1094,0.03696,0.020922993114480003,4914,C,G,G,C
rs144198753,NA,NA,NA,NA,NA,NA,NA,NA,NA,NA,NA,NA,NA,NA,NA,NA,NA,NA,NA
rs144502847,rs145329623,1,1,A,G,4,98528709,A,G,0.9886,0.8126,0.9888,0.4112,0.014883637675900757,4914,T,A,T,A
rs148382129,NA,NA,NA,NA,NA,NA,NA,NA,NA,NA,NA,NA,NA,NA,NA,NA,NA,NA,NA
rs148960385,rs150848708,1,1,G,A,4,100608799,A,G,0.0123,-0.7188,0.5955,0.2274,0.0125538315745248,4914,G,A,A,G
rs150955800,rs145329623,1,1,A,G,4,98528709,A,G,0.9886,0.8126,0.9888,0.4112,0.014883637675900757,4914,T,A,T,A
rs17288033,NA,NA,NA,NA,NA,NA,NA,NA,NA,NA,NA,NA,NA,NA,NA,NA,NA,NA,NA
rs2049045,rs6265,0.97,1,C,T,11,27679916,T,C,0.1883,-0.1276,0.1158,0.2702,0.0049771096693472,4914,G,C,C,G
rs28601761,rs112875651,0.8,0.93,G,A,8,126506694,A,G,0.3811,-0.0806,0.0936,0.3893,0.0030644991888888,4914,C,G,G,C
rs34704785,rs11148751,1,1,A,G,13,68108403,A,G,0.5917,-0.1578,0.0906,0.08153,0.012031643151064798,4914,C,T,C,T
rs538628,rs169201,0.93,1,A,G,17,44790203,A,G,0.8024,0.1062,0.1123,0.344,0.0035764889651712,4914,G,C,G,C
rs6835022,rs113299742,1,1,G,A,4,39359536,A,G,0.1797,0.0233,0.1168,0.842,1.6005256051980003e-4,4914,A,T,T,A
rs79616692,rs11648570,0.96,0.99,T,C,16,72356964,T,C,0.8918,0.0242,0.1474,0.8695,1.1302003993279997e-4,4914,G,C,G,C
