id.exposure,id.outcome,outcome,exposure,egger_intercept,se,pval
E6vkXg,0WqSEw,bmi,tau,0.010008465051682465,0.0049436174237457164,0.07358263979781625
