id.exposure,id.outcome,outcome,exposure,method,nsnp,b,se,pval
NOpd6H,edkCw0,ab42,smkukbb,Inverse variance weighted (fixed effects),586,0.01564629421844926,0.0242459458175687,0.5187224943604138
NOpd6H,edkCw0,ab42,smkukbb,Weighted median,586,-0.037848049229380724,0.035988814450038,0.29295489802411656
NOpd6H,edkCw0,ab42,smkukbb,Weighted mode,586,-0.146215343037446,0.12963199026095573,0.25981338652288727
NOpd6H,edkCw0,ab42,smkukbb,MR Egger,586,-0.08664897703176269,0.09880319729871395,0.38085509104482107
