id.exposure,id.outcome,outcome,exposure,method,nsnp,b,se,pval
sbpwCg,3mw6tl,ab42,smkukbb,Inverse variance weighted (fixed effects),528,0.01898580039821618,0.025452600238097877,0.4557110711459691
sbpwCg,3mw6tl,ab42,smkukbb,Weighted median,528,-0.031907734905260325,0.03846439156756946,0.40679915449504245
sbpwCg,3mw6tl,ab42,smkukbb,Weighted mode,528,-0.1690607677752176,0.1312540734793346,0.19829658301121758
sbpwCg,3mw6tl,ab42,smkukbb,MR Egger,528,-0.09827530204233473,0.10174408725901118,0.3345347131348748
