id.exposure,id.outcome,outcome,exposure,method,nsnp,b,se,pval
v0NL31,MElkno,ab42,smkukbb,Inverse variance weighted (fixed effects),168,0.005890693532758894,0.038134475654807536,0.8772379010414951
v0NL31,MElkno,ab42,smkukbb,Weighted median,168,-0.04502875309930929,0.05770055239978838,0.43516319788612373
v0NL31,MElkno,ab42,smkukbb,Weighted mode,168,-0.14592016920981776,0.14339691554021472,0.3103418098761327
v0NL31,MElkno,ab42,smkukbb,MR Egger,168,-0.18947105789003055,0.1665633819206054,0.25695549088560116
