id.exposure,id.outcome,outcome,exposure,method,nsnp,b,se,pval
v0NL31,MElkno,ab42,smkukbb,Inverse variance weighted (fixed effects),168,0.005890693532758894,0.038134475654807536,0.8772379010414951
v0NL31,MElkno,ab42,smkukbb,Weighted median,168,-0.04502875309930929,0.056841502162267625,0.4282551960381318
v0NL31,MElkno,ab42,smkukbb,Weighted mode,168,-0.14592016920981776,0.14131153138618308,0.3032779836189267
v0NL31,MElkno,ab42,smkukbb,MR Egger,168,-0.18947105789003055,0.1665633819206054,0.25695549088560116
