id.exposure,id.outcome,outcome,exposure,egger_intercept,se,pval
R1yJZO,mX2Lwg,ab42,smkukbb,0.0020088900511874876,0.0014817223252234257,0.1768307115024444
