id.exposure,id.outcome,outcome,exposure,method,nsnp,b,se,pval
R1yJZO,mX2Lwg,ab42,smkukbb,Inverse variance weighted (fixed effects),186,0.008836320375183612,0.03650041720677828,0.808711819758991
R1yJZO,mX2Lwg,ab42,smkukbb,Weighted median,186,-0.042667630164767226,0.05444167601025407,0.4331979579515285
R1yJZO,mX2Lwg,ab42,smkukbb,Weighted mode,186,-0.14394342597250187,0.15640904791802895,0.35861388028550545
R1yJZO,mX2Lwg,ab42,smkukbb,MR Egger,186,-0.19713507022204912,0.15630855134502794,0.20883641811037965
