id.exposure,id.outcome,outcome,exposure,egger_intercept,se,pval
v0NL31,MElkno,ab42,smkukbb,0.0019322041554082042,0.0016014504473484956,0.2293283615511088
