id.exposure,id.outcome,outcome,exposure,method,nsnp,b,se,pval
RkUHXe,MaA3Bf,insom,hipv,Inverse variance weighted (fixed effects),28,-0.024160461527663275,0.0455407955852626,0.5957490312981206
RkUHXe,MaA3Bf,insom,hipv,Weighted median,28,0.019162481378064228,0.069567976134722,0.7829707295612045
RkUHXe,MaA3Bf,insom,hipv,Weighted mode,28,0.02961234776786359,0.10181869515918611,0.7734006040136258
RkUHXe,MaA3Bf,insom,hipv,MR Egger,28,0.005728811434956812,0.16193341273813938,0.9720488826871596
