id.exposure,id.outcome,outcome,exposure,method,nsnp,b,se,pval
RkUHXe,MaA3Bf,insom,hipv,Inverse variance weighted (fixed effects),27,0.013519641305760626,0.046603837395729736,0.771741901324241
RkUHXe,MaA3Bf,insom,hipv,Weighted median,27,0.024274676668227052,0.06679044104360217,0.7162722138659621
RkUHXe,MaA3Bf,insom,hipv,Weighted mode,27,0.034403290621699445,0.10831987429936761,0.7533188182261114
RkUHXe,MaA3Bf,insom,hipv,MR Egger,27,-0.008737014983294246,0.1334012609108888,0.9483014184353136
