id.exposure,id.outcome,outcome,exposure,method,nsnp,b,se,pval
wNSbiC,iHWxFI,sociso,hipv,Inverse variance weighted (fixed effects),27,-0.014839941674995489,0.007744842996184197,0.05535157943185226
wNSbiC,iHWxFI,sociso,hipv,Weighted median,27,-0.021238820300227904,0.011833298231303446,0.07267995933740135
wNSbiC,iHWxFI,sociso,hipv,Weighted mode,27,-0.026842838837447175,0.02533491972121806,0.2991075142906328
wNSbiC,iHWxFI,sociso,hipv,MR Egger,27,-0.017625582102826345,0.025641936756058917,0.4981753642496044
