target_snp,proxy_snp,ld.r2,Dprime,PHASE,X12,CHR,POS,Effect_allele.proxy,Non_Effect_allele.proxy,EAF,Beta,SE,P,r2,N,ref,ref.proxy,alt,alt.proxy,Effect_allele,Non_Effect_allele,proxy.outcome
rs11925227,rs9841632,0.841054,0.920365,AA/GC,NA,3,170757334,A,C,0.175839,-0.00366,0.007689,0.6341,3.882571222031705e-6,2431,A,A,G,C,A,G,TRUE
rs7674212,rs7691873,0.99187,0.995927,TC/GT,NA,4,103987899,C,T,0.435602,-7.048e-4,0.006785,0.9173,2.442514314892915e-7,1643,T,C,G,T,T,G,TRUE
rs3936511,rs13173241,0.91176,1,GA/AG,NA,5,55861359,A,G,0.209039,0.008771,0.006757,0.1943,2.543961925163523e-5,2646,G,A,A,G,G,A,TRUE
rs7909016,rs2094406,0.989879,1,GT/AC,NA,10,114714725,T,C,0.286726,-8.175e-4,0.00659,0.9013,2.733562373825299e-7,2379,G,T,A,C,G,A,TRUE
rs67232546,rs11820002,0.886211,0.981199,TC/CG,NA,11,128389259,C,G,0.224515,-0.005593,0.006386,0.3813,1.0892771612556725e-5,2831,T,C,C,G,T,C,TRUE
rs576674,rs2858980,1,1,GG/AA,NA,13,33554587,G,A,0.17962699999999998,-0.004056,0.007203,0.5735,4.848516339167958e-6,2732,G,G,A,A,G,A,TRUE
rs1359790,rs1327315,0.994944,1,AT/GC,NA,13,80708732,T,C,0.275269,-0.002375,0.006096,0.6969,2.2505639977399687e-6,2814,A,T,G,C,A,G,TRUE
rs12910825,rs4932182,0.941787,0.991241,GA/AC,NA,15,91508803,A,C,0.394071,-0.0121,0.005942,0.04183,6.991928053053438e-5,2442,G,A,A,C,G,A,TRUE
rs77258096,rs9921930,0.846651,1,AT/CC,NA,16,75244745,T,C,0.130982,-0.004521,0.007895,0.567,4.653067999684754e-6,2812,A,T,C,C,A,C,TRUE
rs10811661,NA,NA,NA,NA,NA,NA,NA,NA,NA,NA,NA,NA,NA,NA,NA,NA,NA,NA,NA,NA,NA,NA
rs10830963,NA,NA,NA,NA,NA,NA,NA,NA,NA,NA,NA,NA,NA,NA,NA,NA,NA,NA,NA,NA,NA,NA
