id.exposure,id.outcome,outcome,exposure,method,nsnp,b,se,pval
oQJBiT,oVW7Ll,vbiany,dep,Inverse variance weighted (fixed effects),168,-0.16138971622257572,0.7748162716733458,0.8349992794441068
oQJBiT,oVW7Ll,vbiany,dep,Weighted median,168,0.9132629165919104,1.1313343445008184,0.41952589241192506
oQJBiT,oVW7Ll,vbiany,dep,Weighted mode,168,2.9270266725992187,3.1609455319031152,0.35578367279681433
oQJBiT,oVW7Ll,vbiany,dep,MR Egger,168,2.230107380569376,3.1653594431999945,0.4820867438935904
