id.exposure,id.outcome,outcome,exposure,egger_intercept,se,pval
qS0s3i,fJjE9E,aaos,pp,0.0017632080864874603,0.0012382525978181047,0.15459117753439228
