id.exposure,id.outcome,outcome,exposure,method,nsnp,b,se,pval
qS0s3i,fJjE9E,aaos,pp,Inverse variance weighted (fixed effects),2405,0.005660373642034878,0.0024183048908978802,0.01925087968085482
qS0s3i,fJjE9E,aaos,pp,Weighted median,2405,0.0021358463793425034,0.0042591172408738545,0.6160359493224975
qS0s3i,fJjE9E,aaos,pp,Weighted mode,2405,5.778503621787223e-4,0.009601049891855682,0.9520123680518238
qS0s3i,fJjE9E,aaos,pp,MR Egger,2405,-0.004111285030329034,0.007432377156564883,0.5802061140917055
