id.exposure,id.outcome,outcome,exposure,method,nsnp,b,se,pval
OQtnn3,cxX5lp,aaos,pp,Inverse variance weighted (fixed effects),1197,0.004924329212400084,0.002855265782580934,0.08459087755521684
OQtnn3,cxX5lp,aaos,pp,Weighted median,1197,0.0019706513986676878,0.004842090571347953,0.6840200415537412
OQtnn3,cxX5lp,aaos,pp,Weighted mode,1197,-0.0029766511039137633,0.009931135330908994,0.7644358161515915
OQtnn3,cxX5lp,aaos,pp,MR Egger,1197,-0.012704669097823269,0.0098019062836636,0.1951765959832709
