id.exposure,id.outcome,outcome,exposure,egger_intercept,se,pval
TZ2BHs,GBWA1D,aaos,pp,0.0037432470526787558,0.0018967238455361193,0.048668677236557774
