id.exposure,id.outcome,outcome,exposure,egger_intercept,se,pval
G6b4sC,cvGgoL,aaos,pp,0.001893484303199703,0.0012436281718447623,0.12800469937849057
