id.exposure,id.outcome,outcome,exposure,method,nsnp,b,se,pval
TZ2BHs,GBWA1D,aaos,pp,Inverse variance weighted (fixed effects),1177,0.005388783026236421,0.0028768269749985804,0.061045055540977694
TZ2BHs,GBWA1D,aaos,pp,Weighted median,1177,0.0020081997121264863,0.004672606565074067,0.6673546142812306
TZ2BHs,GBWA1D,aaos,pp,Weighted mode,1177,-0.002871217904119483,0.00964977356056052,0.7661049057576189
TZ2BHs,GBWA1D,aaos,pp,MR Egger,1177,-0.013257808487637857,0.009840322497080887,0.1781452791422812
