id.exposure,id.outcome,outcome,exposure,method,nsnp,b,se,pval
G6b4sC,cvGgoL,aaos,pp,Inverse variance weighted (fixed effects),2379,0.006085715652515186,0.0024331929788895005,0.012380006826840028
G6b4sC,cvGgoL,aaos,pp,Weighted median,2379,0.002272753719031906,0.004007043546784971,0.5705853234959866
G6b4sC,cvGgoL,aaos,pp,Weighted mode,2379,6.368153406139943e-4,0.009944972631947227,0.9489486192640064
G6b4sC,cvGgoL,aaos,pp,MR Egger,2379,-0.004410517516020892,0.007468932822374626,0.5549015108532995
