id.exposure,id.outcome,outcome,exposure,method,nsnp,b,se,pval
TZ2BHs,GBWA1D,aaos,pp,Inverse variance weighted (fixed effects),1178,0.005239945584013426,0.0028765685353534833,0.0685163164326608
TZ2BHs,GBWA1D,aaos,pp,Weighted median,1178,0.002006549571979575,0.004776511489692428,0.6744220230597192
TZ2BHs,GBWA1D,aaos,pp,Weighted mode,1178,-0.0029647630063552866,0.010620856930373382,0.7801823085691487
TZ2BHs,GBWA1D,aaos,pp,MR Egger,1178,-0.012876161961648808,0.009875451308517332,0.19253800182346825
