id.exposure,id.outcome,outcome,exposure,method,nsnp,b,se,pval
OQtnn3,cxX5lp,aaos,pp,Inverse variance weighted (fixed effects),1195,0.004221633864373601,0.002857372551457169,0.1395542278410574
OQtnn3,cxX5lp,aaos,pp,Weighted median,1195,0.001981021555571984,0.004599351377429599,0.6666737249489674
OQtnn3,cxX5lp,aaos,pp,Weighted mode,1195,-1.8472775772226946e-4,0.00998010143507195,0.9852354058582
OQtnn3,cxX5lp,aaos,pp,MR Egger,1195,-0.012197382846142456,0.008071096405220307,0.13099153384560977
