id.exposure,id.outcome,outcome,exposure,method,nsnp,b,se,pval
qS0s3i,fJjE9E,aaos,pp,Inverse variance weighted (fixed effects),2404,0.005999550584035628,0.0024193372482368323,0.01314441978185709
qS0s3i,fJjE9E,aaos,pp,Weighted median,2404,0.0021619926911332315,0.004064780790022537,0.5948061988752009
qS0s3i,fJjE9E,aaos,pp,Weighted mode,2404,6.426191654231861e-4,0.01016298945544431,0.9495875696066831
qS0s3i,fJjE9E,aaos,pp,MR Egger,2404,-0.0032596626252772527,0.007411609012189879,0.6601179205757117
