id.exposure,id.outcome,outcome,exposure,method,nsnp,b,se,pval
TU1rzN,SWlfme,pp,nft4,Inverse variance weighted (fixed effects),10,0.1542743957190403,0.021580103817177263,8.746446379222173e-13
TU1rzN,SWlfme,pp,nft4,Weighted median,10,0.15687451348345596,0.036008757163343785,1.3211909659334304e-05
TU1rzN,SWlfme,pp,nft4,Weighted mode,10,0.1952128294992722,0.031649196912540985,1.650946762559369e-4
TU1rzN,SWlfme,pp,nft4,MR Egger,10,0.2496156813816974,0.09341645826641504,0.028271205097494364
