id.exposure,id.outcome,outcome,exposure,method,nsnp,b,se,pval
WUbj1j,CBDsf6,ptau,insom,Inverse variance weighted (fixed effects),22,-0.011946051622367617,0.0205526284094722,0.5610773390428375
WUbj1j,CBDsf6,ptau,insom,Weighted median,22,-0.018118505179660366,0.027711487256170453,0.5132235808334347
WUbj1j,CBDsf6,ptau,insom,Weighted mode,22,-0.018843719172231793,0.050406827392945205,0.7122764841906533
WUbj1j,CBDsf6,ptau,insom,MR Egger,22,-0.06292949020857376,0.07232647389471385,0.3945822894383738
