id.exposure,id.outcome,outcome,exposure,method,nsnp,b,se,pval
EbMKFX,HEuLyz,ptau,insom,Inverse variance weighted (fixed effects),22,-0.011946051622367617,0.0205526284094722,0.5610773390428375
EbMKFX,HEuLyz,ptau,insom,Weighted median,22,-0.018118505179660366,0.02759677479461022,0.5114739741039953
EbMKFX,HEuLyz,ptau,insom,Weighted mode,22,-0.018843719172231793,0.05658345052795458,0.7424170974996835
EbMKFX,HEuLyz,ptau,insom,MR Egger,22,-0.06292949020857376,0.07232647389471385,0.3945822894383738
