target_snp,proxy_snp,ld.r2,Dprime,PHASE,X12,CHR,POS,Effect_allele.proxy,Non_Effect_allele.proxy,EAF,Beta,SE,P,r2,N,ref,ref.proxy,alt,alt.proxy,Effect_allele,Non_Effect_allele,proxy.outcome
rs10127497,rs58274265,1,1,TG/AT,NA,1,67045629,T,G,0.8571,-0.0192,0.0606,0.751,9.03017521152e-5,4914,T,G,A,T,A,T,TRUE
rs6699744,rs2012697,1,1,AT/TC,NA,1,72819612,T,C,0.3803,-0.0492,0.0446,0.2698,0.0011409537044448,4914,A,T,T,C,A,T,TRUE
rs483143,rs200990,0.98781,1,CG/GT,NA,6,27815823,T,G,0.8931,0.0042,0.0947,0.9649,3.368265919199999e-6,4914,C,G,G,T,G,C,TRUE
rs9257681,rs3129120,0.985245,1,GC/CT,NA,6,29111775,T,C,0.905,-0.004,0.109,0.9705,2.751199999999999e-6,4914,G,C,C,T,C,G,TRUE
rs1233393,rs1233385,0.985245,1,GC/CT,NA,6,29559238,T,C,0.8995,-0.0012,0.1082,0.9915,2.6035128000000006e-7,4914,G,C,C,T,C,G,TRUE
rs17476793,rs9262026,1,1,CC/GT,NA,6,30436189,T,C,0.9194,0.1403,0.0828,0.09,0.0029173254381752002,4914,C,C,G,T,G,C,TRUE
rs28541419,rs8035777,0.909953,1,GG/CA,NA,15,88943807,A,G,0.7542,-0.0529,0.0545,0.3315,0.0010375517000952002,4914,G,G,C,A,C,G,TRUE
