id.exposure,id.outcome,outcome,exposure,method,nsnp,b,se,pval
QHH9BS,27IBTe,tau,dbp,Inverse variance weighted (fixed effects),1246,-0.005696351995715481,0.0012010763204757195,2.108821014925589e-6
QHH9BS,27IBTe,tau,dbp,Weighted median,1246,-0.006797543191415464,0.001944401446386993,4.723654109709134e-4
QHH9BS,27IBTe,tau,dbp,Weighted mode,1246,-0.009822415065676937,0.005806051748936396,0.09094300772885641
QHH9BS,27IBTe,tau,dbp,MR Egger,1246,-0.015792507401415055,0.0033457284848040225,2.6230416679514596e-6
