id.exposure,id.outcome,outcome,exposure,method,nsnp,b,se,pval
qk1l0u,jlRBLW,tau,dbp,Inverse variance weighted (fixed effects),1104,-0.006114775957360336,0.001279889763595637,1.774173205743208e-6
qk1l0u,jlRBLW,tau,dbp,Weighted median,1104,-0.006875119351564588,0.0021150151674459252,0.0011515198476604793
qk1l0u,jlRBLW,tau,dbp,Weighted mode,1104,-0.009336875577800524,0.006216979532199801,0.13342601835887408
qk1l0u,jlRBLW,tau,dbp,MR Egger,1104,-0.016340338002789088,0.0035221874047329247,3.915883957870897e-6
