query_snp_rsid,rsID,ld.r2,Dprime,ref.proxy,alt.proxy,CHR,POS,Effect_allele.proxy,Non_Effect_allele.proxy,EAF,Beta,SE,P,r2,N,ref,alt,Effect_allele,Non_Effect_allele
rs10090551,NA,NA,NA,NA,NA,NA,NA,NA,NA,NA,NA,NA,NA,NA,NA,NA,NA,NA,NA
rs10440120,NA,NA,NA,NA,NA,NA,NA,NA,NA,NA,NA,NA,NA,NA,NA,NA,NA,NA,NA
rs11667640,rs11672399,0.83,1,C,A,19,45377098,A,C,0.07488,-5.796e-5,0.002975,0.9845,4.6542601548398596e-10,112176,C,T,T,C
rs12610605,NA,NA,NA,NA,NA,NA,NA,NA,NA,NA,NA,NA,NA,NA,NA,NA,NA,NA,NA
rs2075650,NA,NA,NA,NA,NA,NA,NA,NA,NA,NA,NA,NA,NA,NA,NA,NA,NA,NA,NA
rs3130696,rs2524075,1,1,C,T,6,31243859,T,C,0.2638,0.001104,0.002986,0.7115,4.734114381619199e-7,111327,G,A,A,G
rs419132,NA,NA,NA,NA,NA,NA,NA,NA,NA,NA,NA,NA,NA,NA,NA,NA,NA,NA,NA
rs4922116,rs330,0.99,1,G,A,8,19820396,A,G,0.1633,-0.004231,0.002976,0.1551,4.891837253325421e-6,111981,G,A,A,G
rs499691,rs377093,1,1,T,G,6,32194077,G,T,0.1775,-8.282e-4,0.002987,0.7816,2.002786761395e-7,111196,C,T,T,C
rs499910,rs11216172,0.88,0.99,G,A,11,116749878,G,A,0.1898,0.0027,0.002984,0.3656,2.2420534968e-6,111451,G,A,G,A
rs7012891,rs62523863,0.83,0.95,G,A,8,126520544,A,G,0.2147,-0.001156,0.002996,0.6995,4.506229493475199e-7,110537,T,C,C,T
rs7016529,rs114855192,1,1,G,A,8,19775253,A,G,0.01731,0.004245,0.002974,0.1534,6.130543654741949e-7,112134,T,C,C,T
rs7174819,rs2663990,1,1,T,A,15,44508767,A,T,0.05874,-0.002893,0.00298,0.3316,9.254871824231353e-7,111821,C,T,T,C
