SNP,rsID,ld.r2,Dprime,ref.proxy,alt.proxy,CHR,POS,Effect_allele.proxy,Non_Effect_allele.proxy,EAF,Beta,SE,P,r2,N,ref,alt,Effect_allele,Non_Effect_allele
rs159963,rs301802,0.98,0.99,T,A,1,8497307,T,A,0.444195,-0.007875,0.005293,0.1369,3.062155462621172e-5,2786,C,A,C,A
rs12134600,NA,NA,NA,NA,NA,NA,NA,NA,NA,NA,NA,NA,NA,NA,NA,NA,NA,NA,NA
rs9427672,NA,NA,NA,NA,NA,NA,NA,NA,NA,NA,NA,NA,NA,NA,NA,NA,NA,NA,NA
rs76485002,NA,NA,NA,NA,NA,NA,NA,NA,NA,NA,NA,NA,NA,NA,NA,NA,NA,NA,NA
rs34215985,rs4263431,0.96,0.99,G,A,4,42042686,G,A,0.21393600000000002,-0.009736,0.006609,0.1408,3.188107115306848e-5,2833,C,G,C,G
rs247910,rs247912,0.88,0.99,C,G,5,87634692,G,C,0.494302,0.002161,0.005374,0.6876,2.3346572614444587e-6,2811,A,G,G,A
rs1363104,rs10052804,1,1,A,C,5,103919822,C,A,0.503157,0.002753,0.005246,0.5997,3.7893534253550576e-6,2831,C,G,G,C
rs10950398,rs10950395,0.93,0.99,T,C,7,12264467,C,T,0.42955,0.00463,0.005394,0.3908,1.0505658648655497e-5,2828,G,A,A,G
rs10959913,rs10809510,0.92,0.99,C,T,9,11530473,T,C,0.25599,0.006917,0.006106,0.2573,1.8224990901306382e-5,2826,T,G,G,T
rs1806153,NA,NA,NA,NA,NA,NA,NA,NA,NA,NA,NA,NA,NA,NA,NA,NA,NA,NA,NA
rs9596810,NA,NA,NA,NA,NA,NA,NA,NA,NA,NA,NA,NA,NA,NA,NA,NA,NA,NA,NA
rs11663393,rs4459619,0.88,0.98,T,C,18,50620708,C,T,0.460086,-0.004801,0.005446,0.3781,1.145135859836006e-5,2828,G,A,A,G
