target_snp,proxy_snp,ld.r2,Dprime,PHASE,X12,CHR,POS,Effect_allele.proxy,Non_Effect_allele.proxy,EAF,Beta,SE,P,r2,N,ref,ref.proxy,alt,alt.proxy,Effect_allele,Non_Effect_allele,proxy.outcome
rs10127497,rs58274265,1,1,TG/AT,NA,1,67045629,T,G,0.862,-0.0386,0.1018,0.7047,3.5447936352000006e-4,4914,T,G,A,T,A,T,TRUE
rs6699744,rs2012697,1,1,AT/TC,NA,1,72819612,T,C,0.3765,-0.0871,0.0727,0.2305,0.003561785356154999,4914,A,T,T,C,A,T,TRUE
rs483143,rs200990,0.98781,1,CG/GT,NA,6,27815823,T,G,0.8933,-0.242,0.1483,0.1028,0.01116406820408,4914,C,G,G,T,G,C,TRUE
rs9257681,rs3129120,0.985245,1,GC/CT,NA,6,29111775,T,C,0.9052,-0.0823,0.1646,0.6173,0.0011624721276767998,4914,G,C,C,T,C,G,TRUE
rs1233393,rs1233385,0.985245,1,GC/CT,NA,6,29559238,T,C,0.8992,0.0765,0.1621,0.637,0.00106088838912,4914,G,C,C,T,C,G,TRUE
rs17476793,rs9262026,1,1,CC/GT,NA,6,30436189,T,C,0.9175,0.1241,0.1329,0.3505,0.002331490123875001,4914,C,C,G,T,G,C,TRUE
rs28541419,rs8035777,0.909953,1,GG/CA,NA,15,88943807,A,G,0.7519,-0.0591,0.0898,0.51,0.0013031421929118,4914,G,G,C,A,C,G,TRUE
