id.exposure,id.outcome,outcome,exposure,method,nsnp,b,se,pval
Vrd2EL,0yEqAL,hipv2015,sbp,Inverse variance weighted (fixed effects),1246,-0.32188876376224657,0.5894172433559312,0.5849878621950277
Vrd2EL,0yEqAL,hipv2015,sbp,Weighted median,1246,-0.16722662325446644,0.9643825815092848,0.862334837934462
Vrd2EL,0yEqAL,hipv2015,sbp,Weighted mode,1246,-1.074273633946035,2.6428085486560593,0.6844529137836094
Vrd2EL,0yEqAL,hipv2015,sbp,MR Egger,1246,1.2746542443822748,1.6573398365577214,0.4419820277511963
