id.exposure,id.outcome,outcome,exposure,method,nsnp,b,se,pval
J0jBVw,4XGuec,hipv2015,sbp,Inverse variance weighted (fixed effects),1379,-0.3490893358341127,0.5585564748652325,0.5319810000423966
J0jBVw,4XGuec,hipv2015,sbp,Weighted median,1379,0.06797654290904073,0.9005234743363534,0.9398283648651917
J0jBVw,4XGuec,hipv2015,sbp,Weighted mode,1379,-0.3495987345194038,2.5437701453847725,0.8907083857935485
J0jBVw,4XGuec,hipv2015,sbp,MR Egger,1379,0.5473442949118308,1.5612615329437292,0.7259584177644498
