id.exposure,id.outcome,outcome,exposure,method,nsnp,b,se,pval
3rUPKe,AHOs2a,hipv2015,sbp,Inverse variance weighted (fixed effects),2688,-0.29638638140800416,0.4722222614187682,0.5302386870920103
3rUPKe,AHOs2a,hipv2015,sbp,Weighted median,2688,0.22853452135317634,0.7686903319739097,0.7662346158802971
3rUPKe,AHOs2a,hipv2015,sbp,Weighted mode,2688,-0.207234452524915,2.531024930611003,0.9347500808408727
3rUPKe,AHOs2a,hipv2015,sbp,MR Egger,2688,1.1468591662056242,1.2805464112706415,0.3705459367445688
