id.exposure,id.outcome,outcome,exposure,method,nsnp,b,se,pval
i337xl,xjg5fe,tc,tau,Inverse variance weighted (fixed effects),8,1.1977316614958329,0.05537904734197105,9.818278889598427e-104
i337xl,xjg5fe,tc,tau,Weighted median,8,-0.0201331708879543,0.10714753049109464,0.8509539459614401
i337xl,xjg5fe,tc,tau,Weighted mode,8,-0.06632784605094011,0.09821106950333754,0.5211241401155267
i337xl,xjg5fe,tc,tau,MR Egger,8,2.1587478727732212,1.0707815008390844,0.09039382327260774
