id.exposure,id.outcome,outcome,exposure,method,nsnp,b,se,pval
SkEy5Q,N1sChw,tc,tau,Inverse variance weighted (fixed effects),9,1.0586339409173648,0.051227716167947385,7.117657564008487e-95
SkEy5Q,N1sChw,tc,tau,Weighted median,9,0.06500257998612383,0.10353659381958352,0.5301203715858095
SkEy5Q,N1sChw,tc,tau,Weighted mode,9,-0.005253796506106578,0.08910928763154316,0.9544309064847929
SkEy5Q,N1sChw,tc,tau,MR Egger,9,2.253165408578067,0.9741923898242619,0.05395939656016176
