id.exposure,id.outcome,outcome,exposure,egger_intercept,se,pval
i337xl,xjg5fe,tc,tau,-0.038838048686200125,0.040203483686533724,0.371333071600341
