id.exposure,id.outcome,outcome,exposure,method,nsnp,b,se,pval
i337xl,xjg5fe,tc,tau,Inverse variance weighted (fixed effects),8,1.1977316614958329,0.05537904734197105,9.818278889598427e-104
i337xl,xjg5fe,tc,tau,Weighted median,8,-0.0201331708879543,0.11190480152149991,0.8572205722294267
i337xl,xjg5fe,tc,tau,Weighted mode,8,-0.06632784605094011,0.08991383733112414,0.48469599907098115
i337xl,xjg5fe,tc,tau,MR Egger,8,2.1587478727732212,1.0707815008390844,0.09039382327260774
