id.exposure,id.outcome,outcome,exposure,egger_intercept,se,pval
4r5fY9,1BaVYF,hips,diab,0.006492729243559383,0.019907261593674182,0.7446804289434805
