id.exposure,id.outcome,outcome,exposure,method,nsnp,b,se,pval
O8MBCp,Yzn2GQ,hips,diab,Inverse variance weighted (fixed effects),429,-0.13365887906884585,0.08978656230108015,0.13658509476284675
O8MBCp,Yzn2GQ,hips,diab,Weighted median,429,0.08451359122938924,0.16818389798664513,0.6153109079034409
O8MBCp,Yzn2GQ,hips,diab,Weighted mode,429,0.15175949797760424,0.25636035902145804,0.5541783988330462
O8MBCp,Yzn2GQ,hips,diab,MR Egger,429,-0.07045888387711009,0.2434782170774551,0.7724274148158025
