id.exposure,id.outcome,outcome,exposure,method,nsnp,b,se,pval
DHPIvz,K9hDUV,hipv,cpd,Inverse variance weighted (fixed effects),14,-0.16621523247403466,0.06416898685597089,0.009589967946409353
DHPIvz,K9hDUV,hipv,cpd,Weighted median,14,-0.11256268775260175,0.08732888177225434,0.19741496975504363
DHPIvz,K9hDUV,hipv,cpd,Weighted mode,14,-0.10081776498105466,0.09694242300501751,0.3173075991950226
DHPIvz,K9hDUV,hipv,cpd,MR Egger,14,-0.23968579922433583,0.14959268012691795,0.13507965574111896
