id.exposure,id.outcome,outcome,exposure,method,nsnp,b,se,pval
vcsxXJ,iMGPQz,hipv,cpd,Inverse variance weighted (fixed effects),42,-0.1271935870622111,0.05061956297447674,0.011979902164215768
vcsxXJ,iMGPQz,hipv,cpd,Weighted median,42,-0.09158078251824504,0.08440184091478374,0.27789654583083295
vcsxXJ,iMGPQz,hipv,cpd,Weighted mode,42,-0.07346410660602642,0.09358109177022324,0.43694797621666004
vcsxXJ,iMGPQz,hipv,cpd,MR Egger,42,-0.15315416402428705,0.10416811370458412,0.14931432392620192
