id.exposure,id.outcome,outcome,exposure,method,nsnp,b,se,pval
b9SG96,s76H7T,hipv,cpd,Inverse variance weighted (fixed effects),42,-0.127193587062211,0.05061956297447674,0.011979902164215813
b9SG96,s76H7T,hipv,cpd,Weighted median,42,-0.09158078251824504,0.08574984130283075,0.28552076426198136
b9SG96,s76H7T,hipv,cpd,Weighted mode,42,-0.07346410660602642,0.09071508180668576,0.4227113195566876
b9SG96,s76H7T,hipv,cpd,MR Egger,42,-0.15315416402428705,0.10416811370458412,0.14931432392620192
