id.exposure,id.outcome,outcome,exposure,egger_intercept,se,pval
Yb4rbk,P5Q3Q9,hipv,cpd,0.0010199123961451115,0.003576766436269894,0.777001069309131
