id.exposure,id.outcome,outcome,exposure,method,nsnp,b,se,pval
IGQXC1,AmQV2C,hipv,cpd,Inverse variance weighted (fixed effects),14,-0.16621523247403466,0.06416898685597089,0.009589967946409353
IGQXC1,AmQV2C,hipv,cpd,Weighted median,14,-0.11256268775260175,0.0855008595168495,0.18800311573784823
IGQXC1,AmQV2C,hipv,cpd,Weighted mode,14,-0.10081776498105466,0.09098700676602228,0.28792201810006174
IGQXC1,AmQV2C,hipv,cpd,MR Egger,14,-0.23968579922433586,0.14959268012691804,0.13507965574111908
