id.exposure,id.outcome,outcome,exposure,method,nsnp,b,se,pval
oE1hQC,bH0mav,hipv,cpd,Inverse variance weighted (fixed effects),42,-0.1271935870622111,0.05061956297447674,0.011979902164215768
oE1hQC,bH0mav,hipv,cpd,Weighted median,42,-0.09158078251824504,0.08449649037404412,0.2784351880419871
oE1hQC,bH0mav,hipv,cpd,Weighted mode,42,-0.07346410660602642,0.09107160788225596,0.42451528005878914
oE1hQC,bH0mav,hipv,cpd,MR Egger,42,-0.15315416402428705,0.10416811370458412,0.14931432392620192
