id.exposure,id.outcome,outcome,exposure,egger_intercept,se,pval
5yW1jC,7e8Nim,hipv,cpd,0.004044318935364959,0.007438512422305409,0.5966045455128677
