id.exposure,id.outcome,outcome,exposure,egger_intercept,se,pval
b9SG96,s76H7T,hipv,cpd,0.001019912396145113,0.003576766436269894,0.7770010693091307
