id.exposure,id.outcome,outcome,exposure,method,nsnp,b,se,pval
b7PliY,x701Be,alcc,hipv,Inverse variance weighted (fixed effects),25,0.005606938719505535,0.006838054897183717,0.41223830801907774
b7PliY,x701Be,alcc,hipv,Weighted median,25,0.0031556706491585613,0.010824130825116298,0.7706381055484999
b7PliY,x701Be,alcc,hipv,Weighted mode,25,-0.003404358167961141,0.011294389740762323,0.7656902269855705
b7PliY,x701Be,alcc,hipv,MR Egger,25,-0.0040578883781957524,0.019050699440014845,0.8331999854038292
