id.exposure,id.outcome,outcome,exposure,method,nsnp,b,se,pval
tk443Z,8h8nhr,alcc,hipv,Inverse variance weighted (fixed effects),26,0.004207419317096073,0.006766483047519503,0.5340714271746139
tk443Z,8h8nhr,alcc,hipv,Weighted median,26,0.0024375481610821393,0.010490628413744846,0.8162624308339131
tk443Z,8h8nhr,alcc,hipv,Weighted mode,26,-0.0036604647386665468,0.01306712145348981,0.7816843180654554
tk443Z,8h8nhr,alcc,hipv,MR Egger,26,-0.0028151299392305284,0.019110408643525315,0.8841188729295384
