id.exposure,id.outcome,outcome,exposure,method,nsnp,b,se,pval
HBafFY,Q1z67m,alcc,hipv,Inverse variance weighted (fixed effects),9,0.017896791337263896,0.011456745719362714,0.11826013920047035
HBafFY,Q1z67m,alcc,hipv,Weighted median,9,0.007165176707159453,0.014679547165129855,0.6254746813715099
HBafFY,Q1z67m,alcc,hipv,Weighted mode,9,0.006187651961161042,0.015269211800803512,0.695923718001793
HBafFY,Q1z67m,alcc,hipv,MR Egger,9,-0.03780205487126471,0.04963218066929732,0.4711489903411801
