id.exposure,id.outcome,outcome,exposure,method,nsnp,b,se,pval
aN73FF,KUOZJD,nft4,hdl,Inverse variance weighted (fixed effects),235,-0.016863559262756348,0.08185007764071943,0.8367675941258417
aN73FF,KUOZJD,nft4,hdl,Weighted median,235,0.06296953434406277,0.14705103348140885,0.6684942200480246
aN73FF,KUOZJD,nft4,hdl,Weighted mode,235,0.0952814509477129,0.20320090809586616,0.6395757504869861
aN73FF,KUOZJD,nft4,hdl,MR Egger,235,0.062154111396714236,0.23163660304423145,0.7886858440302644
