id.exposure,id.outcome,outcome,exposure,method,nsnp,b,se,pval
2GkQ93,17oj24,nft4,hdl,Inverse variance weighted (fixed effects),351,0.0814276940524212,0.0774177396443857,0.2928930054744737
2GkQ93,17oj24,nft4,hdl,Weighted median,351,0.06340471124598102,0.14145678296003225,0.6539895735712267
2GkQ93,17oj24,nft4,hdl,Weighted mode,351,0.07934145493118727,0.19634904785718335,0.6863979454220144
2GkQ93,17oj24,nft4,hdl,MR Egger,351,0.15166315102616904,0.15069252570452327,0.3149007072612497
