id.exposure,id.outcome,outcome,exposure,method,nsnp,b,se,pval
aN73FF,KUOZJD,nft4,hdl,Inverse variance weighted (fixed effects),232,0.07904282026579357,0.08234982170057427,0.337134724041401
aN73FF,KUOZJD,nft4,hdl,Weighted median,232,0.06306572905787398,0.1436620856111471,0.6606712531686878
aN73FF,KUOZJD,nft4,hdl,Weighted mode,232,0.11271202408559144,0.1969719735754256,0.5677269180263341
aN73FF,KUOZJD,nft4,hdl,MR Egger,232,0.14253578677124817,0.17015330966887246,0.4030742601238252
