id.exposure,id.outcome,outcome,exposure,method,nsnp,b,se,pval
8acFhl,LAVW7n,bmi,load,Inverse variance weighted (fixed effects),7,-0.014854190476596812,0.0035590648248555734,2.997952921086844e-5
8acFhl,LAVW7n,bmi,load,Weighted median,7,-0.020424315001131652,0.005092836886431237,6.061587092199934e-5
8acFhl,LAVW7n,bmi,load,Weighted mode,7,-0.022859907623851358,0.0054399068465746,0.0056715745150801005
8acFhl,LAVW7n,bmi,load,MR Egger,7,-0.004790831114185368,0.012460045056264305,0.7164211894047172
