id.exposure,id.outcome,outcome,exposure,method,nsnp,b,se,pval
hyCtZp,p92ruQ,bmi,load,Inverse variance weighted (fixed effects),17,0.005811144074712252,0.0015051838716351952,1.1303784342149643e-4
hyCtZp,p92ruQ,bmi,load,Weighted median,17,0.015324184640091401,0.003541573495137125,1.5119345511875441e-5
hyCtZp,p92ruQ,bmi,load,Weighted mode,17,0.020914488820814037,0.002114425661575755,3.197173177667501e-8
hyCtZp,p92ruQ,bmi,load,MR Egger,17,0.019179424032818946,0.00622497235931447,0.007606013216807394
