id.exposure,id.outcome,outcome,exposure,egger_intercept,se,pval
hyCtZp,p92ruQ,bmi,load,-0.006127601628749283,0.0020828855406593402,0.010098655866872865
