id.exposure,id.outcome,outcome,exposure,method,nsnp,b,se,pval
IEgakN,7gP6Wu,bmi,load,Inverse variance weighted (fixed effects),17,-0.014271263620773486,0.0031730817286649226,6.8723694809821846e-6
IEgakN,7gP6Wu,bmi,load,Weighted median,17,-0.019893423345360435,0.00504172419609418,7.954794095804919e-5
IEgakN,7gP6Wu,bmi,load,Weighted mode,17,-0.019148812900232626,0.0052818430456374734,0.002273847454067225
IEgakN,7gP6Wu,bmi,load,MR Egger,17,-0.004491060663236038,0.014613362140578146,0.7628211235034097
