id.exposure,id.outcome,outcome,exposure,method,nsnp,b,se,pval
I1ju07,QszAHd,tc,hipv,Inverse variance weighted (fixed effects),3,-0.10649365622861381,0.0507775551414008,0.03597070347073479
I1ju07,QszAHd,tc,hipv,Weighted median,3,-0.10096420466825481,0.06119413524639352,0.09896338764672154
I1ju07,QszAHd,tc,hipv,Weighted mode,3,-0.05525395992042681,0.08780979277935157,0.5934803583905773
I1ju07,QszAHd,tc,hipv,MR Egger,3,0.23332930423269188,0.2868932344713545,0.5653184210603885
