id.exposure,id.outcome,outcome,exposure,method,nsnp,b,se,pval
NTe07O,vfszQX,tc,hipv,Inverse variance weighted (fixed effects),19,-0.18112947548626906,0.023682843848520967,2.039225372305974e-14
NTe07O,vfszQX,tc,hipv,Weighted median,19,-0.03662724456614519,0.03672559312001112,0.3186082042510686
NTe07O,vfszQX,tc,hipv,Weighted mode,19,-0.009314671634593985,0.04184329122279961,0.8263466673056419
NTe07O,vfszQX,tc,hipv,MR Egger,19,-0.14917890362952788,0.36700333142381686,0.689462534514441
