id.exposure,id.outcome,outcome,exposure,method,nsnp,b,se,pval
I1ju07,QszAHd,tc,hipv,Inverse variance weighted (fixed effects),3,-0.10649365622861381,0.0507775551414008,0.03597070347073479
I1ju07,QszAHd,tc,hipv,Weighted median,3,-0.10096420466825481,0.06351717942686208,0.11193459851398524
I1ju07,QszAHd,tc,hipv,Weighted mode,3,-0.05525395992042681,0.08177864538568311,0.5689133887943905
I1ju07,QszAHd,tc,hipv,MR Egger,3,0.23332930423269188,0.2868932344713545,0.5653184210603885
