id.exposure,id.outcome,outcome,exposure,method,nsnp,b,se,pval
NTe07O,vfszQX,tc,hipv,Inverse variance weighted (fixed effects),17,-0.21520173314447832,0.026703737141152976,7.700795844140968e-16
NTe07O,vfszQX,tc,hipv,Weighted median,17,-0.08013918206125388,0.040414232303002735,0.047373622628915917
NTe07O,vfszQX,tc,hipv,Weighted mode,17,-0.08203981170255803,0.058732768924236484,0.18153877448313355
NTe07O,vfszQX,tc,hipv,MR Egger,17,-0.7438915374176605,0.6552791665018135,0.27409446256828934
