id.exposure,id.outcome,outcome,exposure,method,nsnp,b,se,pval
NTe07O,vfszQX,tc,hipv,Inverse variance weighted (fixed effects),15,-0.10273560965536357,0.028309329031899744,2.844801904200388e-4
NTe07O,vfszQX,tc,hipv,Weighted median,15,-0.08388507721541474,0.038583865160238505,0.029697828418388257
NTe07O,vfszQX,tc,hipv,Weighted mode,15,-0.08230626120091677,0.06150244206108566,0.20214205802377072
NTe07O,vfszQX,tc,hipv,MR Egger,15,-0.14447250214662324,0.15135268753155642,0.3572229408057399
