id.exposure,id.outcome,outcome,exposure,method,nsnp,b,se,pval
0RLdwC,C8rq5X,alcd,aaos,Inverse variance weighted (fixed effects),18,-0.027674611239170577,0.03763394336535979,0.46211842106680234
0RLdwC,C8rq5X,alcd,aaos,Weighted median,18,-0.02645238730591166,0.052609658420327846,0.6151015382693505
0RLdwC,C8rq5X,alcd,aaos,Weighted mode,18,-0.03043051652639317,0.05265804086973342,0.5709149820187573
0RLdwC,C8rq5X,alcd,aaos,MR Egger,18,-0.018325235670004564,0.06059883668661586,0.7662410546650715
