id.exposure,id.outcome,outcome,exposure,method,nsnp,b,se,pval
KSgyH6,3ybeTs,alcd,aaos,Inverse variance weighted (fixed effects),55,-5.637727019306984e-4,0.027554206273749854,0.9836760258322076
KSgyH6,3ybeTs,alcd,aaos,Weighted median,55,-0.025766477992466588,0.04684846140511947,0.5823219471020961
KSgyH6,3ybeTs,alcd,aaos,Weighted mode,55,-0.024919809774407997,0.04758286031618375,0.6026203413235405
KSgyH6,3ybeTs,alcd,aaos,MR Egger,55,-0.017488944147799876,0.043104592868240435,0.6865723676113076
