id.exposure,id.outcome,outcome,exposure,method,nsnp,b,se,pval
KSgyH6,3ybeTs,alcd,aaos,Inverse variance weighted (fixed effects),55,-5.637727019306984e-4,0.027554206273749854,0.9836760258322076
KSgyH6,3ybeTs,alcd,aaos,Weighted median,55,-0.025766477992466588,0.04499129168408701,0.5668483605924644
KSgyH6,3ybeTs,alcd,aaos,Weighted mode,55,-0.024919809774407997,0.04787010199370518,0.6047933455561861
KSgyH6,3ybeTs,alcd,aaos,MR Egger,55,-0.017488944147799876,0.043104592868240435,0.6865723676113076
