SNP,rsID,ld.r2,Dprime,ref.proxy,alt.proxy,CHR,POS,Effect_allele.proxy,Non_Effect_allele.proxy,EAF,Beta,SE,P,r2,N,ref,alt,Effect_allele,Non_Effect_allele
rs115141604,NA,NA,NA,NA,NA,NA,NA,NA,NA,NA,NA,NA,NA,NA,NA,NA,NA,NA,NA
rs62313278,rs17090295,0.97,0.98,G,T,4,61738470,G,T,0.90369,0.0053,0.0088,0.5722,4.889591687502001e-6,94311,A,G,A,G
rs3931206,rs6452368,0.88,0.99,G,T,5,26892346,T,G,0.5462,2e-4,0.0048,0.9093,1.98292448e-8,94311,A,G,G,A
rs141162384,rs6860508,0.91,1,C,T,5,65118738,T,C,0.03034,7e-4,0.0133,0.8481,2.8831094711999996e-8,90756,G,T,T,G
rs76881547,NA,NA,NA,NA,NA,NA,NA,NA,NA,NA,NA,NA,NA,NA,NA,NA,NA,NA,NA
rs147636938,rs77301115,0.9,0.95,G,A,19,45396973,G,A,0.97361,0.0972,0.0157,1.032e-8,4.854974370966724e-4,86278.66,C,T,C,T
rs113321260,rs1048699,0.99,1,C,T,19,45650386,T,C,0.1029,0.007,0.0054,0.2261,9.04653582e-6,185489.88,G,A,A,G
