id.exposure,id.outcome,outcome,exposure,method,nsnp,b,se,pval
6eGZ0A,3qCNMj,load,cpd,Inverse variance weighted (fixed effects),17,-0.3724030346767817,0.12617012658866994,0.0031613793115055893
6eGZ0A,3qCNMj,load,cpd,Weighted median,17,-0.5213991928132213,0.1793600267209801,0.003649158309758785
6eGZ0A,3qCNMj,load,cpd,Weighted mode,17,-0.4943311387250642,0.18398931699881937,0.016206036565067177
6eGZ0A,3qCNMj,load,cpd,MR Egger,17,-0.6344719698372727,0.33209059050391393,0.07537045799552242
