id.exposure,id.outcome,outcome,exposure,method,nsnp,b,se,pval
0qYEEc,CjO4XJ,load,cpd,Inverse variance weighted (fixed effects),43,-0.17324683577795977,0.09797878706044402,0.07702620436542511
0qYEEc,CjO4XJ,load,cpd,Weighted median,43,-0.37922712955391524,0.14645109129118775,0.009613061874836033
0qYEEc,CjO4XJ,load,cpd,Weighted mode,43,-0.4503085659262398,0.18124582744254691,0.017043323203754183
0qYEEc,CjO4XJ,load,cpd,MR Egger,43,-0.5484372440744905,0.20779228461429136,0.01169229689899009
