id.exposure,id.outcome,outcome,exposure,method,nsnp,b,se,pval
F9d9sd,9ViuWU,load,cpd,Inverse variance weighted (fixed effects),18,-0.3679445086458132,0.12428911251967734,0.0030724771167097483
F9d9sd,9ViuWU,load,cpd,Weighted median,18,-0.52033555690533,0.16980824175059436,0.0021821367099250943
F9d9sd,9ViuWU,load,cpd,Weighted mode,18,-0.4910957187730891,0.17342497512665098,0.011509221660392983
F9d9sd,9ViuWU,load,cpd,MR Egger,18,-0.613472287477348,0.3048378571245326,0.06131934605218422
