id.exposure,id.outcome,outcome,exposure,method,nsnp,b,se,pval
pSj5Od,yEEvha,load,cpd,Inverse variance weighted (fixed effects),41,-0.16436692856910545,0.09981135705159334,0.0996041347798961
pSj5Od,yEEvha,load,cpd,Weighted median,41,-0.38105513942871594,0.15112904052608825,0.011689246271029609
pSj5Od,yEEvha,load,cpd,Weighted mode,41,-0.4476396854939737,0.17608651295643696,0.014993564839050623
pSj5Od,yEEvha,load,cpd,MR Egger,41,-0.5388022471521843,0.2158210068380616,0.01687532158294609
