id.exposure,id.outcome,outcome,exposure,method,nsnp,b,se,pval
0qYEEc,CjO4XJ,load,cpd,Inverse variance weighted (fixed effects),43,-0.17324683577795977,0.09797878706044402,0.07702620436542511
0qYEEc,CjO4XJ,load,cpd,Weighted median,43,-0.37922712955391524,0.13887596521786905,0.006320200066786928
0qYEEc,CjO4XJ,load,cpd,Weighted mode,43,-0.4503085659262398,0.16074096324475415,0.0076604843847227115
0qYEEc,CjO4XJ,load,cpd,MR Egger,43,-0.5484372440744905,0.20779228461429136,0.01169229689899009
