id.exposure,id.outcome,outcome,exposure,method,nsnp,b,se,pval
a0G6bK,MIaJyt,load,cpd,Inverse variance weighted (fixed effects),17,-0.3724030346767817,0.12617012658866994,0.0031613793115055893
a0G6bK,MIaJyt,load,cpd,Weighted median,17,-0.5213991928132213,0.17427501821248575,0.0027732124674719697
a0G6bK,MIaJyt,load,cpd,Weighted mode,17,-0.4943311387250642,0.1742613860393267,0.011903466807765327
a0G6bK,MIaJyt,load,cpd,MR Egger,17,-0.6344719698372727,0.33209059050391393,0.07537045799552242
