id.exposure,id.outcome,outcome,exposure,egger_intercept,se,pval
Y4rrmT,3vdUL6,load,cpd,0.015084408993824029,0.007475745590571638,0.050531909211904674
