id.exposure,id.outcome,outcome,exposure,method,nsnp,b,se,pval
STJx0o,XLkIVi,aaos,dep,Inverse variance weighted (fixed effects),156,-1.695543367870297e-4,0.19346276867686799,0.9993007193521221
STJx0o,XLkIVi,aaos,dep,Weighted median,156,0.1475326786050243,0.2915456802454268,0.612831212025145
STJx0o,XLkIVi,aaos,dep,Weighted mode,156,0.32374353569464454,0.7267392906995596,0.6565987262965036
STJx0o,XLkIVi,aaos,dep,MR Egger,156,0.24930636273603768,0.8228054164512024,0.7623021755401579
