id.exposure,id.outcome,outcome,exposure,method,nsnp,b,se,pval
1Ljvyf,mNoHjI,aaos,dep,Inverse variance weighted (fixed effects),23,-0.6865327181086962,0.42626421781142426,0.10727124768322026
1Ljvyf,mNoHjI,aaos,dep,Weighted median,23,-0.3078102591188246,0.6138211479056318,0.6160434029888274
1Ljvyf,mNoHjI,aaos,dep,Weighted mode,23,0.25213138453417727,1.2385218120689692,0.8405573218061905
1Ljvyf,mNoHjI,aaos,dep,MR Egger,23,2.1237046192647657,1.8338602740623822,0.25984440841899736
