id.exposure,id.outcome,outcome,exposure,method,nsnp,b,se,pval
g6kgfT,LcNOpU,aaos,dep,Inverse variance weighted (fixed effects),23,-0.6865327181086962,0.42626421781142426,0.10727124768322026
g6kgfT,LcNOpU,aaos,dep,Weighted median,23,-0.3078102591188246,0.6142400088434562,0.616284030201895
g6kgfT,LcNOpU,aaos,dep,Weighted mode,23,0.25213138453417727,1.2157739045643694,0.8376180323388156
g6kgfT,LcNOpU,aaos,dep,MR Egger,23,2.1237046192647657,1.8338602740623822,0.25984440841899736
