id.exposure,id.outcome,outcome,exposure,method,nsnp,b,se,pval
DtLhCg,tvTaNG,aaos,dep,Inverse variance weighted (fixed effects),156,-1.695543367870297e-4,0.19346276867686799,0.9993007193521221
DtLhCg,tvTaNG,aaos,dep,Weighted median,156,0.1475326786050243,0.2777759766751707,0.5953348726513046
DtLhCg,tvTaNG,aaos,dep,Weighted mode,156,0.32374353569464454,0.7194240691905454,0.6533364540906228
DtLhCg,tvTaNG,aaos,dep,MR Egger,156,0.24930636273603768,0.8228054164512024,0.7623021755401579
