target_snp,proxy_snp,ld.r2,Dprime,PHASE,X12,CHROM,POS,REF.proxy,ALT.proxy,AF,BETA,SE,Z,P,N,TRAIT,ref,ref.proxy,alt,alt.proxy,ALT,REF,proxy.outcome
rs1801214,rs9998519,0.974513,0.99566,CC/TT,NA,4,6292909,C,T,0.4128,0.0226,0.0719,0.314325,0.7528,4046,Neuritic_Plaques_Any,C,C,T,T,T,C,TRUE
rs6878122,rs7708285,0.955243,0.990741,GG/AA,NA,5,76425867,G,A,0.3056,-0.0947,0.0831,-1.13959,0.2546,4046,Neuritic_Plaques_Any,G,G,A,A,A,G,TRUE
rs72892910,rs62405437,0.972828,1,TC/GT,NA,6,50813729,T,C,0.8175,0.0677,0.0929,0.7287405812701829,0.4662,4046,Neuritic_Plaques_Any,T,C,G,T,T,G,TRUE
rs13234269,rs6973807,0.995991,1,AG/TA,NA,7,130423972,A,G,0.5227,-0.099,0.0723,-1.3692946058091287,0.171,4046,Neuritic_Plaques_Any,A,G,T,A,A,T,TRUE
rs17411031,rs17411045,1,1,GC/CT,NA,8,19852362,T,C,0.727,-0.0086,0.0804,-0.10696517412935323,0.915,4046,Neuritic_Plaques_Any,G,C,C,T,G,C,TRUE
rs1333039,rs10965223,1,1,GG/CA,NA,9,22067004,G,A,0.4047,-0.0198,0.0739,-0.26793,0.7887,4046,Neuritic_Plaques_Any,G,G,C,A,C,G,TRUE
rs1758632,rs2486675,1,1,CT/GG,NA,9,33845079,G,T,0.3706,0.0144,0.0735,0.1959183673469388,0.8448,4046,Neuritic_Plaques_Any,C,T,G,G,C,G,TRUE
rs11591741,rs11597086,1,1,CC/GA,NA,10,101953705,A,C,0.5583,-0.0604,0.0742,-0.8140161725067385,0.4161,4046,Neuritic_Plaques_Any,C,C,G,A,C,G,TRUE
rs963740,rs9316500,1,1,TG/AT,NA,13,51094114,T,G,0.7075,0.0498,0.0784,0.6352040816326531,0.5254,4046,Neuritic_Plaques_Any,T,G,A,T,T,A,TRUE
rs4932143,rs7111,0.994944,1,GT/CC,NA,15,90373873,T,C,0.72,-0.0872,0.0792,-1.10101,0.271,4046,Neuritic_Plaques_Any,G,T,C,C,C,G,TRUE
rs9844972,NA,NA,NA,NA,NA,NA,NA,NA,NA,NA,NA,NA,NA,NA,NA,NA,NA,NA,NA,NA,NA,NA,NA
rs10830963,NA,NA,NA,NA,NA,NA,NA,NA,NA,NA,NA,NA,NA,NA,NA,NA,NA,NA,NA,NA,NA,NA,NA
