id.exposure,id.outcome,outcome,exposure,method,nsnp,b,se,pval
9NJZCC,bKnw4Q,tau,sleep,Inverse variance weighted (fixed effects),18,-0.051698892748089476,0.06412478932620203,0.4201141648399153
9NJZCC,bKnw4Q,tau,sleep,Weighted median,18,-0.09038730505321807,0.0880293689092811,0.30452134223628907
9NJZCC,bKnw4Q,tau,sleep,Weighted mode,18,-0.2470523794371816,0.16848409309139717,0.16081370773239007
9NJZCC,bKnw4Q,tau,sleep,MR Egger,18,0.30991498815101143,0.22995049944181717,0.1965146785010693
