id.exposure,id.outcome,outcome,exposure,method,nsnp,b,se,pval
7QMfzN,Y8CDUx,aaos,trig,Inverse variance weighted (fixed effects),292,0.12146129787537398,0.02662726228125728,5.07800187831264e-6
7QMfzN,Y8CDUx,aaos,trig,Weighted median,292,-6.24908721512424e-4,0.049100230539500175,0.9898454334157943
7QMfzN,Y8CDUx,aaos,trig,Weighted mode,292,0.02680720788271973,0.04974429815047492,0.5903678025509586
7QMfzN,Y8CDUx,aaos,trig,MR Egger,292,0.16732369990904755,0.09525523632433096,0.08004437643104025
