id.exposure,id.outcome,outcome,exposure,method,nsnp,b,se,pval
pyikYK,NbPhUM,aaos,trig,Inverse variance weighted (fixed effects),163,0.12595879010444488,0.028871806988724154,1.2847198091720831e-5
pyikYK,NbPhUM,aaos,trig,Weighted median,163,-0.0029203920344811857,0.048817871152515256,0.9522972510022275
pyikYK,NbPhUM,aaos,trig,Weighted mode,163,0.01777220971202098,0.05076701790788156,0.7267379354360346
pyikYK,NbPhUM,aaos,trig,MR Egger,163,0.15690669689337988,0.12603455507726705,0.21495923842254888
