id.exposure,id.outcome,outcome,exposure,method,nsnp,b,se,pval
FKbxx9,xDxaoI,aaos,trig,Inverse variance weighted (fixed effects),295,0.043288257104655635,0.026677319478724135,0.10466180293289506
FKbxx9,xDxaoI,aaos,trig,Weighted median,295,-0.0013946225258330506,0.04851210588362514,0.9770656311504077
FKbxx9,xDxaoI,aaos,trig,Weighted mode,295,0.037409576888157936,0.04498109165333491,0.40626829842400003
FKbxx9,xDxaoI,aaos,trig,MR Egger,295,0.10719465853752783,0.05445827692587365,0.049966711035689955
