id.exposure,id.outcome,outcome,exposure,method,nsnp,b,se,pval
32HEst,NDmjjg,trig,hips,Inverse variance weighted (fixed effects),3,0.053619722933860636,0.007523015061870848,1.02264227713004e-12
32HEst,NDmjjg,trig,hips,Weighted median,3,0.050088053745163626,0.009290426200370575,6.992552411740669e-8
32HEst,NDmjjg,trig,hips,Weighted mode,3,0.06802834784149693,0.010721485024944636,0.023950038262184625
32HEst,NDmjjg,trig,hips,MR Egger,3,0.10200864217143361,0.0172074418380531,0.10638737832874427
