id.exposure,id.outcome,outcome,exposure,method,nsnp,b,se,pval
32HEst,NDmjjg,trig,hips,Inverse variance weighted (fixed effects),6,0.08326507432918542,0.005574715580125357,1.9158987002787403e-50
32HEst,NDmjjg,trig,hips,Weighted median,6,0.03959097244021374,0.010998723630613834,3.1871074728000176e-4
32HEst,NDmjjg,trig,hips,Weighted mode,6,0.06770650194621729,0.011882743246698605,0.0023234069240814256
32HEst,NDmjjg,trig,hips,MR Egger,6,0.11845507487993903,0.07614673512121428,0.1947793945087281
