id.exposure,id.outcome,outcome,exposure,method,nsnp,b,se,pval
32HEst,NDmjjg,trig,hips,Inverse variance weighted (fixed effects),8,0.06786687727865996,0.005002314581102847,6.276048026142507e-42
32HEst,NDmjjg,trig,hips,Weighted median,8,0.01597182896023501,0.011108236747548655,0.150480432085623
32HEst,NDmjjg,trig,hips,Weighted mode,8,0.005725370496681065,0.020713967329146998,0.7902227021403618
32HEst,NDmjjg,trig,hips,MR Egger,8,0.12747150644775282,0.06533873507951692,0.09893089097785156
