id.exposure,id.outcome,outcome,exposure,egger_intercept,se,pval
OjViCb,fA8P3P,ldl,ab42,0.006176678978612748,0.04549809117020407,0.9006108813890339
