id.exposure,id.outcome,outcome,exposure,method,nsnp,b,se,pval
fgGVY9,VAIn66,ldl,ab42,Inverse variance weighted (fixed effects),11,-1.7716528133549267,0.047223330290162506,4.963150935745882e-308
fgGVY9,VAIn66,ldl,ab42,Weighted median,11,-0.8996566001188688,0.18798088177910977,1.7022777006009792e-6
fgGVY9,VAIn66,ldl,ab42,Weighted mode,11,0.3010983466419148,0.3264486460008064,0.37806484664906126
fgGVY9,VAIn66,ldl,ab42,MR Egger,11,-2.7507078331428327,0.6528991636355927,0.002262520266693241
