id.exposure,id.outcome,outcome,exposure,method,nsnp,b,se,pval
OjViCb,fA8P3P,ldl,ab42,Inverse variance weighted (fixed effects),3,-1.6906668320609577,0.06431673662063518,2.730771904905624e-152
OjViCb,fA8P3P,ldl,ab42,Weighted median,3,-1.5019298046957508,0.11625958266072375,3.527746778354724e-38
OjViCb,fA8P3P,ldl,ab42,Weighted mode,3,-1.8716364957327452,0.13305918475826833,0.005016137000227247
OjViCb,fA8P3P,ldl,ab42,MR Egger,3,-2.953911633386501,0.1659008071228064,0.03571701161228291
