id.exposure,id.outcome,outcome,exposure,method,nsnp,b,se,pval
OjViCb,fA8P3P,ldl,ab42,Inverse variance weighted (fixed effects),5,-2.0767449766972557,0.05155909000811222,0
OjViCb,fA8P3P,ldl,ab42,Weighted median,5,-1.7436557039149192,0.1351997379671696,4.686511362112187e-38
OjViCb,fA8P3P,ldl,ab42,Weighted mode,5,-2.1722654942875423,0.20059969794436924,4.1259611291614214e-4
OjViCb,fA8P3P,ldl,ab42,MR Egger,5,-2.199597071474302,1.0132903654074188,0.11837295790691689
