id.exposure,id.outcome,outcome,exposure,method,nsnp,b,se,pval
fgGVY9,VAIn66,ldl,ab42,Inverse variance weighted (fixed effects),14,-1.5910392281230024,0.04471806518397756,2.924203535026364e-277
fgGVY9,VAIn66,ldl,ab42,Weighted median,14,-0.2346095768412738,0.17777902980700167,0.1869453621432601
fgGVY9,VAIn66,ldl,ab42,Weighted mode,14,0.2005062517025129,0.12852900858048874,0.14276302327593765
fgGVY9,VAIn66,ldl,ab42,MR Egger,14,-2.742790022684725,0.5998893653170798,6.410758757468531e-4
