id.exposure,id.outcome,outcome,exposure,egger_intercept,se,pval
fgGVY9,VAIn66,ldl,ab42,0.047343881945973394,0.021593048392909226,0.048784170350067435
