id.exposure,id.outcome,outcome,exposure,method,nsnp,b,se,pval
H4wkxU,1Us9BZ,hipv2015,hdl,Inverse variance weighted (fixed effects),333,1.6301059635299597,8.156189408341847,0.8415891206461935
H4wkxU,1Us9BZ,hipv2015,hdl,Weighted median,333,10.494077582944476,13.895612876657033,0.45012420771218925
H4wkxU,1Us9BZ,hipv2015,hdl,Weighted mode,333,6.767734391483259,19.23704410565337,0.7252058975066862
H4wkxU,1Us9BZ,hipv2015,hdl,MR Egger,333,11.605233463943222,16.198780810384637,0.47423328984493096
