id.exposure,id.outcome,outcome,exposure,method,nsnp,b,se,pval
wrvuF1,EU5dXS,hipv2015,hdl,Inverse variance weighted (fixed effects),340,1.9289362716794998,8.078064241630528,0.8112707947929431
wrvuF1,EU5dXS,hipv2015,hdl,Weighted median,340,8.697497930807813,13.56968262449587,0.5215546971413769
wrvuF1,EU5dXS,hipv2015,hdl,Weighted mode,340,0.7866451365150624,17.428000912471965,0.9640248020836877
wrvuF1,EU5dXS,hipv2015,hdl,MR Egger,340,10.64033964047896,16.051607007920353,0.5078571884383583
