id.exposure,id.outcome,outcome,exposure,method,nsnp,b,se,pval
wrvuF1,EU5dXS,hipv2015,hdl,Inverse variance weighted (fixed effects),340,1.9289362716794998,8.078064241630528,0.8112707947929431
wrvuF1,EU5dXS,hipv2015,hdl,Weighted median,340,8.697497930807813,13.821842052008453,0.5291804829193387
wrvuF1,EU5dXS,hipv2015,hdl,Weighted mode,340,0.7866451365150624,19.722487731831794,0.9682077346176872
wrvuF1,EU5dXS,hipv2015,hdl,MR Egger,340,10.64033964047896,16.051607007920353,0.5078571884383583
