id.exposure,id.outcome,outcome,exposure,method,nsnp,b,se,pval
i1Xvud,O8LAjv,hipv2015,hdl,Inverse variance weighted (fixed effects),228,1.231741318513054,8.591077344472408,0.8859944301577576
i1Xvud,O8LAjv,hipv2015,hdl,Weighted median,228,1.5305272860849533,14.532664110400715,0.9161247817169005
i1Xvud,O8LAjv,hipv2015,hdl,Weighted mode,228,-1.4010051882036123,22.77306425134798,0.950998998926428
i1Xvud,O8LAjv,hipv2015,hdl,MR Egger,228,13.829314501003076,17.998306337977183,0.4430709950765712
