id.exposure,id.outcome,outcome,exposure,method,nsnp,b,se,pval
rvczDZ,VREEc6,hipv2015,hdl,Inverse variance weighted (fixed effects),226,1.250657799505343,8.661965765283503,0.8851964725855699
rvczDZ,VREEc6,hipv2015,hdl,Weighted median,226,3.3637457978566045,14.73199267674563,0.8193902362545825
rvczDZ,VREEc6,hipv2015,hdl,Weighted mode,226,6.7021665534610975,20.62120525313644,0.7454729854192891
rvczDZ,VREEc6,hipv2015,hdl,MR Egger,226,14.809689079350024,18.140893417973647,0.4151556187285056
