id.exposure,id.outcome,outcome,exposure,method,nsnp,b,se,pval
xkxaN7,zCDXFo,hipv2015,hdl,Inverse variance weighted (fixed effects),340,1.928936271679496,8.078064241630528,0.8112707947929434
xkxaN7,zCDXFo,hipv2015,hdl,Weighted median,340,8.697497930807813,13.677350318931602,0.524838225537268
xkxaN7,zCDXFo,hipv2015,hdl,Weighted mode,340,0.7866451365150624,19.11225214309211,0.967193204445089
xkxaN7,zCDXFo,hipv2015,hdl,MR Egger,340,10.640339640478958,16.051607007920346,0.507857188438358
