id.exposure,id.outcome,outcome,exposure,method,nsnp,b,se,pval
rlAed6,QClI5k,hipv2015,hdl,Inverse variance weighted (fixed effects),333,1.6301059635299597,8.156189408341847,0.8415891206461935
rlAed6,QClI5k,hipv2015,hdl,Weighted median,333,10.494077582944476,14.189339083847724,0.45955803853708144
rlAed6,QClI5k,hipv2015,hdl,Weighted mode,333,6.767734391483259,18.90263105371423,0.7205473813256329
rlAed6,QClI5k,hipv2015,hdl,MR Egger,333,11.605233463943222,16.198780810384637,0.47423328984493096
