id.exposure,id.outcome,outcome,exposure,method,nsnp,b,se,pval
X321AZ,Dy2KMb,npany,tc,Inverse variance weighted (fixed effects),253,0.872946597630694,0.12892964026363435,1.2814235084387515e-11
X321AZ,Dy2KMb,npany,tc,Weighted median,253,0.7145930077383541,0.21400406035520622,8.403326594416394e-4
X321AZ,Dy2KMb,npany,tc,Weighted mode,253,0.6811987314964085,0.43041606932312193,0.11475506338608443
X321AZ,Dy2KMb,npany,tc,MR Egger,253,1.5705504976880722,0.3039714160951831,4.858764283911512e-7
