id.exposure,id.outcome,outcome,exposure,method,nsnp,b,se,pval
vAdaVK,fHjc3Y,npany,tc,Inverse variance weighted (fixed effects),396,0.8463720876090519,0.11920618675042624,1.2469509859546962e-12
vAdaVK,fHjc3Y,npany,tc,Weighted median,396,0.7059364381920864,0.21045404571433626,7.955179375336047e-4
vAdaVK,fHjc3Y,npany,tc,Weighted mode,396,0.6704215414167649,0.3891377597346546,0.08570038274645066
vAdaVK,fHjc3Y,npany,tc,MR Egger,396,1.4856006502077408,0.256294081481314,1.3891925735085459e-8
