id.exposure,id.outcome,outcome,exposure,egger_intercept,se,pval
X321AZ,Dy2KMb,npany,tc,-0.036328517513302565,0.01397048122385144,0.009862130841279343
