target_snp,proxy_snp,ld.r2,Dprime,PHASE,X12,CHR,POS,Effect_allele.proxy,Non_Effect_allele.proxy,EAF,Beta,SE,P,r2,N,ref,ref.proxy,alt,alt.proxy,Effect_allele,Non_Effect_allele,proxy.outcome
rs17111966,rs77873217,1,1,CA/GG,NA,1,55799130,A,G,0.0381,0.1462,0.2056,0.4772,0.0015666776263031999,4914,C,A,G,G,C,G,TRUE
rs2902211,rs11588515,0.99048,1,TG/GA,NA,1,177944972,A,G,0.8826,0.0456,0.1075,0.6715,4.3091508833279987e-4,4914,T,G,G,A,G,T,TRUE
rs11687782,rs7575402,1,1,AG/TA,NA,2,113844110,A,G,0.5206,-0.0585,0.0714,0.4128,0.0017082204679800003,4914,A,G,T,A,T,A,TRUE
rs1978154,rs6973987,0.936319,0.995724,TC/AT,NA,7,21501358,T,C,0.5845,0.0533,0.0744,0.4741,0.0013798756703549998,4914,T,C,A,T,A,T,TRUE
rs9987289,rs4841133,1,1,AA/GG,NA,8,9183664,A,G,0.0958,-0.084,0.1225,0.4931,0.00122241474432,4914,A,A,G,G,A,G,TRUE
rs4738684,rs9297994,1,1,AG/GA,NA,8,59392324,A,G,0.6488,-0.0744,0.0749,0.3209,0.0025225583173631994,4914,A,G,G,A,G,A,TRUE
rs2954029,rs2980860,0.99599,1,TG/AA,NA,8,126485337,A,G,0.5283,0.078,0.0739,0.2909,0.00303225477048,4914,T,G,A,A,A,T,TRUE
rs5880,rs117427818,0.838952,0.976906,CT/GC,NA,16,57010486,T,C,0.0624,-0.0553,0.1965,0.7783,3.578346949632e-4,4914,C,T,G,C,C,G,TRUE
rs17667053,rs75203664,1,1,CA/GC,NA,16,72067332,A,C,0.0182,-0.4112,0.2786,0.14,0.006042694293708801,4914,C,A,G,C,C,G,TRUE
rs8069974,rs11656732,1,1,CT/GC,NA,17,4670778,T,C,0.3552,-0.0367,0.0815,0.6525,6.169644069888002e-4,4914,C,T,G,C,C,G,TRUE
rs2156552,rs6507938,0.971431,0.985612,AG/TA,NA,18,47168648,A,G,0.8328,-0.0273,0.0976,0.7796,2.0755456001280003e-4,4914,A,G,T,A,T,A,TRUE
rs4808802,rs10423802,0.965583,1,CT/GC,NA,19,18567901,T,C,0.1992,0.1182,0.0913,0.1955,0.004457366526412799,4914,C,T,G,C,C,G,TRUE
rs8120178,rs6072092,0.991062,1,GA/CG,NA,20,39292093,A,G,0.3144,-0.0068,0.0795,0.9323,1.99343081472e-5,4914,G,A,C,G,G,C,TRUE
rs11591147,NA,NA,NA,NA,NA,NA,NA,NA,NA,NA,NA,NA,NA,NA,NA,NA,NA,NA,NA,NA,NA,NA
rs1800478,NA,NA,NA,NA,NA,NA,NA,NA,NA,NA,NA,NA,NA,NA,NA,NA,NA,NA,NA,NA,NA,NA
rs581080,NA,NA,NA,NA,NA,NA,NA,NA,NA,NA,NA,NA,NA,NA,NA,NA,NA,NA,NA,NA,NA,NA
rs964184,NA,NA,NA,NA,NA,NA,NA,NA,NA,NA,NA,NA,NA,NA,NA,NA,NA,NA,NA,NA,NA,NA
rs117877390,NA,NA,NA,NA,NA,NA,NA,NA,NA,NA,NA,NA,NA,NA,NA,NA,NA,NA,NA,NA,NA,NA
rs77719426,NA,NA,NA,NA,NA,NA,NA,NA,NA,NA,NA,NA,NA,NA,NA,NA,NA,NA,NA,NA,NA,NA
