query_snp_rsid,rsID,ld.r2,Dprime,ref.proxy,alt.proxy,CHR,POS,Effect_allele.proxy,Non_Effect_allele.proxy,EAF,Beta,SE,P,r2,N,ref,alt,Effect_allele,Non_Effect_allele
rs10950398,rs10950395,0.93,0.99,T,C,7,12264467,C,T,0.42955,-0.002601,0.004128,0.5287,3.315446374967595e-6,3110,G,A,A,G
rs10959913,rs10809510,0.92,0.99,C,T,9,11530473,T,C,0.25599,-0.006241,0.004616,0.1765,1.4836796294587424e-5,3108,T,G,G,T
rs11663393,rs4459619,0.88,0.98,T,C,18,50620708,C,T,0.460086,-0.002406,0.004107,0.5579,2.875973293554898e-6,3109,G,A,A,G
rs12134600,NA,NA,NA,NA,NA,NA,NA,NA,NA,NA,NA,NA,NA,NA,NA,NA,NA,NA,NA
rs1363104,rs10052804,1,1,A,C,5,103919822,C,A,0.503157,0.001019,0.003998,0.7988,5.191598020407553e-7,3113,C,G,G,C
rs159963,rs301802,0.98,0.99,T,A,1,8497307,T,A,0.444195,0.002597,0.004034,0.5197,3.3301976496248157e-6,3063,C,A,C,A
rs1806153,NA,NA,NA,NA,NA,NA,NA,NA,NA,NA,NA,NA,NA,NA,NA,NA,NA,NA,NA
rs247910,rs247912,0.88,0.99,C,G,5,87634692,G,C,0.494302,-0.004813,0.004077,0.2379,1.1580980296451645e-5,3091,A,G,G,A
rs34215985,rs4263431,0.96,0.99,G,A,4,42042686,G,A,0.21393600000000002,0.004386,0.005013,0.3817,6.470070736879394e-6,3115,C,G,C,G
rs62099069,NA,NA,NA,NA,NA,NA,NA,NA,NA,NA,NA,NA,NA,NA,NA,NA,NA,NA,NA
rs76485002,NA,NA,NA,NA,NA,NA,NA,NA,NA,NA,NA,NA,NA,NA,NA,NA,NA,NA,NA
rs9427672,NA,NA,NA,NA,NA,NA,NA,NA,NA,NA,NA,NA,NA,NA,NA,NA,NA,NA,NA
rs9596810,NA,NA,NA,NA,NA,NA,NA,NA,NA,NA,NA,NA,NA,NA,NA,NA,NA,NA,NA
