target_snp,proxy_snp,ld.r2,Dprime,PHASE,X12,CHR,POS,Effect_allele.proxy,Non_Effect_allele.proxy,EAF,Beta,SE,P,r2,N,ref,ref.proxy,alt,alt.proxy,Effect_allele,Non_Effect_allele,proxy.outcome
rs2745400,rs969931,0.8596,0.938275,GG/AT,NA,6,29494897,T,G,0.5193,0.0233,0.0142,0.1021,2.710405578078e-4,40255,G,G,A,T,A,G,TRUE
rs9263565,rs2517403,1,1,TC/GT,NA,6,31067009,T,C,0.6402,0.0257,0.0149,0.08522,3.042797642808e-4,40255,T,C,G,T,G,T,TRUE
rs2516478,rs2259435,1,1,AA/GG,NA,6,31496915,A,G,0.1686,-0.0107,0.0191,0.5755,3.20970516792e-5,40255,A,A,G,G,A,G,TRUE
rs419132,rs382259,0.964897,1,GC/AT,NA,6,32209027,T,C,0.676,0.0599,0.0361,0.09678,0.00157172060448,40255,G,C,A,T,A,G,TRUE
rs35242582,rs145649164,0.871292,0.981878,GA/AC,NA,6,32601918,A,C,0.1589,-0.0709,0.052,0.1725,0.0013436742553598001,40255,G,A,A,C,G,A,TRUE
