id.exposure,id.outcome,outcome,exposure,method,nsnp,b,se,pval
FMKS7s,WWTJHF,aaos,mvpa,Inverse variance weighted (fixed effects),39,0.9019427172859417,0.19343939460866016,3.1214360295639076e-6
FMKS7s,WWTJHF,aaos,mvpa,Weighted median,39,0.4148857943380902,0.2779547700403761,0.13553202508148532
FMKS7s,WWTJHF,aaos,mvpa,Weighted mode,39,0.6463173757475094,0.4161313319827483,0.128675479557199
FMKS7s,WWTJHF,aaos,mvpa,MR Egger,39,6.002752746205814,4.058933002435572,0.1476311657049618
