id.exposure,id.outcome,outcome,exposure,method,nsnp,b,se,pval
FMKS7s,WWTJHF,aaos,mvpa,Inverse variance weighted (fixed effects),38,0.2761665643481805,0.19519232695487615,0.15711443286777266
FMKS7s,WWTJHF,aaos,mvpa,Weighted median,38,0.41389515796150067,0.29282934503585895,0.15752794830194075
FMKS7s,WWTJHF,aaos,mvpa,Weighted mode,38,0.6155366843981733,0.42523646342046106,0.15617301026592087
FMKS7s,WWTJHF,aaos,mvpa,MR Egger,38,0.664055872694374,1.049856017575801,0.5310437875236615
