id.exposure,id.outcome,outcome,exposure,method,nsnp,b,se,pval
JMyvTO,hS4Mzo,aaos,mvpa,Inverse variance weighted (fixed effects),145,0.3658380449179208,0.11921459261995604,0.0021496686920684433
JMyvTO,hS4Mzo,aaos,mvpa,Weighted median,145,0.3747750756324869,0.1725061211787878,0.02981555552979369
JMyvTO,hS4Mzo,aaos,mvpa,Weighted mode,145,0.5465600424061225,0.35260959304991735,0.12332619442227653
JMyvTO,hS4Mzo,aaos,mvpa,MR Egger,145,3.1748559991547456,1.222027518212284,0.010357573809703766
