id.exposure,id.outcome,outcome,exposure,method,nsnp,b,se,pval
fnw0jt,KB46c1,aaos,mvpa,Inverse variance weighted (fixed effects),154,0.3330908915411542,0.11531707975118247,0.003871106413478157
fnw0jt,KB46c1,aaos,mvpa,Weighted median,154,0.30598294701134787,0.17624304609114944,0.08253873716570742
fnw0jt,KB46c1,aaos,mvpa,Weighted mode,154,0.522626969646085,0.33177958395496254,0.1172703887012161
fnw0jt,KB46c1,aaos,mvpa,MR Egger,154,2.7583154263060545,1.1383599647495848,0.01656570500277323
