id.exposure,id.outcome,outcome,exposure,method,nsnp,b,se,pval
ahpbTq,ZwOqmJ,aaos,mvpa,Inverse variance weighted (fixed effects),154,0.3466270863615604,0.11490106178604023,0.0025550550976272536
ahpbTq,ZwOqmJ,aaos,mvpa,Weighted median,154,0.3153926918296186,0.16453283663424154,0.05525087087130424
ahpbTq,ZwOqmJ,aaos,mvpa,Weighted mode,154,0.5888846209414567,0.31989230720188283,0.06757547704843099
ahpbTq,ZwOqmJ,aaos,mvpa,MR Egger,154,2.748647907625562,1.1379597815106854,0.01690397791230812
