id.exposure,id.outcome,outcome,exposure,method,nsnp,b,se,pval
R0jdaV,Yca9SL,aaos,mvpa,Inverse variance weighted (fixed effects),39,0.894251409165565,0.19352449210759334,3.821352319837559e-6
R0jdaV,Yca9SL,aaos,mvpa,Weighted median,39,0.4156071142209484,0.2760042631135251,0.132118621195283
R0jdaV,Yca9SL,aaos,mvpa,Weighted mode,39,0.6295716563446199,0.4254423608128159,0.14716881683668967
R0jdaV,Yca9SL,aaos,mvpa,MR Egger,39,6.025879620968903,4.0593536321236385,0.14616155761423508
