id.exposure,id.outcome,outcome,exposure,method,nsnp,b,se,pval
BizmIz,ItiInN,aaos,mvpa,Inverse variance weighted (fixed effects),145,0.3658380449179208,0.11921459261995604,0.0021496686920684433
BizmIz,ItiInN,aaos,mvpa,Weighted median,145,0.3747750756324869,0.17529769089701652,0.03252201593413798
BizmIz,ItiInN,aaos,mvpa,Weighted mode,145,0.5465600424061225,0.3224899721188407,0.092272443041767
BizmIz,ItiInN,aaos,mvpa,MR Egger,145,3.1748559991547456,1.222027518212284,0.010357573809703766
