id.exposure,id.outcome,outcome,exposure,method,nsnp,b,se,pval
6tS15Q,HHOgQA,aaos,mvpa,Inverse variance weighted (fixed effects),34,0.99216947913225,0.20348525198725761,1.0832496425589386e-6
6tS15Q,HHOgQA,aaos,mvpa,Weighted median,34,0.43993673829262664,0.27506317903862243,0.10973119548855487
6tS15Q,HHOgQA,aaos,mvpa,Weighted mode,34,0.6284208797067841,0.4261384862361378,0.14977404100047337
6tS15Q,HHOgQA,aaos,mvpa,MR Egger,34,6.969974281830382,4.542336078893764,0.13474862816822017
