query_snp_rsid,rsID,ld.r2,Dprime,ref.proxy,alt.proxy,CHR,POS,Effect_allele.proxy,Non_Effect_allele.proxy,EAF,Beta,SE,P,r2,N,ref,alt,Effect_allele,Non_Effect_allele
rs1077514,rs946265,1,1,T,G,1,23775296,T,G,0.1417,7.944e-4,0.002976,0.7896,1.5350319858481923e-7,111994,C,T,C,T
rs10832962,rs10832954,0.96,0.98,G,A,11,18643559,G,A,0.2557,0.001328,0.002983,0.6562,6.712818311116799e-7,111536,C,T,C,T
rs2075650,NA,NA,NA,NA,NA,NA,NA,NA,NA,NA,NA,NA,NA,NA,NA,NA,NA,NA,NA
rs2230808,rs2150867,0.99,1,T,C,9,107554534,T,C,0.2336,-7.554e-4,0.00299,0.8006,2.0432066393825283e-7,110990,T,C,T,C
rs2902940,NA,NA,NA,NA,NA,NA,NA,NA,NA,NA,NA,NA,NA,NA,NA,NA,NA,NA,NA
rs2965157,NA,NA,NA,NA,NA,NA,NA,NA,NA,NA,NA,NA,NA,NA,NA,NA,NA,NA,NA
rs3184504,NA,NA,NA,NA,NA,NA,NA,NA,NA,NA,NA,NA,NA,NA,NA,NA,NA,NA,NA
rs3852861,rs3852860,1,1,C,T,19,45382966,T,C,0.417,0.003752,0.002975,0.2072,6.844792149888e-6,112176,G,T,T,G
rs4752805,rs1228044,1,1,A,G,11,48011180,G,A,0.2521,-2.068e-4,0.002985,0.9448,1.61267719057632e-8,111341,A,G,G,A
rs4803763,rs12162222,0.83,0.97,G,T,19,45348522,T,G,0.2871,0.003021,0.002974,0.3097,3.7358828867863795e-6,112176,G,C,C,G
rs4988235,NA,NA,NA,NA,NA,NA,NA,NA,NA,NA,NA,NA,NA,NA,NA,NA,NA,NA,NA
rs6430552,rs56383182,0.98,1,A,G,2,135608211,G,A,0.3601,-0.001632,0.002977,0.5835,1.22745487767552e-6,112176,C,T,T,C
rs6730157,NA,NA,NA,NA,NA,NA,NA,NA,NA,NA,NA,NA,NA,NA,NA,NA,NA,NA,NA
rs6759321,NA,NA,NA,NA,NA,NA,NA,NA,NA,NA,NA,NA,NA,NA,NA,NA,NA,NA,NA
rs7012891,rs62523863,0.83,0.95,G,A,8,126520544,A,G,0.2147,-0.001156,0.002996,0.6995,4.506229493475199e-7,110537,T,C,C,T
rs71352239,NA,NA,NA,NA,NA,NA,NA,NA,NA,NA,NA,NA,NA,NA,NA,NA,NA,NA,NA
rs737280,NA,NA,NA,NA,NA,NA,NA,NA,NA,NA,NA,NA,NA,NA,NA,NA,NA,NA,NA
rs7412,NA,NA,NA,NA,NA,NA,NA,NA,NA,NA,NA,NA,NA,NA,NA,NA,NA,NA,NA
rs75687619,rs140480140,0.89,0.94,G,A,19,45421650,A,G,0.02259,0.004839,0.002994,0.106,1.03403264246948e-6,111137,G,T,T,G
rs7578637,rs10185731,1,1,A,G,2,21485632,G,A,0.01094,-3.369e-4,0.002973,0.9098,2.456246664218808e-9,112167,G,A,A,G
rs7742144,rs3886540,0.83,1,T,C,6,16161117,C,T,0.1907,0.003848,0.00299,0.1981,4.57046466651008e-6,110929,T,C,C,T
rs9268882,rs6903608,0.98,0.99,C,T,6,32428285,C,T,0.2739,0.002856,0.002974,0.337,3.2444035720588794e-6,112176,T,C,T,C
rs9302635,rs11075921,0.87,0.99,C,T,16,72132129,T,C,0.1587,0.00159,0.00299,0.5949,6.75075054222e-7,110909,T,C,C,T
