query_snp_rsid,rsID,ld.r2,Dprime,ref.proxy,alt.proxy,CHR,POS,Effect_allele.proxy,Non_Effect_allele.proxy,EAF,Beta,SE,P,r2,N,ref,alt,Effect_allele,Non_Effect_allele
rs10412413,rs10402271,1,1,T,G,19,45329214,G,T,0.3404,0.0927,0.0038,2.6e-118,0.0038588656843872005,171428,C,T,T,C
rs11665676,rs11667640,0.84,1,C,T,19,45379791,T,C,0.06069,0.017,0.0074,0.01986,3.29498864142e-5,166169.03,C,T,T,C
rs13032148,NA,NA,NA,NA,NA,NA,NA,NA,NA,NA,NA,NA,NA,NA,NA,NA,NA,NA,NA
rs157595,rs439401,0.8,0.94,T,C,19,45414451,C,T,0.6201,0.0301,0.0042,1.044e-12,4.2686840539979995e-4,148417,A,G,G,A
rs16979586,rs7257610,1,1,G,A,19,45490428,A,G,0.04617,0.0188,0.0108,0.02955,3.1129815487968e-5,148878.19,A,G,G,A
rs2004357,rs1114831,1,1,C,A,19,45636319,A,C,0.1055,0.0439,0.0087,4.14e-7,3.63740651795e-4,88433,G,A,A,G
rs2301274,rs7255066,0.87,0.99,T,C,19,45146103,T,C,0.7361,0.0473,0.0063,1.044e-12,8.692175473982002e-4,88433,T,C,T,C
rs28399657,NA,NA,NA,NA,NA,NA,NA,NA,NA,NA,NA,NA,NA,NA,NA,NA,NA,NA,NA
rs28399664,NA,NA,NA,NA,NA,NA,NA,NA,NA,NA,NA,NA,NA,NA,NA,NA,NA,NA,NA
rs41290120,NA,NA,NA,NA,NA,NA,NA,NA,NA,NA,NA,NA,NA,NA,NA,NA,NA,NA,NA
rs60049679,NA,NA,NA,NA,NA,NA,NA,NA,NA,NA,NA,NA,NA,NA,NA,NA,NA,NA,NA
rs6431219,NA,NA,NA,NA,NA,NA,NA,NA,NA,NA,NA,NA,NA,NA,NA,NA,NA,NA,NA
rs7930318,rs1026254,0.99,1,T,C,11,60030457,C,T,0.5897,0.0064,0.0053,0.2845,1.98208643072e-5,89831,C,T,T,C
