target_snp,proxy_snp,ld.r2,Dprime,PHASE,X12,CHR,POS,Effect_allele.proxy,Non_Effect_allele.proxy,EAF,Beta,SE,P,r2,N,ref,ref.proxy,alt,alt.proxy,Effect_allele,Non_Effect_allele,proxy.outcome
rs17028896,rs1826908,0.916891,1,TC/AT,NA,4,100301244,T,C,0.8986,0.038,0.097,0.6952,2.631488995200001e-4,4914,T,C,A,T,A,T,TRUE
rs894368,rs12505678,1,1,AC/CT,NA,4,100300465,T,C,0.8751,-0.0678,0.0886,0.4442,0.0010048691320632,4914,A,C,C,T,C,A,TRUE
rs2006682,rs12551268,0.927862,0.979887,GA/CC,NA,9,6231318,A,C,0.2911,-0.0015,0.0629,0.9808,9.286235550000001e-7,4914,G,A,C,C,G,C,TRUE
rs13296886,rs67715198,1,1,GA/CG,NA,9,84329272,A,G,0.0978,-0.0553,0.0997,0.5793,5.396621208888e-4,4914,G,A,C,G,G,C,TRUE
rs79171978,rs34066997,1,1,CT/GC,NA,12,17765655,T,C,0.1054,0.0219,0.103,0.8318,9.04456595448e-5,4914,C,T,G,C,C,G,TRUE
rs9571413,rs1337944,1,1,GA/CG,NA,13,34901406,A,G,0.0504,0.0778,0.1321,0.5557,5.793759078912e-4,4914,G,A,C,G,G,C,TRUE
rs870089,rs2346463,1,1,GG/CA,NA,14,57886739,A,G,0.8648,0.0918,0.0874,0.2934,0.0019706419819008002,4914,G,G,C,A,C,G,TRUE
rs78323057,NA,NA,NA,NA,NA,NA,NA,NA,NA,NA,NA,NA,NA,NA,NA,NA,NA,NA,NA,NA,NA,NA
rs147909804,NA,NA,NA,NA,NA,NA,NA,NA,NA,NA,NA,NA,NA,NA,NA,NA,NA,NA,NA,NA,NA,NA
rs187025437,NA,NA,NA,NA,NA,NA,NA,NA,NA,NA,NA,NA,NA,NA,NA,NA,NA,NA,NA,NA,NA,NA
