id.exposure,id.outcome,outcome,exposure,method,nsnp,b,se,pval
5w4QwQ,e4msb1,hips,mvpa,Inverse variance weighted (fixed effects),38,-3.1223612297940946,1.2667180888530076,0.013704309736830622
5w4QwQ,e4msb1,hips,mvpa,Weighted median,38,-2.1858751846708606,1.847542710244112,0.23675935047989966
5w4QwQ,e4msb1,hips,mvpa,Weighted mode,38,-1.646293116012778,3.4519785813393478,0.6362289810945899
5w4QwQ,e4msb1,hips,mvpa,MR Egger,38,-6.659905956988879,6.641969505195683,0.3226978388815145
