id.exposure,id.outcome,outcome,exposure,method,nsnp,b,se,pval
mcYZOH,ViUpTY,hips,mvpa,Inverse variance weighted (fixed effects),149,-1.2548795332825966,0.6986435553187973,0.0724681810600487
mcYZOH,ViUpTY,hips,mvpa,Weighted median,149,-1.1257469830693447,1.0349732397897342,0.2767247558466815
mcYZOH,ViUpTY,hips,mvpa,Weighted mode,149,-1.0498230794223602,2.6205281213178115,0.6892812607903356
mcYZOH,ViUpTY,hips,mvpa,MR Egger,149,-12.092145060757467,3.2070346292386187,2.3542293469051116e-4
