id.exposure,id.outcome,outcome,exposure,method,nsnp,b,se,pval
59YVGt,pywg31,hips,mvpa,Inverse variance weighted (fixed effects),149,-1.249906015649536,0.698820956460451,0.07368044490672196
59YVGt,pywg31,hips,mvpa,Weighted median,149,-1.1264110854827196,1.0363570957610224,0.27708332722366913
59YVGt,pywg31,hips,mvpa,Weighted mode,149,-1.0498230794223602,2.626136489400015,0.6899099859041822
59YVGt,pywg31,hips,mvpa,MR Egger,149,-12.145528872030887,3.199257248244892,2.1416520683187852e-4
