id.exposure,id.outcome,outcome,exposure,method,nsnp,b,se,pval
eVLQQx,fHu1mO,hips,mvpa,Inverse variance weighted (fixed effects),38,-3.108740394392578,1.2656230330863811,0.014037883608746955
eVLQQx,fHu1mO,hips,mvpa,Weighted median,38,-2.151223347521789,1.9101246820862492,0.2600718056221972
eVLQQx,fHu1mO,hips,mvpa,Weighted mode,38,-1.646293116012778,3.243828188703662,0.6148051758775075
eVLQQx,fHu1mO,hips,mvpa,MR Egger,38,-6.682462993746123,6.643911007237005,0.3212234939667239
