target_snp,proxy_snp,ld.r2,Dprime,PHASE,X12,CHR,POS,Effect_allele.proxy,Non_Effect_allele.proxy,EAF,Beta,SE,P,r2,N,ref,ref.proxy,alt,alt.proxy,Effect_allele,Non_Effect_allele,proxy.outcome
rs13147559,rs36027619,0.991507,1,GT/CC,NA,4,17525356,T,C,0.1452,0.0498,0.1061,0.6387,6.156300509567999e-4,4914,G,T,C,C,G,C,TRUE
rs2354376,rs6945259,0.987385,0.995768,CG/AT,NA,7,138485954,T,G,0.6165,0.0043,0.0736,0.953,8.743098195e-6,4914,C,G,A,T,A,C,TRUE
rs146229052,rs145759401,0.927636,1,CA/TG,NA,22,38347867,A,G,0.0222,-0.3379,0.2877,0.2401,0.004956891200191199,4914,C,A,T,G,C,T,TRUE
