id.exposure,id.outcome,outcome,exposure,method,nsnp,b,se,pval
dVVNBQ,xrjOx5,aaos,tc,Inverse variance weighted (fixed effects),255,0.25440290240147984,0.024726284003775013,7.91862277670277e-25
dVVNBQ,xrjOx5,aaos,tc,Weighted median,255,-6.670013551359876e-4,0.045969042648986935,0.9884232653283351
dVVNBQ,xrjOx5,aaos,tc,Weighted mode,255,-0.023712972205792937,0.05236171852536671,0.6510300324966514
dVVNBQ,xrjOx5,aaos,tc,MR Egger,255,0.5121055226258662,0.12060063742187387,3.0550386573900736e-5
