id.exposure,id.outcome,outcome,exposure,method,nsnp,b,se,pval
1nqAwH,BQfkD8,aaos,tc,Inverse variance weighted (fixed effects),391,0.2552549645068202,0.023075595160743277,1.924477742703198e-28
1nqAwH,BQfkD8,aaos,tc,Weighted median,391,0.012608370313503035,0.04404548153830737,0.7746805436524085
1nqAwH,BQfkD8,aaos,tc,Weighted mode,391,-0.0050836882572440345,0.05410104574297413,0.9251839894014415
1nqAwH,BQfkD8,aaos,tc,MR Egger,391,0.4568498501225272,0.09331264221162403,1.4368845826442172e-6
