id.exposure,id.outcome,outcome,exposure,method,nsnp,b,se,pval
Uii9pR,7FHUEL,aaos,tc,Inverse variance weighted (fixed effects),391,0.2552549645068202,0.023075595160743277,1.924477742703198e-28
Uii9pR,7FHUEL,aaos,tc,Weighted median,391,0.012608370313503035,0.04258266728499852,0.767160124729991
Uii9pR,7FHUEL,aaos,tc,Weighted mode,391,-0.0050836882572440345,0.054277565812893995,0.9254265904366504
Uii9pR,7FHUEL,aaos,tc,MR Egger,391,0.4568498501225272,0.09331264221162403,1.4368845826442172e-6
