id.exposure,id.outcome,outcome,exposure,method,nsnp,b,se,pval
tYa56c,B4Znl1,aaos,tc,Inverse variance weighted (fixed effects),252,0.25870343520290073,0.02481683541021359,1.916375791299284e-25
tYa56c,B4Znl1,aaos,tc,Weighted median,252,-5.7353315073252e-4,0.04460234718005792,0.9897404360008233
tYa56c,B4Znl1,aaos,tc,Weighted mode,252,-0.023474512618652632,0.05516201231855719,0.6707962214405108
tYa56c,B4Znl1,aaos,tc,MR Egger,252,0.5084235538505887,0.12079647858346396,3.5808001376830426e-5
