id.exposure,id.outcome,outcome,exposure,method,nsnp,b,se,pval
8Hs68a,HW15Kc,aaos,tc,Inverse variance weighted (fixed effects),250,0.2494924790511031,0.024875323124269964,1.1283827513724845e-23
8Hs68a,HW15Kc,aaos,tc,Weighted median,250,-6.696396209844741e-4,0.04536846921506308,0.9882236336234764
8Hs68a,HW15Kc,aaos,tc,Weighted mode,250,-0.022373538226014844,0.0531723659089186,0.6742832001190787
8Hs68a,HW15Kc,aaos,tc,MR Egger,250,0.5007852193331254,0.12028297734843724,4.329141103348666e-5
