id.exposure,id.outcome,outcome,exposure,egger_intercept,se,pval
Uii9pR,7FHUEL,aaos,tc,-0.009270930603523096,0.0036778862867773987,0.012110493445473604
