id.exposure,id.outcome,outcome,exposure,method,nsnp,b,se,pval
1nqAwH,BQfkD8,aaos,tc,Inverse variance weighted (fixed effects),390,0.2509943232818751,0.023101228817217254,1.6926554474046163e-27
1nqAwH,BQfkD8,aaos,tc,Weighted median,390,0.008653595137954453,0.0433472946956981,0.8417668112309308
1nqAwH,BQfkD8,aaos,tc,Weighted mode,390,-0.005203165798818077,0.054415413659938426,0.9238721447982201
1nqAwH,BQfkD8,aaos,tc,MR Egger,390,0.4563176421083281,0.09297867203712139,1.3587509859992647e-6
