id.exposure,id.outcome,outcome,exposure,method,nsnp,b,se,pval
ODj64b,qSPf8d,aaos,tc,Inverse variance weighted (fixed effects),399,0.24465546898732368,0.022975524263882198,1.771476426542597e-26
ODj64b,qSPf8d,aaos,tc,Weighted median,399,-2.0578230915184155e-5,0.04194153713029985,0.9996085252663464
ODj64b,qSPf8d,aaos,tc,Weighted mode,399,-0.0045774397294833236,0.053630490672556666,0.9320249137966983
ODj64b,qSPf8d,aaos,tc,MR Egger,399,0.45983908896246767,0.09236934517211288,9.582571131778604e-7
