id.exposure,id.outcome,outcome,exposure,egger_intercept,se,pval
8Hs68a,HW15Kc,aaos,tc,-0.013010381443828292,0.005449680959887565,0.017713357009067204
