id.exposure,id.outcome,outcome,exposure,egger_intercept,se,pval
ODj64b,qSPf8d,aaos,tc,-0.00968515072798035,0.0036435700485425602,0.00817383143531406
