id.exposure,id.outcome,outcome,exposure,method,nsnp,b,se,pval
dVVNBQ,xrjOx5,aaos,tc,Inverse variance weighted (fixed effects),244,0.04363327139702913,0.025564691781641682,0.08786319292177767
dVVNBQ,xrjOx5,aaos,tc,Weighted median,244,-0.0016374833684410744,0.043961405405533414,0.9702871045357236
dVVNBQ,xrjOx5,aaos,tc,Weighted mode,244,-0.024466980024418383,0.05509626571243108,0.6573821686603858
dVVNBQ,xrjOx5,aaos,tc,MR Egger,244,0.03648878928299727,0.059560209584609475,0.5406916308749051
