target_snp,proxy_snp,ld.r2,Dprime,PHASE,X12,CHR,POS,Effect_allele.proxy,Non_Effect_allele.proxy,EAF,Beta,SE,P,r2,N,ref,ref.proxy,alt,alt.proxy,Effect_allele,Non_Effect_allele,proxy.outcome
rs10753661,rs7539883,1,1,GG/AA,NA,1,165118761,G,A,0.6893,0.0138,0.0167,0.4074,8.15713594488e-5,54162,G,G,A,A,G,A,TRUE
rs13032049,rs12993804,0.92967,0.99495,GA/AT,NA,2,63494689,A,T,0.2922,-0.0033,0.0171,0.8452,4.5045213048e-6,54162,G,A,A,T,G,A,TRUE
rs148960385,rs147825380,1,1,AC/GA,NA,4,100474179,C,A,0.9805,-8e-4,0.0855,0.9925,2.4473279999999954e-8,54162,A,C,G,A,A,G,TRUE
rs4916723,rs56022653,0.838276,0.968238,CC/AG,NA,5,87883838,C,G,0.3698,0.0038,0.016,0.8148,6.7304250848000005e-6,54162,C,C,A,G,C,A,TRUE
rs6951574,rs60009449,0.959997,0.983744,CC/TT,NA,7,153489996,C,T,0.5913,0.0189,0.0242,0.4335,1.7264981635019998e-4,54162,C,C,T,T,C,T,TRUE
rs34704785,rs12871346,1,1,CC/TT,NA,13,68100360,C,T,0.53,0.0069,0.0155,0.657,2.3719301999999997e-5,54162,C,C,T,T,C,T,TRUE
rs56220387,rs62064654,0.974622,0.993555,GT/AC,NA,17,43513896,T,C,0.1868,-0.0369,0.0205,0.07206,4.136728037472e-4,54162,G,T,A,C,G,A,TRUE
rs62055691,rs373853,1,1,CA/TG,NA,17,43704491,A,G,NA,-0.0622,0.0228,0.006419,NA,54162,C,A,T,G,C,T,TRUE
rs76640332,rs112480703,0.951323,1,AC/GT,NA,17,44189799,C,T,0.7743,-0.0498,0.0199,0.01224,8.668211503607999e-4,54162,A,C,G,T,A,G,TRUE
rs538628,rs169201,1,1,CG/GA,NA,17,44790203,G,A,0.7918,-0.0484,0.019,0.01075,7.723549629312002e-4,54162,C,G,G,A,C,G,TRUE
rs4233567,NA,NA,NA,NA,NA,NA,NA,NA,NA,NA,NA,NA,NA,NA,NA,NA,NA,NA,NA,NA,NA,NA
rs140184756,NA,NA,NA,NA,NA,NA,NA,NA,NA,NA,NA,NA,NA,NA,NA,NA,NA,NA,NA,NA,NA,NA
rs144198753,NA,NA,NA,NA,NA,NA,NA,NA,NA,NA,NA,NA,NA,NA,NA,NA,NA,NA,NA,NA,NA,NA
rs114112910,NA,NA,NA,NA,NA,NA,NA,NA,NA,NA,NA,NA,NA,NA,NA,NA,NA,NA,NA,NA,NA,NA
rs148382129,NA,NA,NA,NA,NA,NA,NA,NA,NA,NA,NA,NA,NA,NA,NA,NA,NA,NA,NA,NA,NA,NA
rs55938136,NA,NA,NA,NA,NA,NA,NA,NA,NA,NA,NA,NA,NA,NA,NA,NA,NA,NA,NA,NA,NA,NA
