id.exposure,id.outcome,outcome,exposure,method,nsnp,b,se,pval
8hU2pz,pfAhvw,hdl,ptau,Inverse variance weighted (fixed effects),3,-0.5536520574072369,0.06420886018198771,6.540857263326995e-18
8hU2pz,pfAhvw,hdl,ptau,Weighted median,3,-0.6407388952141299,0.10350082148272771,5.991098186938968e-10
8hU2pz,pfAhvw,hdl,ptau,Weighted mode,3,-0.7273834943845189,0.08633019544058496,0.013795534617231672
8hU2pz,pfAhvw,hdl,ptau,MR Egger,3,-0.8146121800794301,0.8650773916600418,0.519121086780866
