id.exposure,id.outcome,outcome,exposure,method,nsnp,b,se,pval
QWFhqI,ChykZq,hdl,ptau,Inverse variance weighted (fixed effects),11,-0.4415048760026354,0.04413016566063095,1.4547105563096508e-23
QWFhqI,ChykZq,hdl,ptau,Weighted median,11,-0.1882928033641303,0.09484514424122725,0.04711492779642282
QWFhqI,ChykZq,hdl,ptau,Weighted mode,11,-0.0868261265050625,0.11056975653499798,0.4505043621692969
QWFhqI,ChykZq,hdl,ptau,MR Egger,11,-0.5119770414450124,0.3489379723710993,0.1763644239263917
