id.exposure,id.outcome,outcome,exposure,method,nsnp,b,se,pval
8hU2pz,pfAhvw,hdl,ptau,Inverse variance weighted (fixed effects),4,-0.4523069637306289,0.05898092242453633,1.737491087735805e-14
8hU2pz,pfAhvw,hdl,ptau,Weighted median,4,-0.5281377500044376,0.11317577248765617,3.063340407236047e-6
8hU2pz,pfAhvw,hdl,ptau,Weighted mode,4,-0.6909958512644032,0.10324730490255105,0.006805055943952253
8hU2pz,pfAhvw,hdl,ptau,MR Egger,4,-0.604469967417457,0.7444690910040099,0.5020935729866667
