id.exposure,id.outcome,outcome,exposure,method,nsnp,b,se,pval
bOddn2,v5WTo7,hdl,ptau,Inverse variance weighted (fixed effects),5,-0.4460848395337952,0.05404399718002557,1.5304447213388238e-16
bOddn2,v5WTo7,hdl,ptau,Weighted median,5,-0.34806816467374396,0.09155793372673575,1.4375503375069969e-4
bOddn2,v5WTo7,hdl,ptau,Weighted mode,5,-0.2539498548699384,0.2901634071877218,0.43087379918391105
bOddn2,v5WTo7,hdl,ptau,MR Egger,5,-0.8026216605609163,0.5337205372540781,0.22966801842926837
