id.exposure,id.outcome,outcome,exposure,method,nsnp,b,se,pval
bOddn2,v5WTo7,hdl,ptau,Inverse variance weighted (fixed effects),3,-0.3478785573129197,0.07576342467505635,4.39771306715367e-6
bOddn2,v5WTo7,hdl,ptau,Weighted median,3,-0.2062975234087686,0.11741644063102624,0.07892240061255222
bOddn2,v5WTo7,hdl,ptau,Weighted mode,3,-0.18488981847159736,0.13263602473124353,0.29801041288687
bOddn2,v5WTo7,hdl,ptau,MR Egger,3,0.3728750623331019,0.7358290464528305,0.7014086496971287
