id.exposure,id.outcome,outcome,exposure,method,nsnp,b,se,pval
QWFhqI,ChykZq,hdl,ptau,Inverse variance weighted (fixed effects),10,-0.19730067543368335,0.05040143246542447,9.055995148540258e-5
QWFhqI,ChykZq,hdl,ptau,Weighted median,10,-0.12158338266189767,0.07773831381538453,0.11781557505198298
QWFhqI,ChykZq,hdl,ptau,Weighted mode,10,-0.008240532485236818,0.10603010528295682,0.9397521701360273
QWFhqI,ChykZq,hdl,ptau,MR Egger,10,0.3570678896391014,0.26073157938821717,0.20805431901767632
