id.exposure,id.outcome,outcome,exposure,method,nsnp,b,se,pval
bOddn2,v5WTo7,hdl,ptau,Inverse variance weighted (fixed effects),6,-0.3833338194094659,0.050814338867308705,4.5642899556467226e-14
bOddn2,v5WTo7,hdl,ptau,Weighted median,6,-0.20373389357021554,0.11471581439662136,0.07573491833907328
bOddn2,v5WTo7,hdl,ptau,Weighted mode,6,-0.085040444945174265,0.19274635808233373,0.677490876518845
bOddn2,v5WTo7,hdl,ptau,MR Egger,6,-0.6173428813122687,0.524017929941551,0.30406042173483616
