target_snp,proxy_snp,ld.r2,Dprime,PHASE,X12,CHR,POS,Effect_allele.proxy,Non_Effect_allele.proxy,EAF,Beta,SE,P,r2,N,ref,ref.proxy,alt,alt.proxy,Effect_allele,Non_Effect_allele,proxy.outcome
rs9257681,rs3117143,0.955831,1,GA/CC,NA,6,29031142,A,C,0.0803,-0.0034,0.0268,0.898,1.7074561591999998e-6,40255,G,A,C,C,G,C,TRUE
rs1233393,rs1235162,0.955898,0.984994,GG/CA,NA,6,29537224,A,G,0.9138,-0.0014,0.0258,0.9577,3.0877667520000015e-7,40255,G,G,C,A,C,G,TRUE
rs28986310,rs115938232,0.959076,0.979324,TG/CA,NA,6,29725013,A,G,0.943,0.0221,0.0273,0.4185,5.250505182000005e-5,40255,T,G,C,A,C,T,TRUE
rs2523734,rs2257914,0.874509,0.939173,CA/AC,NA,6,30120563,A,C,0.1462,-0.0077,0.0204,0.7067,1.48018149048e-5,40255,C,A,A,C,C,A,TRUE
rs3130116,rs3094054,0.973204,1,CT/TG,NA,6,30333505,T,G,0.0964,0.0106,0.0245,0.666,1.95746940288e-5,40255,C,T,T,G,C,T,TRUE
rs17476793,rs28780104,1,1,CG/GC,NA,6,30424655,C,G,0.9337,-0.0607,0.0673,0.3669,4.5617162230380013e-4,40255,C,G,G,C,G,C,TRUE
rs2284174,rs3095329,0.932306,0.972203,CG/TA,NA,6,30693816,A,G,0.7976,0.0063,0.0179,0.7247,1.2814649971200002e-5,40255,C,G,T,A,T,C,TRUE
rs1634726,rs1634721,1,1,AA/GG,NA,6,30977680,A,G,0.1054,-0.0098,0.0236,0.6766,1.8111384547199998e-5,40255,A,A,G,G,A,G,TRUE
rs2596505,rs2442727,0.991346,1,TA/CG,NA,6,31319667,A,G,0.1403,0.0592,0.0508,0.2437,8.454306856448001e-4,40255,T,A,C,G,T,C,TRUE
rs11961509,NA,NA,NA,NA,NA,NA,NA,NA,NA,NA,NA,NA,NA,NA,NA,NA,NA,NA,NA,NA,NA,NA
