id.exposure,id.outcome,outcome,exposure,method,nsnp,b,se,pval
4a7dKy,lCrmUV,alcc,load,Inverse variance weighted (fixed effects),57,-0.0029126070842986685,0.0017342103345490212,0.09305454595443685
4a7dKy,lCrmUV,alcc,load,Weighted median,57,-0.005967411042059516,0.002779605134295768,0.03180477375839647
4a7dKy,lCrmUV,alcc,load,Weighted mode,57,-0.005739769120706811,0.0028236541697688623,0.04682987995584693
4a7dKy,lCrmUV,alcc,load,MR Egger,57,-0.007234892844036913,0.003275395262743011,0.03136894075879949
