id.exposure,id.outcome,outcome,exposure,method,nsnp,b,se,pval
rGqZjd,Sq2rQG,alcc,load,Inverse variance weighted (fixed effects),20,-0.006076518780250948,0.00221057182155766,0.0059805702706085834
rGqZjd,Sq2rQG,alcc,load,Weighted median,20,-0.005979396947495856,0.0029847397011118536,0.045142657090038375
rGqZjd,Sq2rQG,alcc,load,Weighted mode,20,-0.005573828047416157,0.0031632675410175662,0.09414293374867055
rGqZjd,Sq2rQG,alcc,load,MR Egger,20,-0.007783083608404003,0.0037834522255825835,0.05446039813251843
