id.exposure,id.outcome,outcome,exposure,method,nsnp,b,se,pval
4a7dKy,lCrmUV,alcc,load,Inverse variance weighted (fixed effects),57,-0.0029126070842986685,0.0017342103345490212,0.09305454595443685
4a7dKy,lCrmUV,alcc,load,Weighted median,57,-0.005967411042059516,0.002844103074980178,0.035890152660789244
4a7dKy,lCrmUV,alcc,load,Weighted mode,57,-0.005739769120706811,0.002605371649815757,0.03172219520644193
4a7dKy,lCrmUV,alcc,load,MR Egger,57,-0.007234892844036913,0.003275395262743011,0.03136894075879949
