query_snp_rsid,rsID,ld.r2,Dprime,ref.proxy,alt.proxy,CHR,POS,Effect_allele.proxy,Non_Effect_allele.proxy,EAF,Beta,SE,P,r2,N,ref,alt,Effect_allele,Non_Effect_allele
rs1010167,NA,NA,NA,NA,NA,NA,NA,NA,NA,NA,NA,NA,NA,NA,NA,NA,NA,NA,NA
rs10888896,rs6681159,0.99,1,C,T,1,55507882,T,C,0.7392,0.1148,0.1113,0.3024,0.0050813992255488005,4914,G,C,C,G
rs11230815,rs11230817,0.86,1,C,T,11,61636255,T,C,0.8856,0.1205,0.115,0.2947,0.0029421697219199983,4914,G,C,C,G
rs11583974,NA,NA,NA,NA,NA,NA,NA,NA,NA,NA,NA,NA,NA,NA,NA,NA,NA,NA,NA
rs11591147,NA,NA,NA,NA,NA,NA,NA,NA,NA,NA,NA,NA,NA,NA,NA,NA,NA,NA,NA
rs17563312,rs111808593,0.95,1,C,T,5,74769837,T,C,0.0626,0.1755,0.1637,0.2836,0.0036147937246199997,4914,A,T,T,A
rs1800478,NA,NA,NA,NA,NA,NA,NA,NA,NA,NA,NA,NA,NA,NA,NA,NA,NA,NA,NA
rs1998013,NA,NA,NA,NA,NA,NA,NA,NA,NA,NA,NA,NA,NA,NA,NA,NA,NA,NA,NA
rs2738464,rs7258950,1,1,A,G,19,11250139,A,G,0.1188,0.0791,0.1156,0.49370000000000003,0.0013100078309472001,4914,G,C,G,C
rs2954029,rs2980860,0.97,0.98,A,G,8,126485337,A,G,0.5283,0.078,0.0739,0.2909,0.00303225477048,4914,A,T,A,T
rs2965156,rs2965155,0.94,1,T,C,19,45188471,T,C,0.4992,0.08,0.075,0.286,0.0031999918080000004,4914,G,C,G,C
rs3125055,rs3103347,1,1,C,T,6,160746512,T,C,0.1422,-0.0345,0.1019,0.7346,2.9037139038e-4,4914,T,A,A,T
rs35136575,NA,NA,NA,NA,NA,NA,NA,NA,NA,NA,NA,NA,NA,NA,NA,NA,NA,NA,NA
rs3810444,rs73006914,0.9,1,C,T,19,19110422,T,C,0.0481,0.1308,0.2848,0.6462,0.0015666857268192,4914,T,A,A,T
rs4803763,rs12462573,0.99,1,G,A,19,45359706,A,G,0.3189,0.3841,0.0961,6.388e-5,0.06408907589707981,4914,G,C,C,G
rs648673,NA,NA,NA,NA,NA,NA,NA,NA,NA,NA,NA,NA,NA,NA,NA,NA,NA,NA,NA
rs8108762,rs968445,0.96,1,A,G,19,45649386,A,G,0.6783,-0.0371,0.0777,0.6331,6.006904021902e-4,4914,G,A,G,A
rs8180991,rs12677676,1,1,A,G,8,126502526,A,G,0.7672,0.0285,0.0844,0.7356,2.9014245792000006e-4,4914,C,G,C,G
rs964184,NA,NA,NA,NA,NA,NA,NA,NA,NA,NA,NA,NA,NA,NA,NA,NA,NA,NA,NA
rs9973286,rs9973305,0.95,0.99,C,T,19,45215884,T,C,0.1359,-0.2653,0.0993,0.00757,0.016530574891534196,4914,C,G,G,C
rs9987289,rs4240624,1,1,G,A,8,9184231,A,G,0.9044,0.0847,0.1225,0.489,0.0012405528256352002,4914,A,G,G,A
