id.exposure,id.outcome,outcome,exposure,method,nsnp,b,se,pval
9jIQ0a,ZzUvEi,npany,insom,Inverse variance weighted (fixed effects),33,0.4562492424005683,0.23268020871503747,0.04989739845437418
9jIQ0a,ZzUvEi,npany,insom,Weighted median,33,0.24933473412304083,0.3272678868207836,0.4461391484174338
9jIQ0a,ZzUvEi,npany,insom,Weighted mode,33,0.08618530597570873,0.5748862208216738,0.8817709188107385
9jIQ0a,ZzUvEi,npany,insom,MR Egger,33,0.8842078031444845,0.5791225896454867,0.13694887249882728
