query_snp_rsid,rsID,ld.r2,Dprime,ref.proxy,alt.proxy,CHR,POS,Effect_allele.proxy,Non_Effect_allele.proxy,EAF,Beta,SE,P,r2,N,ref,alt,Effect_allele,Non_Effect_allele
rs1801272,rs117824460,0.92,0.96,A,G,19,41371480,A,G,0.9617,-0.0494,0.2363,0.8346,1.797720966392e-4,4914,A,T,A,T
rs3025327,rs75596189,1,1,C,T,9,136468701,T,C,0.1127,0.0777,0.0961,0.4188,0.0012074424237918,4914,G,C,C,G
rs59586387,rs7247903,0.91,0.96,A,G,19,41372475,A,G,0.964,0.2464,0.2562,0.3362,0.004213965127680004,4914,C,G,C,G
rs60749569,rs71521595,0.81,1,T,C,8,42573091,T,C,0.8932,0.0464,0.0981,0.6362,4.107578990592e-4,4914,A,T,A,T
rs6089904,NA,NA,NA,NA,NA,NA,NA,NA,NA,NA,NA,NA,NA,NA,NA,NA,NA,NA,NA
