id.exposure,id.outcome,outcome,exposure,method,nsnp,b,se,pval
EPmo7V,Si9eJf,ptau,tc,Inverse variance weighted (fixed effects),223,0.027037206097343894,0.009530341534907566,0.004554519220961306
EPmo7V,Si9eJf,ptau,tc,Weighted median,223,-0.008747258540921324,0.017897619742812627,0.6250267357798762
EPmo7V,Si9eJf,ptau,tc,Weighted mode,223,-0.026404286942291466,0.037141284994269184,0.47788330424213954
EPmo7V,Si9eJf,ptau,tc,MR Egger,223,0.0825389420866185,0.023024452996305532,4.1504627421743616e-4
