id.exposure,id.outcome,outcome,exposure,method,nsnp,b,se,pval
0fljxA,dRcGbH,ptau,tc,Inverse variance weighted (fixed effects),348,0.01970656584443498,0.009003898834467002,0.028620813114006598
0fljxA,dRcGbH,ptau,tc,Weighted median,348,-0.011707574973176853,0.016719141639022887,0.48377133901603137
0fljxA,dRcGbH,ptau,tc,Weighted mode,348,-0.026046244495898874,0.03218665347838002,0.41894025527637213
0fljxA,dRcGbH,ptau,tc,MR Egger,348,0.056260880051050365,0.019771644541246934,0.004697837154561532
