id.exposure,id.outcome,outcome,exposure,egger_intercept,se,pval
xDR213,cAwhxA,ptau,tc,-0.0034379060662360983,0.0010818074310238524,0.001686911652587704
