id.exposure,id.outcome,outcome,exposure,method,nsnp,b,se,pval
Sd5zM0,8g8d1Z,ptau,tc,Inverse variance weighted (fixed effects),349,0.02600222088321514,0.00889178659936692,0.0034523567496984797
Sd5zM0,8g8d1Z,ptau,tc,Weighted median,349,-0.008677366803520312,0.016337240704754487,0.595321564739926
Sd5zM0,8g8d1Z,ptau,tc,Weighted mode,349,-0.026028336041227562,0.03194982867433371,0.4158225087499624
Sd5zM0,8g8d1Z,ptau,tc,MR Egger,349,0.06887246776340306,0.01972389708837406,5.41703838512968e-4
