id.exposure,id.outcome,outcome,exposure,egger_intercept,se,pval
EPmo7V,Si9eJf,ptau,tc,-0.0030985941229864874,0.0010850643021272552,0.004703647621887316
