id.exposure,id.outcome,outcome,exposure,method,nsnp,b,se,pval
xDR213,cAwhxA,ptau,tc,Inverse variance weighted (fixed effects),230,-0.004451239892062081,0.0097543983769186,0.6481515678133568
xDR213,cAwhxA,ptau,tc,Weighted median,230,-0.01825127066501419,0.01731827959424937,0.2919409761578868
xDR213,cAwhxA,ptau,tc,Weighted mode,230,-0.02588969634995475,0.03731081404192184,0.48845285988921017
xDR213,cAwhxA,ptau,tc,MR Egger,230,0.018606122007263495,0.02060997355361885,0.36759928772062955
