id.exposure,id.outcome,outcome,exposure,egger_intercept,se,pval
Sd5zM0,8g8d1Z,ptau,tc,-0.0020973410317094527,8.077000761156418e-4,0.00981324398598898
