id.exposure,id.outcome,outcome,exposure,method,nsnp,b,se,pval
EPmo7V,Si9eJf,ptau,tc,Inverse variance weighted (fixed effects),223,0.027037206097343894,0.009530341534907566,0.004554519220961306
EPmo7V,Si9eJf,ptau,tc,Weighted median,223,-0.008747258540921324,0.017173363285751933,0.6105066738291933
EPmo7V,Si9eJf,ptau,tc,Weighted mode,223,-0.026404286942291466,0.036652006817353804,0.4720335526862931
EPmo7V,Si9eJf,ptau,tc,MR Egger,223,0.0825389420866185,0.023024452996305532,4.1504627421743616e-4
