id.exposure,id.outcome,outcome,exposure,method,nsnp,b,se,pval
Zm98uc,YdiFEW,hipv,sleep,Inverse variance weighted (fixed effects),27,0.11406710899915287,0.07990044723446246,0.15340258833333342
Zm98uc,YdiFEW,hipv,sleep,Weighted median,27,0.07502471432282688,0.11243033040186119,0.5045807828767573
Zm98uc,YdiFEW,hipv,sleep,Weighted mode,27,0.022311353415185087,0.21167211625711427,0.9168632438502992
Zm98uc,YdiFEW,hipv,sleep,MR Egger,27,0.3132433864437318,0.2656720853612037,0.24947413501080706
