id.exposure,id.outcome,outcome,exposure,method,nsnp,b,se,pval
rJhHdY,GZHrKJ,hipv,sleep,Inverse variance weighted (fixed effects),27,0.11406710899915287,0.07990044723446246,0.15340258833333342
rJhHdY,GZHrKJ,hipv,sleep,Weighted median,27,0.07502471432282688,0.11124465258667872,0.5000494974788783
rJhHdY,GZHrKJ,hipv,sleep,Weighted mode,27,0.022311353415185087,0.2148694080550421,0.9180956884066316
rJhHdY,GZHrKJ,hipv,sleep,MR Egger,27,0.3132433864437318,0.2656720853612037,0.24947413501080706
