id.exposure,id.outcome,outcome,exposure,method,nsnp,b,se,pval
tZmqp2,qTaZ81,audit,ptau,Inverse variance weighted (fixed effects),6,-0.0572157170687785,0.013181915093349934,1.421777857048465e-5
tZmqp2,qTaZ81,audit,ptau,Weighted median,6,-0.057027932783867176,0.017774220870691543,0.0013344640622505214
tZmqp2,qTaZ81,audit,ptau,Weighted mode,6,-0.07601637114551782,0.0242809006995578,0.025936753275851848
tZmqp2,qTaZ81,audit,ptau,MR Egger,6,-0.07432920121799731,0.0517691996093212,0.22440398545541773
