id.exposure,id.outcome,outcome,exposure,method,nsnp,b,se,pval
V1boMS,x2lvvK,cpd,hipv,Inverse variance weighted (fixed effects),9,0.004911837935848427,0.021644659661962343,0.8204776235636223
V1boMS,x2lvvK,cpd,hipv,Weighted median,9,0.008900926879907012,0.02701696057370569,0.7418102875933252
V1boMS,x2lvvK,cpd,hipv,Weighted mode,9,0.00983760682028259,0.03656604402908975,0.7947098226232745
V1boMS,x2lvvK,cpd,hipv,MR Egger,9,0.0029513886503917987,0.0633061308380233,0.9641175605173516
