id.exposure,id.outcome,outcome,exposure,method,nsnp,b,se,pval
waxBos,V1eSpd,cpd,hipv,Inverse variance weighted (fixed effects),27,-0.004105525904991822,0.015807544301536934,0.7950802278002019
waxBos,V1eSpd,cpd,hipv,Weighted median,27,0.0020151927626611277,0.02158371549741884,0.9256125215207559
waxBos,V1eSpd,cpd,hipv,Weighted mode,27,0.00862216073377653,0.03191449074474083,0.7891666660581309
waxBos,V1eSpd,cpd,hipv,MR Egger,27,0.03368990442699497,0.044148271329534236,0.4525402452904317
