id.exposure,id.outcome,outcome,exposure,egger_intercept,se,pval
06M1Tx,joEud6,cpd,hipv,-0.002567972262141575,0.0028007360735502625,0.3679602013701566
