id.exposure,id.outcome,outcome,exposure,method,nsnp,b,se,pval
06M1Tx,joEud6,cpd,hipv,Inverse variance weighted (fixed effects),27,-0.004105525904991827,0.015807544301536934,0.7950802278002017
06M1Tx,joEud6,cpd,hipv,Weighted median,27,0.0020151927626611277,0.02158371549741884,0.9256125215207559
06M1Tx,joEud6,cpd,hipv,Weighted mode,27,0.00862216073377653,0.03191449074474083,0.7891666660581309
06M1Tx,joEud6,cpd,hipv,MR Egger,27,0.033689904426994925,0.04414827132953423,0.45254024529043224
