target_snp,proxy_snp,ld.r2,Dprime,PHASE,X12,CHR,POS,Effect_allele.proxy,Non_Effect_allele.proxy,EAF,Beta,SE,P,r2,N,ref,ref.proxy,alt,alt.proxy,Effect_allele,Non_Effect_allele,proxy.outcome
rs1321257,rs2281718,1,1,GA/AT,NA,1,230297778,A,T,0.412427,0.001023,0.005839,0.8609,5.072127747176439e-7,3093,G,A,A,T,G,A,TRUE
rs10440120,rs73029206,0.84919,0.982569,AG/CA,NA,3,12494894,G,A,0.149646,0.007414,0.008862,0.4029,1.3989430361954006e-5,2665,A,G,C,A,A,C,TRUE
rs6882076,rs12657266,1,1,TC/CT,NA,5,156396003,C,T,0.36627699999999996,0.003495,0.006267,0.5771,5.670658236898493e-6,2651,T,C,C,T,T,C,TRUE
rs11752643,rs117317274,0.834431,1,TT/CC,NA,6,32650159,T,C,0.0294888,0.01506,0.01629,0.3554,1.2981880020297275e-5,3065,T,T,C,C,T,C,TRUE
rs998584,rs1358980,0.825889,0.92152,CC/AT,NA,6,43764551,T,C,0.478118,0.001507,0.005637,0.7892,1.1333496438966435e-6,3108,C,C,A,T,A,C,TRUE
rs719726,rs1936789,0.814701,0.977383,CG/TA,NA,6,127419737,G,A,0.482615,0.001852,0.005783,0.7489,1.712878703806239e-6,3024,C,G,T,A,C,T,TRUE
rs6831256,NA,NA,NA,NA,NA,NA,NA,NA,NA,NA,NA,NA,NA,NA,NA,NA,NA,NA,NA,NA,NA,NA
rs9686661,NA,NA,NA,NA,NA,NA,NA,NA,NA,NA,NA,NA,NA,NA,NA,NA,NA,NA,NA,NA,NA,NA
rs4804311,NA,NA,NA,NA,NA,NA,NA,NA,NA,NA,NA,NA,NA,NA,NA,NA,NA,NA,NA,NA,NA,NA
