id.exposure,id.outcome,outcome,exposure,egger_intercept,se,pval
ivL0zV,bXS7j6,hdl,tau,0.022301019846162718,0.01464641327439623,0.17868013100072855
