id.exposure,id.outcome,outcome,exposure,method,nsnp,b,se,pval
ivL0zV,bXS7j6,hdl,tau,Inverse variance weighted (fixed effects),8,-0.41231725772062056,0.053516028060585946,1.312985578247103e-14
ivL0zV,bXS7j6,hdl,tau,Weighted median,8,-0.2371368721943513,0.12860759196868052,0.06520073751216379
ivL0zV,bXS7j6,hdl,tau,Weighted mode,8,0.044610956578694516,0.5067553540817872,0.9323163480873622
ivL0zV,bXS7j6,hdl,tau,MR Egger,8,-0.9686606418356473,0.3923469222665271,0.04853082730439431
