id.exposure,id.outcome,outcome,exposure,method,nsnp,b,se,pval
HGkWcA,KJmBRY,hdl,tau,Inverse variance weighted (fixed effects),11,-0.31783405614717375,0.046063823592466135,5.205284057895854e-12
HGkWcA,KJmBRY,hdl,tau,Weighted median,11,-0.12140273046569673,0.08742526928580152,0.16494049188408472
HGkWcA,KJmBRY,hdl,tau,Weighted mode,11,-0.031742783148237086,0.09740245396623179,0.7512223810590622
HGkWcA,KJmBRY,hdl,tau,MR Egger,11,-0.9632057508342664,0.32153665764248135,0.015062664979627674
