id.exposure,id.outcome,outcome,exposure,method,nsnp,b,se,pval
ivL0zV,bXS7j6,hdl,tau,Inverse variance weighted (fixed effects),6,-0.529208375853424,0.05829961169370065,1.112084179434557e-19
ivL0zV,bXS7j6,hdl,tau,Weighted median,6,-0.5891970818348261,0.117222290443682,4.999737967396913e-7
ivL0zV,bXS7j6,hdl,tau,Weighted mode,6,-0.7427282868389905,0.12714663991584338,0.0020804019728919826
ivL0zV,bXS7j6,hdl,tau,MR Egger,6,-0.8385971845324232,0.41154506943006297,0.11123662576984093
