id.exposure,id.outcome,outcome,exposure,method,nsnp,b,se,pval
XtqjcQ,bvC36I,npany,pp,Inverse variance weighted (fixed effects),2269,-0.0179247568720639,0.012070466360170954,0.13754131508720974
XtqjcQ,bvC36I,npany,pp,Weighted median,2269,-0.00479712501372386,0.020079213675000106,0.811175368312107
XtqjcQ,bvC36I,npany,pp,Weighted mode,2269,0.06312184243414887,0.06435673617461425,0.326790198744507
XtqjcQ,bvC36I,npany,pp,MR Egger,2269,-0.016846364429024253,0.03246938879387703,0.6039241064044535
