target_snp,proxy_snp,ld.r2,Dprime,PHASE,X12,CHR,POS,Effect_allele.proxy,Non_Effect_allele.proxy,EAF,Beta,SE,P,r2,N,ref,ref.proxy,alt,alt.proxy,Effect_allele,Non_Effect_allele,proxy.outcome
rs9257681,rs3117143,0.955831,1,GA/CC,NA,6,29031142,A,C,0.0776255,0.01634,0.009976,0.1015,3.82336533762871e-5,3107,G,A,C,C,G,C,TRUE
rs1233393,rs1235162,0.955898,0.984994,GG/CA,NA,6,29537224,G,A,0.0843548,0.01824,0.009503,0.05505,5.139450491134014e-5,3108,G,G,C,A,G,C,TRUE
rs28986310,rs115938232,0.959076,0.979324,TG/CA,NA,6,29725013,G,A,0.0482445,-0.024140000000000002,0.01318,0.0671,5.351527138717966e-5,2720,T,G,C,A,T,C,TRUE
rs2523734,rs2257914,0.874509,0.939173,CA/AC,NA,6,30120563,A,C,0.117709,-0.001515,0.008061,0.851,4.767347182703036e-7,3108,C,A,A,C,C,A,TRUE
rs3130116,rs3130350,0.959436,0.98622,CT/TG,NA,6,30327839,T,G,0.0908685,0.01155,0.009143,0.2068,2.2041138767906235e-5,3108,C,T,T,G,C,T,TRUE
rs17476793,rs28780106,1,1,CA/GG,NA,6,30451515,A,G,0.0678164,-0.02435,0.01113,0.02872,7.496596167971034e-5,2901,C,A,G,G,C,G,TRUE
rs2284174,rs3095329,0.932306,0.972203,CG/TA,NA,6,30693816,G,A,0.229181,-0.001149,0.006892,0.8676,4.664456789327942e-7,3108,C,G,T,A,C,T,TRUE
rs1634726,rs3130544,0.894472,0.985574,AA/GC,NA,6,31058340,A,C,0.103188,0.01219,0.008783,0.1654,2.750223652031728e-5,3108,A,A,G,C,A,G,TRUE
rs2596505,rs2442727,0.991346,1,TA/CG,NA,6,31319667,A,G,0.146135,0.007238,0.007874,0.3581,1.3074064080612965e-5,3086,T,A,C,G,T,C,TRUE
rs10501696,rs10765820,0.988092,0.996007,AA/GG,NA,11,88734123,A,G,0.48629500000000003,0.001436,0.005711,0.8014,1.0302733652861112e-6,3076,A,A,G,G,A,G,TRUE
rs11961509,NA,NA,NA,NA,NA,NA,NA,NA,NA,NA,NA,NA,NA,NA,NA,NA,NA,NA,NA,NA,NA,NA
rs28541419,NA,NA,NA,NA,NA,NA,NA,NA,NA,NA,NA,NA,NA,NA,NA,NA,NA,NA,NA,NA,NA,NA
