query_snp_rsid,rsID,ld.r2,Dprime,ref.proxy,alt.proxy,CHR,POS,Effect_allele.proxy,Non_Effect_allele.proxy,EAF,Beta,SE,P,r2,N,ref,alt,Effect_allele,Non_Effect_allele
rs1363104,rs10052804,1,1,A,C,5,103919822,A,C,0.4917,-0.0166,0.0725,0.8191,1.377420333432e-4,4914,C,G,C,G
rs34215985,rs4263431,0.96,0.99,G,A,4,42042686,A,G,0.797,-0.0172,0.0901,0.8485,9.572849887999998e-5,4914,C,G,G,C
rs62099069,rs2187251,1,1,C,T,18,36885807,T,C,0.5723,0.0218,0.0715,0.7604,2.326515654008e-4,4914,A,T,T,A
