query_snp_rsid,rsID,ld.r2,Dprime,ref.proxy,alt.proxy,CHR,POS,Effect_allele.proxy,Non_Effect_allele.proxy,EAF,Beta,SE,P,r2,N,ref,alt,Effect_allele,Non_Effect_allele
rs10814041,rs11523735,1,1,G,A,9,33743488,A,G,0.2716,-0.002,0.0497,0.9675,1.58266752e-6,4914,G,C,C,G
rs10830963,NA,NA,NA,NA,NA,NA,NA,NA,NA,NA,NA,NA,NA,NA,NA,NA,NA,NA,NA
rs11591741,rs11596950,0.99,1,C,T,10,101996360,T,C,0.4304,-0.0596,0.0444,0.1789,0.0017416655372288002,4914,G,C,C,G
rs13234269,rs34072724,1,1,G,A,7,130432469,A,G,0.4838,-0.0774,0.044,0.07873,0.0029922355698911995,4914,T,A,A,T
rs17411031,rs17411045,0.99,1,T,C,8,19852362,T,C,0.7309,0.0242,0.0486,0.6188,2.3037342934320002e-4,4914,C,G,C,G
rs1758632,rs1785509,1,1,G,A,9,34028285,A,G,0.6279,0.0036,0.0449,0.9356,6.0559900128000005e-6,4914,C,G,G,C
rs2466321,rs2464582,1,1,C,A,8,118214520,A,C,0.8603,0.0309,0.0637,0.6279,2.2950559821420006e-4,4914,C,G,G,C
rs2842356,rs2842359,0.86,0.98,A,G,6,7265235,A,G,0.6119,-0.0204,0.0458,0.6567,1.9765801356480002e-4,4914,C,G,C,G
rs2915640,NA,NA,NA,NA,NA,NA,NA,NA,NA,NA,NA,NA,NA,NA,NA,NA,NA,NA,NA
rs4932143,rs4932144,1,1,T,C,15,90372102,T,C,0.2703,-0.0069,0.0487,0.8878,1.87809937902e-5,4914,G,C,G,C
rs6878122,rs7708285,0.94,0.98,G,A,5,76425867,A,G,0.6943,-0.0611,0.05,0.2217,0.0015847290536142,4914,G,A,A,G
rs72892910,rs62405437,0.98,1,T,C,6,50813729,T,C,0.8157,-0.0105,0.0565,0.8526,3.3148538955e-5,4914,G,T,G,T
rs7932966,rs6483215,1,1,A,G,11,92792115,A,G,0.2284,0.0307,0.0515,0.5515,3.321965097312001e-4,4914,A,T,A,T
rs963740,rs9316500,1,1,T,G,13,51094114,T,G,0.7002,-0.0121,0.0476,0.79990000000000006,6.146876268719999e-5,4914,A,T,A,T
rs9844972,NA,NA,NA,NA,NA,NA,NA,NA,NA,NA,NA,NA,NA,NA,NA,NA,NA,NA,NA
