id.exposure,id.outcome,outcome,exposure,method,nsnp,b,se,pval
k3uffe,X4laBM,dbp,aaos,Inverse variance weighted (fixed effects),18,0.036420446981384406,0.02675244305496309,0.1733912003517118
k3uffe,X4laBM,dbp,aaos,Weighted median,18,-0.02420896843458207,0.03879231623035525,0.5325841940161103
k3uffe,X4laBM,dbp,aaos,Weighted mode,18,-0.00605687386136633,0.03490537459007723,0.8642900332203176
k3uffe,X4laBM,dbp,aaos,MR Egger,18,-0.00469539123810794,0.06716156165025054,0.9451301366413812
