id.exposure,id.outcome,outcome,exposure,method,nsnp,b,se,pval
9BqeYs,wGW9H5,dbp,aaos,Inverse variance weighted (fixed effects),48,0.02901995817514285,0.020221549779491605,0.15125843326904306
9BqeYs,wGW9H5,dbp,aaos,Weighted median,48,5.144125322007788e-4,0.03216480049591126,0.9872399543990381
9BqeYs,wGW9H5,dbp,aaos,Weighted mode,48,0.0048562160985548,0.031234329186514746,0.8771112120952687
9BqeYs,wGW9H5,dbp,aaos,MR Egger,48,-0.02179454783388567,0.039420027933431245,0.583022539313325
