id.exposure,id.outcome,outcome,exposure,method,nsnp,b,se,pval
9BqeYs,wGW9H5,dbp,aaos,Inverse variance weighted (fixed effects),50,0.03931257530338712,0.020093113020709433,0.05040394157036861
9BqeYs,wGW9H5,dbp,aaos,Weighted median,50,0.0015783096764737528,0.030839035646526673,0.9591829198201139
9BqeYs,wGW9H5,dbp,aaos,Weighted mode,50,0.004330527733987899,0.032199636057677616,0.8935660599944153
9BqeYs,wGW9H5,dbp,aaos,MR Egger,50,-0.030255772948173193,0.042684168652130115,0.48185928690654645
