id.exposure,id.outcome,outcome,exposure,method,nsnp,b,se,pval
pf1n1Q,Pj4xn9,hips,trig,Inverse variance weighted (fixed effects),165,-0.5149980417628455,0.19165528289196426,0.007207409754216041
pf1n1Q,Pj4xn9,hips,trig,Weighted median,165,-0.3202427327738141,0.3165704525322655,0.3117292507270812
pf1n1Q,Pj4xn9,hips,trig,Weighted mode,165,-0.6013254767123097,0.48373785915216705,0.2156121081413521
pf1n1Q,Pj4xn9,hips,trig,MR Egger,165,-0.216892824799596,0.35004900716542675,0.5363816783444814
