id.exposure,id.outcome,outcome,exposure,egger_intercept,se,pval
pf1n1Q,Pj4xn9,hips,trig,-0.016543952781991545,0.015980758998854882,0.30208933678553573
