id.exposure,id.outcome,outcome,exposure,method,nsnp,b,se,pval
cRiC3T,gXoTKk,mvpa,hipv,Inverse variance weighted (fixed effects),9,0.020654617426890533,0.011489325543606547,0.0722210162746635
cRiC3T,gXoTKk,mvpa,hipv,Weighted median,9,0.022939777160719696,0.015473950701666128,0.13821339933773205
cRiC3T,gXoTKk,mvpa,hipv,Weighted mode,9,0.01551358562044225,0.020082325067680522,0.46202840417097246
cRiC3T,gXoTKk,mvpa,hipv,MR Egger,9,-0.005627755908053457,0.04772967567272824,0.9094518261943233
