id.exposure,id.outcome,outcome,exposure,method,nsnp,b,se,pval
XoleVP,NqftUL,mvpa,hipv,Inverse variance weighted (fixed effects),27,-0.005466196619887646,0.008386021570874262,0.5145157562300451
XoleVP,NqftUL,mvpa,hipv,Weighted median,27,0.008301455428449815,0.0125151499753419,0.5071304319782719
XoleVP,NqftUL,mvpa,hipv,Weighted mode,27,0.005831472622709943,0.016063950219955863,0.7195275479345895
XoleVP,NqftUL,mvpa,hipv,MR Egger,27,0.011162672042871491,0.04756692025844179,0.8163739629699145
