id.exposure,id.outcome,outcome,exposure,method,nsnp,b,se,pval
AKWqIV,XKT63I,mvpa,hipv,Inverse variance weighted (fixed effects),27,-0.005466196619887639,0.00838602157087426,0.5145157562300455
AKWqIV,XKT63I,mvpa,hipv,Weighted median,27,0.008301455428449815,0.0125151499753419,0.5071304319782719
AKWqIV,XKT63I,mvpa,hipv,Weighted mode,27,0.005831472622709943,0.016063950219955863,0.7195275479345895
AKWqIV,XKT63I,mvpa,hipv,MR Egger,27,0.011162672042871446,0.04756692025844179,0.8163739629699154
