exposure,outcome,method,nsnp,b,se,pval,Signif
LOAD,mvpa,IVW,40,0.010536744029875336,0.0017998277273414086,4.790031485776038e-9,***
LOAD,mvpa,Weighted median,40,0.012706941273741154,0.0028403957108651674,7.689493732995518e-6,***
LOAD,mvpa,MR Egger,40,0.01709350511600349,0.00380630417769355,6.420751237762545e-5,***
AAOS,mvpa,IVW,20,0.027862376013818316,0.0030300269617194626,3.7352619157019256e-20,***
AAOS,mvpa,Weighted median,20,0.028466626297244176,0.004365971617305153,7.025465916266403e-11,***
AAOS,mvpa,MR Egger,20,0.025387542733854906,0.004804713256167845,5.043114982423673e-5,***
HV,mvpa,IVW,9,0.020654617426890533,0.011489325543606547,0.0722210162746635,.
HV,mvpa,Weighted median,9,0.022939777160719696,0.015420726816262748,0.13685805707623208, 
HV,mvpa,MR Egger,9,-0.005627755908053435,0.04772967567272824,0.9094518261943236, 
