id.exposure,id.outcome,outcome,exposure,method,nsnp,b,se,pval
SyIxm4,E2KH8Y,ldl,aaos,Inverse variance weighted (fixed effects),26,0.2702487246440296,0.006900024925395997,0
SyIxm4,E2KH8Y,ldl,aaos,Weighted median,26,0.26336283020675466,0.024198051754283113,1.379455738611583e-27
SyIxm4,E2KH8Y,ldl,aaos,Weighted mode,26,0.3100547925397261,0.016801038686078653,4.466585335115172e-16
SyIxm4,E2KH8Y,ldl,aaos,MR Egger,26,0.360819283879487,0.050601891165440144,2.2713774925820748e-7
