id.exposure,id.outcome,outcome,exposure,method,nsnp,b,se,pval
4VKIOi,cWoWTg,ldl,aaos,Inverse variance weighted (fixed effects),6,0.24360634275266765,0.01681036882493816,1.372481918553595e-47
4VKIOi,cWoWTg,ldl,aaos,Weighted median,6,0.2524393122268203,0.028434032671514595,6.80308582532853e-19
4VKIOi,cWoWTg,ldl,aaos,Weighted mode,6,0.2681231896085544,0.0308895778972596,3.3560941970820586e-4
4VKIOi,cWoWTg,ldl,aaos,MR Egger,6,0.303446762151995,0.06464127392132214,0.009347720165067379
