id.exposure,id.outcome,outcome,exposure,method,nsnp,b,se,pval
fqkSx5,8o9Lha,ldl,aaos,Inverse variance weighted (fixed effects),15,0.28270216693876205,0.008065760313706576,3.945763706304276e-269
fqkSx5,8o9Lha,ldl,aaos,Weighted median,15,0.29053665416332985,0.019585399659584647,8.785202846113505e-50
fqkSx5,8o9Lha,ldl,aaos,Weighted mode,15,0.3069040347838178,0.016810107375361615,3.687197686512549e-11
fqkSx5,8o9Lha,ldl,aaos,MR Egger,15,0.3489850476185728,0.05028254101026619,1.0211585578600884e-5
