id.exposure,id.outcome,outcome,exposure,method,nsnp,b,se,pval
4VKIOi,cWoWTg,ldl,aaos,Inverse variance weighted (fixed effects),13,0.26696313701657803,0.006604408012500986,0
4VKIOi,cWoWTg,ldl,aaos,Weighted median,13,0.25678836504640234,0.027169453928290965,3.3444767359272994e-21
4VKIOi,cWoWTg,ldl,aaos,Weighted mode,13,0.2647969218309397,0.02580983423525319,2.713372329844695e-7
4VKIOi,cWoWTg,ldl,aaos,MR Egger,13,0.2905241094873637,0.08431500846508949,0.005469396356270786
