id.exposure,id.outcome,outcome,exposure,method,nsnp,b,se,pval
fqkSx5,8o9Lha,ldl,aaos,Inverse variance weighted (fixed effects),12,0.29541995140781907,0.008216174099265136,4.0929968143190276e-283
fqkSx5,8o9Lha,ldl,aaos,Weighted median,12,0.29615190570414485,0.01804026157841789,1.4654153716226227e-60
fqkSx5,8o9Lha,ldl,aaos,Weighted mode,12,0.30446882167134925,0.014867453461996385,4.1455697323097126e-10
fqkSx5,8o9Lha,ldl,aaos,MR Egger,12,0.3388492444644305,0.0543373519978429,9.679620117387281e-5
