target_snp,proxy_snp,ld.r2,Dprime,PHASE,X12,CHR,POS,Effect_allele.proxy,Non_Effect_allele.proxy,EAF,Beta,SE,P,r2,N,ref,ref.proxy,alt,alt.proxy,Effect_allele,Non_Effect_allele,proxy.outcome
rs10127497,rs58274265,1,1,TG/AT,NA,1,67045629,T,G,0.856,-0.0163,0.0798,0.8387,6.550002432e-5,4914,T,G,A,T,A,T,TRUE
rs6699744,rs2012697,1,1,AT/TC,NA,1,72819612,T,C,0.3811,-0.0395,0.059,0.5032,7.36009836195e-4,4914,A,T,T,C,A,T,TRUE
rs483143,rs200990,0.98781,1,CG/GT,NA,6,27815823,T,G,0.894,-0.205,0.1253,0.102,0.007964914199999997,4914,C,G,G,T,G,C,TRUE
rs9257681,rs3129120,0.985245,1,GC/CT,NA,6,29111775,T,C,0.9086,-0.028,0.1518,0.8537,1.3021619072000007e-4,4914,G,C,C,T,C,G,TRUE
rs1233393,rs1233385,0.985245,1,GC/CT,NA,6,29559238,T,C,0.9011,-0.1041,0.1526,0.495,0.0019315267893197997,4914,G,C,C,T,C,G,TRUE
rs17476793,rs9262026,1,1,CC/GT,NA,6,30436189,T,C,0.9214,-0.0662,0.1129,0.5573,6.347704899552e-4,4914,C,C,G,T,G,C,TRUE
rs28541419,rs8035777,0.909953,1,GG/CA,NA,15,88943807,A,G,0.7572,-0.0363,0.0698,0.603,4.845097639008e-4,4914,G,G,C,A,C,G,TRUE
