id.exposure,id.outcome,outcome,exposure,method,nsnp,b,se,pval
4q9Geo,TaI2Rh,nft4,mvpa,Inverse variance weighted (fixed effects),150,0.35039111022770714,0.35017067222268466,0.31700595491789396
4q9Geo,TaI2Rh,nft4,mvpa,Weighted median,150,0.29578125915417863,0.5064234787313497,0.5591805268865992
4q9Geo,TaI2Rh,nft4,mvpa,Weighted mode,150,1.6387569272060638,1.5492186987351593,0.291860502386743
4q9Geo,TaI2Rh,nft4,mvpa,MR Egger,150,5.481783041510915,2.1547002533807715,0.011981225922076497
