id.exposure,id.outcome,outcome,exposure,method,nsnp,b,se,pval
QGC3YZ,iFvN4H,nft4,mvpa,Inverse variance weighted (fixed effects),150,0.34508216969718974,0.35027016729241184,0.3245314477119099
QGC3YZ,iFvN4H,nft4,mvpa,Weighted median,150,0.2960887399933761,0.5369885274689364,0.5813680954044536
QGC3YZ,iFvN4H,nft4,mvpa,Weighted mode,150,1.6387569272060638,1.3835495146710288,0.23811756654037913
QGC3YZ,iFvN4H,nft4,mvpa,MR Egger,150,5.480278932508966,2.1557319864986573,0.012044258271195167
