id.exposure,id.outcome,outcome,exposure,method,nsnp,b,se,pval
dPF0K5,efqpwz,nft4,mvpa,Inverse variance weighted (fixed effects),38,0.7801509998233211,0.6453107782261785,0.2266805462032915
dPF0K5,efqpwz,nft4,mvpa,Weighted median,38,-0.2460112010114724,1.0193827118176642,0.8092966462740809
dPF0K5,efqpwz,nft4,mvpa,Weighted mode,38,0.12215760459246283,1.8221465455864478,0.9469104300651588
dPF0K5,efqpwz,nft4,mvpa,MR Egger,38,20.72288858850181,6.39612509600053,0.0025743326585334608
