id.exposure,id.outcome,outcome,exposure,method,nsnp,b,se,pval
4q9Geo,TaI2Rh,nft4,mvpa,Inverse variance weighted (fixed effects),149,-0.13609320240721234,0.3525048157050365,0.699441322467196
4q9Geo,TaI2Rh,nft4,mvpa,Weighted median,149,0.2815816506422875,0.5307978958593972,0.5957739710042904
4q9Geo,TaI2Rh,nft4,mvpa,Weighted mode,149,1.5643040250833522,1.484440632187466,0.2936917027366407
4q9Geo,TaI2Rh,nft4,mvpa,MR Egger,149,1.7806681451270765,1.624819603589921,0.27490710761510034
