id.exposure,id.outcome,outcome,exposure,method,nsnp,b,se,pval
iEza8s,NcGANb,nft4,mvpa,Inverse variance weighted (fixed effects),37,1.145137409158204,0.6560681444067957,0.08090570270072114
iEza8s,NcGANb,nft4,mvpa,Weighted median,37,-0.19670117706979387,0.9973539699703841,0.8436530051860132
iEza8s,NcGANb,nft4,mvpa,Weighted mode,37,0.19270986237132526,1.9063477772111137,0.9200411191981792
iEza8s,NcGANb,nft4,mvpa,MR Egger,37,19.652960061352076,6.55758136745313,0.004987835402175309
