id.exposure,id.outcome,outcome,exposure,method,nsnp,b,se,pval
PoEnty,PeLxEv,nft4,mvpa,Inverse variance weighted (fixed effects),36,-0.5736487781822879,0.6712199013126223,0.39275261987220117
PoEnty,PeLxEv,nft4,mvpa,Weighted median,36,-0.22124219643913057,0.9958504123794452,0.8241861508912552
PoEnty,PeLxEv,nft4,mvpa,Weighted mode,36,0.31210740179972873,1.7767658091866585,0.8615731194821734
PoEnty,PeLxEv,nft4,mvpa,MR Egger,36,7.947576752032213,3.4013925170301498,0.025492135066087006
