id.exposure,id.outcome,outcome,exposure,method,nsnp,b,se,pval
dPF0K5,efqpwz,nft4,mvpa,Inverse variance weighted (fixed effects),36,-0.5736487781822879,0.6712199013126223,0.39275261987220117
dPF0K5,efqpwz,nft4,mvpa,Weighted median,36,-0.22124219643913057,0.9639471728762398,0.818467163048011
dPF0K5,efqpwz,nft4,mvpa,Weighted mode,36,0.31210740179972873,2.0618734714173312,0.8805523647204685
dPF0K5,efqpwz,nft4,mvpa,MR Egger,36,7.947576752032213,3.401392517030149,0.025492135066087006
