id.exposure,id.outcome,outcome,exposure,method,nsnp,b,se,pval
dgxaxx,LKTJ8w,hdl,ab42,Inverse variance weighted (fixed effects),9,0.48390406027030985,0.04642592649781519,1.9442046237485083e-25
dgxaxx,LKTJ8w,hdl,ab42,Weighted median,9,0.6126306693210143,0.06833249397522911,3.0905293100205004e-19
dgxaxx,LKTJ8w,hdl,ab42,Weighted mode,9,0.6355010380641692,0.06837988582698507,1.4625806395816565e-5
dgxaxx,LKTJ8w,hdl,ab42,MR Egger,9,0.8400986841967704,0.18838029196594322,0.002937507232494988
