id.exposure,id.outcome,outcome,exposure,egger_intercept,se,pval
4lqmMl,x67LNJ,hdl,ab42,-0.015722537772206942,0.007961626068974098,0.07175446447021665
