id.exposure,id.outcome,outcome,exposure,egger_intercept,se,pval
PuJybn,6ytj6I,hdl,ab42,-0.0043244126941354676,0.008728145355190143,0.669363432201027
