id.exposure,id.outcome,outcome,exposure,method,nsnp,b,se,pval
4lqmMl,x67LNJ,hdl,ab42,Inverse variance weighted (fixed effects),14,0.40159407097850564,0.041520255151515195,3.9560387153444845e-22
4lqmMl,x67LNJ,hdl,ab42,Weighted median,14,0.5925977526773967,0.08860314190841109,2.258935797181698e-11
4lqmMl,x67LNJ,hdl,ab42,Weighted mode,14,0.6419310182942044,0.06906557906190072,4.17599222276984e-7
4lqmMl,x67LNJ,hdl,ab42,MR Egger,14,0.786368620122375,0.22240532498255175,0.004102811977025678
