id.exposure,id.outcome,outcome,exposure,method,nsnp,b,se,pval
aJvIIy,kuHfXV,hdl,ab42,Inverse variance weighted (fixed effects),5,0.5176774025585316,0.04805072413525921,4.58902009890024e-27
aJvIIy,kuHfXV,hdl,ab42,Weighted median,5,0.6185366629624405,0.06741801319155259,4.5304451242854283e-20
aJvIIy,kuHfXV,hdl,ab42,Weighted mode,5,0.6447299592487652,0.06771676284457133,6.794248557767492e-4
aJvIIy,kuHfXV,hdl,ab42,MR Egger,5,0.6891735584402795,0.3735285666923207,0.16222318421704465
