id.exposure,id.outcome,outcome,exposure,method,nsnp,b,se,pval
4lqmMl,x67LNJ,hdl,ab42,Inverse variance weighted (fixed effects),11,0.17866253237254198,0.06179995495647672,0.0038404061031554475
4lqmMl,x67LNJ,hdl,ab42,Weighted median,11,0.011807061157862278,0.10056356307488937,0.9065360014371306
4lqmMl,x67LNJ,hdl,ab42,Weighted mode,11,-0.12700390957004493,0.12378933334815073,0.32908407874656087
4lqmMl,x67LNJ,hdl,ab42,MR Egger,11,0.5423799371800836,0.49710776587919,0.30358843279580605
