id.exposure,id.outcome,outcome,exposure,method,nsnp,b,se,pval
dgxaxx,LKTJ8w,hdl,ab42,Inverse variance weighted (fixed effects),7,0.5378898223086687,0.048014044935588855,3.952250251128106e-29
dgxaxx,LKTJ8w,hdl,ab42,Weighted median,7,0.6184270620588943,0.06386100001647957,3.527972278931942e-22
dgxaxx,LKTJ8w,hdl,ab42,Weighted mode,7,0.6397728452490499,0.07036244507336285,9.936935974788563e-5
dgxaxx,LKTJ8w,hdl,ab42,MR Egger,7,0.7554908007769758,0.21885190016689682,0.018197125695543357
