query_snp_rsid,rsID,ld.r2,Dprime,ref.proxy,alt.proxy,CHR,POS,Effect_allele.proxy,Non_Effect_allele.proxy,EAF,Beta,SE,P,r2,N,ref,alt,Effect_allele,Non_Effect_allele
rs10800664,rs4915403,0.99,1,G,A,1,199966562,A,G,0.4935,-0.0049,0.0017,0.0044,1.2002971154999998e-5,687383,C,T,T,C
rs13255475,rs13272518,0.99,1,T,G,8,121475108,T,G,0.3188,0.0027,0.0019,0.15,3.1662884448e-6,691341,T,C,T,C
rs35055419,rs1158947,0.97,1,G,A,3,190660837,A,G,0.3792,0.0037,0.0018,0.04,6.4454535168e-6,686684,T,C,C,T
