id.exposure,id.outcome,outcome,exposure,method,nsnp,b,se,pval
UgqOQo,ZqOsgY,load,sociso,Inverse variance weighted (fixed effects),125,0.22801028429875347,0.13932419863356346,0.101725630309762
UgqOQo,ZqOsgY,load,sociso,Weighted median,125,0.0680486076393272,0.2052388935920093,0.740222999415501
UgqOQo,ZqOsgY,load,sociso,Weighted mode,125,-0.01791355129194372,0.4945617607588264,0.9711643387720621
UgqOQo,ZqOsgY,load,sociso,MR Egger,125,-0.47105680849496195,0.653915816210024,0.4726682386160147
