id.exposure,id.outcome,outcome,exposure,method,nsnp,b,se,pval
UgqOQo,ZqOsgY,load,sociso,Inverse variance weighted (fixed effects),123,0.10847392310971925,0.1408224075618951,0.44112859954812583
UgqOQo,ZqOsgY,load,sociso,Weighted median,123,0.061475395696292734,0.204871751163853,0.7641255142646244
UgqOQo,ZqOsgY,load,sociso,Weighted mode,123,-0.0163726959592978,0.48101654647124076,0.9729027159050742
UgqOQo,ZqOsgY,load,sociso,MR Egger,123,-0.4827522137892161,0.5900347128114048,0.41486504225676657
