id.exposure,id.outcome,outcome,exposure,method,nsnp,b,se,pval
669UGX,zRrIhU,load,sociso,Inverse variance weighted (fixed effects),23,0.4545904106926501,0.2714497827724989,0.09399783738784281
669UGX,zRrIhU,load,sociso,Weighted median,23,0.018285623324288708,0.37692873736782884,0.9613080818021591
669UGX,zRrIhU,load,sociso,Weighted mode,23,-8.987721145254923e-4,0.6069300036183862,0.9988317994448619
669UGX,zRrIhU,load,sociso,MR Egger,23,-0.6798833350800269,2.252725831840698,0.765769458810402
