id.exposure,id.outcome,outcome,exposure,method,nsnp,b,se,pval
nWOBS2,KBe7CS,load,sociso,Inverse variance weighted (fixed effects),23,0.1961998811978647,0.2708257651404596,0.46878916025412753
nWOBS2,KBe7CS,load,sociso,Weighted median,23,-0.1978376045784837,0.3690780357220846,0.5919364966604885
nWOBS2,KBe7CS,load,sociso,Weighted mode,23,-0.12549289141423348,0.6063566941342173,0.8379430082564872
nWOBS2,KBe7CS,load,sociso,MR Egger,23,0.21514776014154843,1.967757143224051,0.9139736331694135
