id.exposure,id.outcome,outcome,exposure,method,nsnp,b,se,pval
RebYCu,rDcf4I,load,sociso,Inverse variance weighted (fixed effects),120,0.1885589494802018,0.1425030614113666,0.18577144559134495
RebYCu,rDcf4I,load,sociso,Weighted median,120,0.0961321744707023,0.20650225853667295,0.6415548080824001
RebYCu,rDcf4I,load,sociso,Weighted mode,120,-0.015080008406499701,0.5127937109763584,0.9765888114127251
RebYCu,rDcf4I,load,sociso,MR Egger,120,-0.3992786270164277,0.6414481487545146,0.5348375775878396
