id.exposure,id.outcome,outcome,exposure,method,nsnp,b,se,pval
UgqOQo,ZqOsgY,load,sociso,Inverse variance weighted (fixed effects),124,0.17320312920435996,0.14007756004753133,0.2162801218305142
UgqOQo,ZqOsgY,load,sociso,Weighted median,124,0.06324155935891329,0.20393682850124134,0.7564821200269026
UgqOQo,ZqOsgY,load,sociso,Weighted mode,124,-0.040563628325558376,0.46219179073095756,0.9302072722208052
UgqOQo,ZqOsgY,load,sociso,MR Egger,124,-0.47723737037075004,0.6252671120782335,0.4467855813022231
