id.exposure,id.outcome,outcome,exposure,method,nsnp,b,se,pval
nWOBS2,KBe7CS,load,sociso,Inverse variance weighted (fixed effects),22,-0.05209231638326983,0.276329562290781,0.8504728191711306
nWOBS2,KBe7CS,load,sociso,Weighted median,22,-0.21962822971261659,0.38830124250185205,0.5716568902666623
nWOBS2,KBe7CS,load,sociso,Weighted mode,22,-0.1533177460864401,0.627959764945023,0.8094825212987101
nWOBS2,KBe7CS,load,sociso,MR Egger,22,1.2678901237060891,1.5140489581746355,0.4122538785880602
