id.exposure,id.outcome,outcome,exposure,method,nsnp,b,se,pval
669UGX,zRrIhU,load,sociso,Inverse variance weighted (fixed effects),23,0.4545904106926501,0.2714497827724989,0.09399783738784281
669UGX,zRrIhU,load,sociso,Weighted median,23,0.018285623324288708,0.3799643577711475,0.9616169606834907
669UGX,zRrIhU,load,sociso,Weighted mode,23,-8.987721145254923e-4,0.5809933790692321,0.9987796488428755
669UGX,zRrIhU,load,sociso,MR Egger,23,-0.6798833350800269,2.252725831840698,0.765769458810402
