id.exposure,id.outcome,outcome,exposure,method,nsnp,b,se,pval
nHw0iH,eTouBN,cpd,aaos,Inverse variance weighted (fixed effects),20,-0.0016853888337886183,0.005717047402947352,0.7681462308878035
nHw0iH,eTouBN,cpd,aaos,Weighted median,20,2.502203793722897e-4,0.008070322161804092,0.9752655481414602
nHw0iH,eTouBN,cpd,aaos,Weighted mode,20,0.0015999894360265166,0.008257379356030943,0.8484165583831327
nHw0iH,eTouBN,cpd,aaos,MR Egger,20,-0.0018664042573265979,0.011821691580893901,0.876309294865276
