id.exposure,id.outcome,outcome,exposure,egger_intercept,se,pval
5ASnA8,1h4WCb,cpd,aaos,0.0013259750981806982,0.0013922208043858535,0.34497834739174627
