id.exposure,id.outcome,outcome,exposure,method,nsnp,b,se,pval
5ASnA8,1h4WCb,cpd,aaos,Inverse variance weighted (fixed effects),57,-0.004829959202613469,0.004263349567740709,0.2572552178717734
5ASnA8,1h4WCb,cpd,aaos,Weighted median,57,-6.332490765709813e-4,0.0066137964353348445,0.9237217628126578
5ASnA8,1h4WCb,cpd,aaos,Weighted mode,57,-0.0037495374232584255,0.0070469439833826236,0.5967753946184058
5ASnA8,1h4WCb,cpd,aaos,MR Egger,57,-0.007828436422443005,0.006512935187556833,0.23451999539416862
