id.exposure,id.outcome,outcome,exposure,method,nsnp,b,se,pval
5ASnA8,1h4WCb,cpd,aaos,Inverse variance weighted (fixed effects),58,-0.0034589569925510353,0.0042437288174352805,0.4150294176845282
5ASnA8,1h4WCb,cpd,aaos,Weighted median,58,-5.732844729789697e-4,0.007190784104966193,0.9364560629696503
5ASnA8,1h4WCb,cpd,aaos,Weighted mode,58,-0.004195925519476562,0.007602679983560837,0.5831737551695104
5ASnA8,1h4WCb,cpd,aaos,MR Egger,58,-0.008433181321367663,0.007017022385891484,0.2344919832865296
