query_snp_rsid,rsID,ld.r2,Dprime,ref.proxy,alt.proxy,CHR,POS,Effect_allele.proxy,Non_Effect_allele.proxy,EAF,Beta,SE,P,r2,N,ref,alt,Effect_allele,Non_Effect_allele
rs11057418,NA,NA,NA,NA,NA,NA,NA,NA,NA,NA,NA,NA,NA,NA,NA,NA,NA,NA,NA
rs116974927,NA,NA,NA,NA,NA,NA,NA,NA,NA,NA,NA,NA,NA,NA,NA,NA,NA,NA,NA
rs117877390,NA,NA,NA,NA,NA,NA,NA,NA,NA,NA,NA,NA,NA,NA,NA,NA,NA,NA,NA
rs12302651,rs10846559,1,1,A,G,12,124274474,A,G,0.3462,0.2523,0.0915,0.005813,0.028816184524024804,4914,G,C,G,C
rs13263584,rs13254048,0.91,1,C,T,8,18212931,T,C,0.0532,-0.2277,0.2184,0.2972,0.0052230711079008,4914,A,T,T,A
rs13277396,NA,NA,NA,NA,NA,NA,NA,NA,NA,NA,NA,NA,NA,NA,NA,NA,NA,NA,NA
rs17625826,NA,NA,NA,NA,NA,NA,NA,NA,NA,NA,NA,NA,NA,NA,NA,NA,NA,NA,NA
rs2072915,rs9277934,1,1,C,T,6,33153528,T,C,0.32,-0.0281,0.0949,0.7669,3.43638272e-4,4914,T,A,A,T
rs2180314,rs4715315,0.99,1,G,A,6,52625891,A,G,0.576,0.0672,0.0918,0.4641,0.0022057530163199996,4914,C,G,G,C
rs2353082,NA,NA,NA,NA,NA,NA,NA,NA,NA,NA,NA,NA,NA,NA,NA,NA,NA,NA,NA
rs3810444,rs73006914,0.9,1,C,T,19,19110422,T,C,0.048,0.4166,0.2627,0.1128,0.015861589739520003,4914,T,A,A,T
rs4738684,rs10107182,0.98,1,C,T,8,59392737,T,C,0.6605,-0.0942,0.0916,0.3037,0.00397964563038,4914,A,G,G,A
rs6547456,rs55968391,1,1,A,G,2,27388883,A,G,0.9425,-0.1065,0.197,0.5887,0.001229358121875,4914,T,C,T,C
rs6547811,NA,NA,NA,NA,NA,NA,NA,NA,NA,NA,NA,NA,NA,NA,NA,NA,NA,NA,NA
rs7112577,rs117279127,0.93,1,C,T,11,117072074,T,C,0.0411,-0.108,0.25,0.6659,9.193749091199998e-4,4914,C,G,G,C
rs72959041,NA,NA,NA,NA,NA,NA,NA,NA,NA,NA,NA,NA,NA,NA,NA,NA,NA,NA,NA
rs7928525,rs1056136,0.98,0.99,T,G,11,117120998,T,G,0.8188,-0.114,0.1101,0.3005,0.0038563436275200003,4914,A,T,A,T
rs8179228,NA,NA,NA,NA,NA,NA,NA,NA,NA,NA,NA,NA,NA,NA,NA,NA,NA,NA,NA
rs947988,rs10892007,0.94,1,C,T,11,116527609,T,C,0.0849,-0.1213,0.1717,0.4797,0.0022862717126862003,4914,G,C,C,G
