query_snp_rsid,rsID,ld.r2,Dprime,ref.proxy,alt.proxy,CHR,POS,Effect_allele.proxy,Non_Effect_allele.proxy,EAF,Beta,SE,P,r2,N,ref,alt,Effect_allele,Non_Effect_allele
rs10511095,rs4856463,0.91,0.97,C,T,3,83638568,T,C,0.2228,0.0806,0.0725,0.2664,0.0022498214740352004,4914,A,T,T,A
rs10956809,rs12546418,0.94,0.98,G,A,8,92805751,A,G,0.4541,0.0152,0.0579,0.7928,1.1454648523520001e-4,4914,G,C,C,G
rs12244388,rs7904113,0.96,0.99,G,T,10,104633114,T,G,0.3648,-0.0042,0.0605,0.945,8.175115468799999e-6,4914,G,A,A,G
rs12404691,rs12119736,1,1,G,A,1,72912656,A,G,0.1649,0.0131,0.0788,0.8679,4.7264136327799994e-5,4914,A,T,T,A
rs13246563,rs10274978,1,1,T,C,7,3433777,T,C,0.45,-0.022,0.0588,0.7078,2.3958e-4,4914,C,G,C,G
rs146901418,NA,NA,NA,NA,NA,NA,NA,NA,NA,NA,NA,NA,NA,NA,NA,NA,NA,NA,NA
rs323740,rs1407905,1,1,C,T,9,102086676,T,C,0.4898,-0.0446,0.0573,0.437,9.941660955872002e-4,4914,C,G,G,C
rs7216173,rs9896751,0.96,1,A,G,17,51890515,A,G,0.2044,-0.1098,0.0735,0.1354,0.0039211218813311995,4914,A,T,A,T
rs73121433,rs12714557,0.94,1,C,T,3,83154934,T,C,0.1796,-0.0956,0.0756,0.206,0.0026932567950848003,4914,G,A,A,G
rs73138150,NA,NA,NA,NA,NA,NA,NA,NA,NA,NA,NA,NA,NA,NA,NA,NA,NA,NA,NA
rs7585579,rs2192512,0.91,0.98,T,C,2,60000720,T,C,0.533,0.0279,0.0587,0.6346,3.8750962302000003e-4,4914,C,G,C,G
rs77804773,rs28820372,0.95,0.99,G,A,8,59888813,A,G,0.0991,0.1489,0.1176,0.2057,0.0039588553402398,4914,T,A,A,T
rs77878475,NA,NA,NA,NA,NA,NA,NA,NA,NA,NA,NA,NA,NA,NA,NA,NA,NA,NA,NA
