SNP,rsID,ld.r2,Dprime,ref.proxy,alt.proxy,CHR,POS,Effect_allele.proxy,Non_Effect_allele.proxy,EAF,Beta,SE,P,r2,N,ref,alt,Effect_allele,Non_Effect_allele
rs11961509,NA,NA,NA,NA,NA,NA,NA,NA,NA,NA,NA,NA,NA,NA,NA,NA,NA,NA,NA
rs9257681,NA,NA,NA,NA,NA,NA,NA,NA,NA,NA,NA,NA,NA,NA,NA,NA,NA,NA,NA
rs1233393,rs1235162,0.96,0.98,A,G,6,29537224,A,G,0.9138,-0.0014,0.0258,0.9577,3.0877667520000015e-7,40255,C,G,C,G
rs28986310,rs115938232,0.97,1,A,G,6,29725013,A,G,0.943,0.0221,0.0273,0.4185,5.250505182000005e-5,40255,C,T,C,T
rs2523734,rs2257914,0.93,0.98,C,A,6,30120563,A,C,0.1462,-0.0077,0.0204,0.7067,1.48018149048e-5,40255,A,C,C,A
rs3130116,rs149543464,0.95,0.98,G,A,6,30400763,A,G,0.0978,0.0095,0.0238,0.6895,1.592644638e-5,40255,T,C,C,T
rs17476793,rs28780104,0.98,1,C,G,6,30424655,C,G,0.9337,-0.0607,0.0673,0.3669,4.5617162230380013e-4,40255,G,C,G,C
rs2284174,rs3095329,0.93,0.97,A,G,6,30693816,A,G,0.7976,0.0063,0.0179,0.7247,1.2814649971200002e-5,40255,T,C,T,C
rs1634726,rs1634721,1,1,G,A,6,30977680,A,G,0.1054,-0.0098,0.0236,0.6766,1.8111384547199998e-5,40255,G,A,A,G
rs2596505,rs2442727,0.96,0.99,G,A,6,31319667,A,G,0.1403,0.0592,0.0508,0.2437,8.454306856448001e-4,40255,C,T,T,C
