id.exposure,id.outcome,outcome,exposure,method,nsnp,b,se,pval
Wpvn7d,Kys9m6,insom,load,Inverse variance weighted (fixed effects),88,-0.004589495541979051,0.007246035851296646,0.5264854002985089
Wpvn7d,Kys9m6,insom,load,Weighted median,88,0.0011382622383178875,0.011186541088029743,0.9189528656913253
Wpvn7d,Kys9m6,insom,load,Weighted mode,88,0.0053855117685652765,0.010729823395843295,0.6169917802072321
Wpvn7d,Kys9m6,insom,load,MR Egger,88,-2.6531540015398033e-4,0.010864529895674163,0.9805739071414024
