id.exposure,id.outcome,outcome,exposure,egger_intercept,se,pval
4TYF2L,35kqFL,insom,load,-0.0035389534631624455,0.003912635709529861,0.3710181167544494
