id.exposure,id.outcome,outcome,exposure,method,nsnp,b,se,pval
oHUZhk,6fXrXE,ab42,diab,Inverse variance weighted (fixed effects),176,0.004566386841322035,0.005242882019090319,0.3837711701281362
oHUZhk,6fXrXE,ab42,diab,Weighted median,176,0.010361595635380102,0.010639919192883537,0.33013520801102664
oHUZhk,6fXrXE,ab42,diab,Weighted mode,176,0.006841852331547493,0.01217325871778009,0.5748082602633295
oHUZhk,6fXrXE,ab42,diab,MR Egger,176,0.0021993651898587225,0.013252069263769024,0.868378037301972
