id.exposure,id.outcome,outcome,exposure,method,nsnp,b,se,pval
gSW1ef,fkLKla,ab42,diab,Inverse variance weighted (fixed effects),167,0.004707331144402377,0.005359205659908034,0.3797464346101636
gSW1ef,fkLKla,ab42,diab,Weighted median,167,0.010403021996144166,0.010436543368915634,0.3188673867655693
gSW1ef,fkLKla,ab42,diab,Weighted mode,167,0.008183535298750377,0.012174079927814432,0.5023847124144112
gSW1ef,fkLKla,ab42,diab,MR Egger,167,0.0011997039876335657,0.013409911258577345,0.9288216825605426
