id.exposure,id.outcome,outcome,exposure,method,nsnp,b,se,pval
QXLkrA,RSOXEl,ab42,diab,Inverse variance weighted (fixed effects),376,0.00147916868632271,0.0043499659090541175,0.7338253182104104
QXLkrA,RSOXEl,ab42,diab,Weighted median,376,0.010184947067928725,0.008992795769924887,0.25739597721575747
QXLkrA,RSOXEl,ab42,diab,Weighted mode,376,0.004274601804413802,0.011410669724744029,0.708158975355439
QXLkrA,RSOXEl,ab42,diab,MR Egger,376,-0.004244574975741513,0.011724409873626657,0.7175349131681312
