id.exposure,id.outcome,outcome,exposure,method,nsnp,b,se,pval
IKyArK,wkZR8q,ab42,diab,Inverse variance weighted (fixed effects),167,0.004707331144402377,0.005359205659908034,0.3797464346101636
IKyArK,wkZR8q,ab42,diab,Weighted median,167,0.010403021996144166,0.010678688416048904,0.3299645087957265
IKyArK,wkZR8q,ab42,diab,Weighted mode,167,0.008183535298750377,0.012527508296131333,0.514501941811494
IKyArK,wkZR8q,ab42,diab,MR Egger,167,0.0011997039876335657,0.013409911258577345,0.9288216825605426
