id.exposure,id.outcome,outcome,exposure,method,nsnp,b,se,pval
mwJOwv,3bWoeq,ab42,diab,Inverse variance weighted (fixed effects),375,0.0021850643666987755,0.004353664171091979,0.615744276886209
mwJOwv,3bWoeq,ab42,diab,Weighted median,375,0.010191315104033706,0.009784326644252122,0.2975990425260141
mwJOwv,3bWoeq,ab42,diab,Weighted mode,375,0.00395045647922404,0.012056241616089763,0.7433452968404207
mwJOwv,3bWoeq,ab42,diab,MR Egger,375,-0.00248093212554348,0.011537032702941806,0.8298530758912244
