id.exposure,id.outcome,outcome,exposure,method,nsnp,b,se,pval
R1I4B7,zd9eX8,ab42,diab,Inverse variance weighted (fixed effects),399,8.411882468010313e-4,0.0042385334440384675,0.8426835350211879
R1I4B7,zd9eX8,ab42,diab,Weighted median,399,0.009376683935919007,0.009129468194087017,0.30438332435862053
R1I4B7,zd9eX8,ab42,diab,Weighted mode,399,0.0020492222962953943,0.011662645334108886,0.8606125626168774
R1I4B7,zd9eX8,ab42,diab,MR Egger,399,-0.0038579460445941115,0.011519640858315486,0.7378761983097464
