id.exposure,id.outcome,outcome,exposure,method,Q,Q_df,Q_pval
R1I4B7,zd9eX8,ab42,diab,MR Egger,469.3633576364339,398,0.007854600355998838
R1I4B7,zd9eX8,ab42,diab,Inverse variance weighted,469.69883683495914,399,0.008383360284630787
