id.exposure,id.outcome,outcome,exposure,method,nsnp,b,se,pval
xavL09,fldBnf,ab42,diab,Inverse variance weighted (fixed effects),176,0.004566386841322038,0.005242882019090318,0.383771170128136
xavL09,fldBnf,ab42,diab,Weighted median,176,0.010361595635380102,0.010343193776000528,0.31645028028239447
xavL09,fldBnf,ab42,diab,Weighted mode,176,0.006841852331547493,0.01300285526116474,0.5994288196957667
xavL09,fldBnf,ab42,diab,MR Egger,176,0.0021993651898587177,0.013252069263769022,0.8683780373019724
