id.exposure,id.outcome,outcome,exposure,method,nsnp,b,se,pval
IuQldc,4nTBKH,ab42,diab,Inverse variance weighted (fixed effects),400,1.742370730498257e-4,0.004235120661480547,0.9671834938937214
IuQldc,4nTBKH,ab42,diab,Weighted median,400,0.009361119387723747,0.008751699629201533,0.2847838838425137
IuQldc,4nTBKH,ab42,diab,Weighted mode,400,0.0015968148434883922,0.012299820999731,0.8967709109508715
IuQldc,4nTBKH,ab42,diab,MR Egger,400,-0.005556465854723881,0.01168749832492128,0.6347487340321029
