id.exposure,id.outcome,outcome,exposure,method,nsnp,b,se,pval
xavL09,fldBnf,ab42,diab,Inverse variance weighted (fixed effects),176,0.004566386841322038,0.005242882019090318,0.383771170128136
xavL09,fldBnf,ab42,diab,Weighted median,176,0.010361595635380102,0.010246660117813396,0.3119126402725378
xavL09,fldBnf,ab42,diab,Weighted mode,176,0.006841852331547493,0.012475002556359338,0.5840853864215829
xavL09,fldBnf,ab42,diab,MR Egger,176,0.0021993651898587177,0.013252069263769022,0.8683780373019724
