id.exposure,id.outcome,outcome,exposure,method,nsnp,b,se,pval
IuQldc,4nTBKH,ab42,diab,Inverse variance weighted (fixed effects),399,8.411882468010312e-4,0.004238533444038467,0.8426835350211879
IuQldc,4nTBKH,ab42,diab,Weighted median,399,0.009376683935919007,0.008969347644540234,0.2958315485726835
IuQldc,4nTBKH,ab42,diab,Weighted mode,399,0.0020492222962953943,0.012135426177885378,0.8659903285971462
IuQldc,4nTBKH,ab42,diab,MR Egger,399,-0.0038579460445941184,0.011519640858315486,0.7378761983097459
