id.exposure,id.outcome,outcome,exposure,egger_intercept,se,pval
J2CyG6,VAqn45,aaos,audit,0.028535129572095558,0.011100650756473152,0.02602340729150585
