id.exposure,id.outcome,outcome,exposure,method,nsnp,b,se,pval
tpA8bt,qTGKBP,aaos,audit,Inverse variance weighted (fixed effects),63,-0.34400511813439805,0.3019259445216895,0.2545492018872778
tpA8bt,qTGKBP,aaos,audit,Weighted median,63,-0.1387513839480967,0.47692954486069544,0.7711076284890686
tpA8bt,qTGKBP,aaos,audit,Weighted mode,63,-0.06513978798639997,0.8779040411037666,0.94109075268420606
tpA8bt,qTGKBP,aaos,audit,MR Egger,63,-2.6904192880970217,0.7820049743143951,0.001053615429883657
