id.exposure,id.outcome,outcome,exposure,method,nsnp,b,se,pval
BSrRGP,FNXiQB,aaos,audit,Inverse variance weighted (fixed effects),12,-0.6660931913147419,0.5330442566772827,0.2114449570326223
BSrRGP,FNXiQB,aaos,audit,Weighted median,12,-0.38184209399956803,0.7841607387515506,0.6262982631055676
BSrRGP,FNXiQB,aaos,audit,Weighted mode,12,0.033133254254630984,1.3094827851253392,0.9802668259783839
BSrRGP,FNXiQB,aaos,audit,MR Egger,12,-2.7150180912765838,0.9226515071171384,0.01471922589716696
