id.exposure,id.outcome,outcome,exposure,egger_intercept,se,pval
Sh60g0,KcUQF8,aaos,audit,0.02113584274523435,0.006450923826894244,0.0017242951308308414
