id.exposure,id.outcome,outcome,exposure,method,nsnp,b,se,pval
Sh60g0,KcUQF8,aaos,audit,Inverse variance weighted (fixed effects),64,-0.36336427302034624,0.3014140730755472,0.2279980400689414
Sh60g0,KcUQF8,aaos,audit,Weighted median,64,-0.1461948036985416,0.48744536065196287,0.7642378793062803
Sh60g0,KcUQF8,aaos,audit,Weighted mode,64,-0.06662020287931547,0.9140988613313902,0.9421319154826512
Sh60g0,KcUQF8,aaos,audit,MR Egger,64,-2.697302526598487,0.7830377326780592,0.001030933811575745
