id.exposure,id.outcome,outcome,exposure,method,nsnp,b,se,pval
BSrRGP,FNXiQB,aaos,audit,Inverse variance weighted (fixed effects),12,-0.6660931913147419,0.5330442566772827,0.2114449570326223
BSrRGP,FNXiQB,aaos,audit,Weighted median,12,-0.38184209399956803,0.7707786692298566,0.6203193135066623
BSrRGP,FNXiQB,aaos,audit,Weighted mode,12,0.033133254254630984,1.351630014099842,0.9808820194519774
BSrRGP,FNXiQB,aaos,audit,MR Egger,12,-2.7150180912765838,0.9226515071171384,0.01471922589716696
