id.exposure,id.outcome,outcome,exposure,method,nsnp,b,se,pval
J2CyG6,VAqn45,aaos,audit,Inverse variance weighted (fixed effects),13,-0.7226275544631929,0.530242564631954,0.17293782986750628
J2CyG6,VAqn45,aaos,audit,Weighted median,13,-0.41614356597206975,0.7872264723832264,0.597069164347332
J2CyG6,VAqn45,aaos,audit,Weighted mode,13,0.008521886246132482,1.2383075357470672,0.9946221813926095
J2CyG6,VAqn45,aaos,audit,MR Egger,13,-2.660923465012546,0.9218017874142361,0.014794113580460708
