id.exposure,id.outcome,outcome,exposure,method,nsnp,b,se,pval
3d3aZt,JE4Xiq,aaos,hdl,Inverse variance weighted (fixed effects),243,-0.07891068720728583,0.026434115741666233,0.002834082172328347
3d3aZt,JE4Xiq,aaos,hdl,Weighted median,243,0.02871188187490497,0.04339065915904045,0.508159328285642
3d3aZt,JE4Xiq,aaos,hdl,Weighted mode,243,0.007438391509957398,0.04866864817014297,0.8786538295554125
3d3aZt,JE4Xiq,aaos,hdl,MR Egger,243,-0.17376504828498354,0.12422713575283993,0.16316788894165235
