id.exposure,id.outcome,outcome,exposure,method,nsnp,b,se,pval
coyzu6,dFJBPz,aaos,hdl,Inverse variance weighted (fixed effects),244,-0.07365773011698015,0.026391766586917297,0.005255587147067089
coyzu6,dFJBPz,aaos,hdl,Weighted median,244,0.028853459548174462,0.043482052588432824,0.5069644752591722
coyzu6,dFJBPz,aaos,hdl,Weighted mode,244,0.008877529482928637,0.052803776300624,0.8666263550654368
coyzu6,dFJBPz,aaos,hdl,MR Egger,244,-0.17999005599211676,0.12442177324313818,0.1492995482282759
