id.exposure,id.outcome,outcome,exposure,method,nsnp,b,se,pval
SiYoeQ,ZVdNJH,aaos,hdl,Inverse variance weighted (fixed effects),241,0.006841802989288449,0.026534676814788053,0.7965274279323201
SiYoeQ,ZVdNJH,aaos,hdl,Weighted median,241,0.028935523607014492,0.04599576649323565,0.5292894698713368
SiYoeQ,ZVdNJH,aaos,hdl,Weighted mode,241,0.019330489343571067,0.04849107443638876,0.6905128042379793
SiYoeQ,ZVdNJH,aaos,hdl,MR Egger,241,-0.04179908131818091,0.06112395137931219,0.494737871907337
