id.exposure,id.outcome,outcome,exposure,method,nsnp,b,se,pval
rJDTI8,gSLq8s,aaos,hdl,Inverse variance weighted (fixed effects),245,-0.0713377033938568,0.026371494359569224,0.006828247377278527
rJDTI8,gSLq8s,aaos,hdl,Weighted median,245,0.028926250281056436,0.042631464256437664,0.4974428032418734
rJDTI8,gSLq8s,aaos,hdl,Weighted mode,245,0.01031490826256487,0.04972262521740592,0.8358322593837764
rJDTI8,gSLq8s,aaos,hdl,MR Egger,245,-0.18145248535590178,0.12437222299320762,0.14587107715600722
