id.exposure,id.outcome,outcome,exposure,method,nsnp,b,se,pval
SiYoeQ,ZVdNJH,aaos,hdl,Inverse variance weighted (fixed effects),244,-0.07698398090676976,0.026395723607349427,0.0035394605494072076
SiYoeQ,ZVdNJH,aaos,hdl,Weighted median,244,0.028853370854465668,0.044836228976187734,0.519881521987094
SiYoeQ,ZVdNJH,aaos,hdl,Weighted mode,244,0.008877529482928637,0.05363490217462563,0.8686740821187368
SiYoeQ,ZVdNJH,aaos,hdl,MR Egger,244,-0.17797982413941982,0.1235122803106458,0.150880446198994
