id.exposure,id.outcome,outcome,exposure,method,nsnp,b,se,pval
3d3aZt,JE4Xiq,aaos,hdl,Inverse variance weighted (fixed effects),244,-0.07365773011698015,0.026391766586917297,0.005255587147067089
3d3aZt,JE4Xiq,aaos,hdl,Weighted median,244,0.028853459548174462,0.04489523606591723,0.520429025540742
3d3aZt,JE4Xiq,aaos,hdl,Weighted mode,244,0.008877529482928637,0.05226238977343817,0.865257958793086
3d3aZt,JE4Xiq,aaos,hdl,MR Egger,244,-0.17999005599211676,0.12442177324313818,0.1492995482282759
