id.exposure,id.outcome,outcome,exposure,method,nsnp,b,se,pval
Z6Iyqx,WV11Ud,aaos,hdl,Inverse variance weighted (fixed effects),363,-0.05074378621493291,0.02465454530529393,0.03957171286379738
Z6Iyqx,WV11Ud,aaos,hdl,Weighted median,363,0.02924661722811189,0.04270174345767809,0.4934041717641453
Z6Iyqx,WV11Ud,aaos,hdl,Weighted mode,363,0.014629489697291831,0.05305501812111649,0.7829036740503904
Z6Iyqx,WV11Ud,aaos,hdl,MR Egger,363,-0.16444129069778188,0.09630381481504431,0.08858405538923389
