id.exposure,id.outcome,outcome,exposure,method,nsnp,b,se,pval
SqyivO,5CnkCh,aaos,hdl,Inverse variance weighted (fixed effects),366,-0.0509564889897754,0.02461602502743831,0.038447333852179084
SqyivO,5CnkCh,aaos,hdl,Weighted median,366,0.029221092842057952,0.042790160581533676,0.49467457991424846
SqyivO,5CnkCh,aaos,hdl,Weighted mode,366,0.014973577023457807,0.04856192699901608,0.7579996458214113
SqyivO,5CnkCh,aaos,hdl,MR Egger,366,-0.16084117146250734,0.09634205562975096,0.09588194982456777
