id.exposure,id.outcome,outcome,exposure,method,nsnp,b,se,pval
xgTRIM,0fQdfz,aaos,hdl,Inverse variance weighted (fixed effects),362,0.017272542104544736,0.02474858228944645,0.4852269340293166
xgTRIM,0fQdfz,aaos,hdl,Weighted median,362,0.029231573744294526,0.04393538812694803,0.5058388357144958
xgTRIM,0fQdfz,aaos,hdl,Weighted mode,362,0.023784833884428203,0.051095679753332186,0.6418570042890652
xgTRIM,0fQdfz,aaos,hdl,MR Egger,362,-0.02707807907210394,0.0546667441171792,0.6206693927643134
