id.exposure,id.outcome,outcome,exposure,egger_intercept,se,pval
Z6Iyqx,WV11Ud,aaos,hdl,0.004879505772566274,0.003535227901593577,0.16836313392184915
