id.exposure,id.outcome,outcome,exposure,method,nsnp,b,se,pval
rJDTI8,gSLq8s,aaos,hdl,Inverse variance weighted (fixed effects),244,-0.07807458136144642,0.02644280304503375,0.0031512693035528143
rJDTI8,gSLq8s,aaos,hdl,Weighted median,244,0.028671683163224937,0.042943495182508076,0.5043502148957324
rJDTI8,gSLq8s,aaos,hdl,Weighted mode,244,0.008877529482928637,0.05305389570679621,0.8672492529746454
rJDTI8,gSLq8s,aaos,hdl,MR Egger,244,-0.18068257583937591,0.12410075221841146,0.1467067895453949
