id.exposure,id.outcome,outcome,exposure,method,nsnp,b,se,pval
gZSrpN,ThzQ4Q,npany,hear,Inverse variance weighted (fixed effects),35,-0.7428250903403936,1.7849927707165851,0.6773001014873958
gZSrpN,ThzQ4Q,npany,hear,Weighted median,35,-1.5190341004987193,2.7474256340603906,0.5803362574212809
gZSrpN,ThzQ4Q,npany,hear,Weighted mode,35,-4.485210215979407,7.2852086323436165,0.5422187386289326
gZSrpN,ThzQ4Q,npany,hear,MR Egger,35,11.750581994518168,6.258216260531479,0.069294770040176007
