id.exposure,id.outcome,outcome,exposure,method,nsnp,b,se,pval
UXBTU7,Xg68RD,npany,hear,Inverse variance weighted (fixed effects),132,0.6473772618918069,1.1600305853416697,0.5767971779561678
UXBTU7,Xg68RD,npany,hear,Weighted median,132,-0.061396385862871605,1.7037932446445976,0.9712543592399017
UXBTU7,Xg68RD,npany,hear,Weighted mode,132,-0.5731405760704433,4.692243416731162,0.9029702656973149
UXBTU7,Xg68RD,npany,hear,MR Egger,132,7.715058214652175,3.240380891222425,0.018720927104252782
