id.exposure,id.outcome,outcome,exposure,egger_intercept,se,pval
EPMvut,GPHmNo,bmi,hipv2015,-0.013165181535719658,0.0026645575558574244,0.0026017089372106284
