id.exposure,id.outcome,outcome,exposure,method,nsnp,b,se,pval
UgeYVt,1RAhYf,bmi,hipv2015,Inverse variance weighted (fixed effects),4,-1.6210855277815097e-4,3.817784239012152e-5,2.1748250397824212e-5
UgeYVt,1RAhYf,bmi,hipv2015,Weighted median,4,-1.6910041844244177e-4,5.4150327268822246e-5,0.0017914194656336237
UgeYVt,1RAhYf,bmi,hipv2015,Weighted mode,4,-2.0912432646633952e-4,8.505960275888949e-5,0.09098373364170172
UgeYVt,1RAhYf,bmi,hipv2015,MR Egger,4,0.0010352012892185293,4.978646166484857e-4,0.1731292198434046
