id.exposure,id.outcome,outcome,exposure,method,nsnp,b,se,pval
EPMvut,GPHmNo,bmi,hipv2015,Inverse variance weighted (fixed effects),7,-2.789074143662031e-5,2.7352096769800003e-5,0.30787408559355245
EPMvut,GPHmNo,bmi,hipv2015,Weighted median,7,-5.666778210581851e-5,3.95082821311411e-5,0.15147906755256335
EPMvut,GPHmNo,bmi,hipv2015,Weighted mode,7,-6.628887222724655e-5,6.351826201223394e-5,0.3368738182405633
EPMvut,GPHmNo,bmi,hipv2015,MR Egger,7,3.764396697103987e-4,9.644650016540003e-5,0.011373795510737071
