id.exposure,id.outcome,outcome,exposure,method,nsnp,b,se,pval
3wkOd2,w3I1w8,diab,hipv2015,Inverse variance weighted (fixed effects),7,5.320317856732632e-5,1.274203386689236e-4,0.6762829543472533
3wkOd2,w3I1w8,diab,hipv2015,Weighted median,7,2.4075333539856194e-4,1.8993050825150896e-4,0.20494567953318885
3wkOd2,w3I1w8,diab,hipv2015,Weighted mode,7,2.6200666477823546e-4,2.530667386001156e-4,0.34042955650234447
3wkOd2,w3I1w8,diab,hipv2015,MR Egger,7,0.0010728713581680393,7.810903568960514e-4,0.22796702330799584
