id.exposure,id.outcome,outcome,exposure,egger_intercept,se,pval
3wkOd2,w3I1w8,diab,hipv2015,-0.029642072642304926,0.02176131653503407,0.231305363650649
