id.exposure,id.outcome,outcome,exposure,method,nsnp,b,se,pval
MYQ9g8,saSqQ8,diab,hipv2015,Inverse variance weighted (fixed effects),6,7.576629758715253e-5,1.354144209318916e-4,0.5758108116573887
MYQ9g8,saSqQ8,diab,hipv2015,Weighted median,6,2.5055681969086204e-4,2.0402362891234135e-4,0.2194178919863201
MYQ9g8,saSqQ8,diab,hipv2015,Weighted mode,6,3.5718304099162596e-4,2.4140958176507434e-4,0.19905570528309555
MYQ9g8,saSqQ8,diab,hipv2015,MR Egger,6,0.0010970251335858127,8.895784544587802e-4,0.28501832008426187
