id.exposure,id.outcome,outcome,exposure,egger_intercept,se,pval
MYQ9g8,saSqQ8,diab,hipv2015,-0.030712933000521084,0.025543972466161618,0.2955334695558471
