id.exposure,id.outcome,outcome,exposure,method,nsnp,b,se,pval
MYQ9g8,saSqQ8,diab,hipv2015,Inverse variance weighted (fixed effects),5,2.6053361460932705e-4,1.4824715044664904e-4,0.07884497440940606
MYQ9g8,saSqQ8,diab,hipv2015,Weighted median,5,2.606355817939536e-4,1.950146652581081e-4,0.18138844360481257
MYQ9g8,saSqQ8,diab,hipv2015,Weighted mode,5,3.611637417363159e-4,2.38822263528004e-4,0.2050066355641398
MYQ9g8,saSqQ8,diab,hipv2015,MR Egger,5,8.289846582493652e-4,8.470414134946933e-4,0.3999111915056915
