query_snp_rsid,rsID,ld.r2,Dprime,ref.proxy,alt.proxy,CHR,POS,Effect_allele.proxy,Non_Effect_allele.proxy,EAF,Beta,SE,P,r2,N,ref,alt,Effect_allele,Non_Effect_allele
rs11057418,NA,NA,NA,NA,NA,NA,NA,NA,NA,NA,NA,NA,NA,NA,NA,NA,NA,NA,NA
rs116974927,NA,NA,NA,NA,NA,NA,NA,NA,NA,NA,NA,NA,NA,NA,NA,NA,NA,NA,NA
rs117877390,NA,NA,NA,NA,NA,NA,NA,NA,NA,NA,NA,NA,NA,NA,NA,NA,NA,NA,NA
rs12302651,rs10846559,1,1,A,G,12,124274474,A,G,0.3392,0.0091,0.0459,0.8431,3.71226232832e-5,4914,G,C,G,C
rs13263584,rs13254048,0.91,1,C,T,8,18212931,T,C,0.0612,0.3113,0.1002,0.001899,0.0111355773791328,4914,A,T,T,A
rs13277396,NA,NA,NA,NA,NA,NA,NA,NA,NA,NA,NA,NA,NA,NA,NA,NA,NA,NA,NA
rs17625826,NA,NA,NA,NA,NA,NA,NA,NA,NA,NA,NA,NA,NA,NA,NA,NA,NA,NA,NA
rs2072915,rs9277934,1,1,C,T,6,33153528,T,C,0.3116,-0.0505,0.048,0.2923,0.00109408499672,4914,T,A,A,T
rs2180314,rs4715315,0.99,1,G,A,6,52625891,A,G,0.5791,0.036,0.046,0.4337,6.3178234848e-4,4914,C,G,G,C
rs2353082,NA,NA,NA,NA,NA,NA,NA,NA,NA,NA,NA,NA,NA,NA,NA,NA,NA,NA,NA
rs3810444,rs73006914,0.9,1,C,T,19,19110422,T,C,0.0494,-0.3282,0.1529,0.0319,0.010116537785827199,4914,T,A,A,T
rs4738684,rs10107182,0.98,1,C,T,8,59392737,T,C,0.6574,0.0306,0.0459,0.5047,4.2178381145279993e-4,4914,A,G,G,A
rs6547456,rs55968391,1,1,A,G,2,27388883,A,G,0.9447,-0.053,0.103,0.6069,2.934950503800001e-4,4914,T,C,T,C
rs6547811,NA,NA,NA,NA,NA,NA,NA,NA,NA,NA,NA,NA,NA,NA,NA,NA,NA,NA,NA
rs7112577,rs117279127,0.93,1,C,T,11,117072074,T,C,0.0371,-0.1121,0.1112,0.3134,8.978345572238001e-4,4914,C,G,G,C
rs72959041,NA,NA,NA,NA,NA,NA,NA,NA,NA,NA,NA,NA,NA,NA,NA,NA,NA,NA,NA
rs7928525,rs1056136,0.98,0.99,T,G,11,117120998,T,G,0.8228,-0.056,0.0586,0.3393,9.144586035200002e-4,4914,A,T,A,T
rs8179228,NA,NA,NA,NA,NA,NA,NA,NA,NA,NA,NA,NA,NA,NA,NA,NA,NA,NA,NA
rs947988,rs10892007,0.94,1,C,T,11,116527609,T,C,0.0896,0.1135,0.0795,0.1536,0.00210165767168,4914,G,C,C,G
