id.exposure,id.outcome,outcome,exposure,method,nsnp,b,se,pval
2ZoJJO,iAZeGz,hdl,aaos,Inverse variance weighted (fixed effects),6,-0.08141648961521175,0.008205831619650035,3.3471889830441197e-23
2ZoJJO,iAZeGz,hdl,aaos,Weighted median,6,-0.0967056869167714,0.009806843571561757,6.140934454121754e-23
2ZoJJO,iAZeGz,hdl,aaos,Weighted mode,6,-0.0983348692056587,0.009411265515425203,1.384529687165643e-4
2ZoJJO,iAZeGz,hdl,aaos,MR Egger,6,-0.1277113983419601,0.03686452244618809,0.025715733478404945
