id.exposure,id.outcome,outcome,exposure,method,nsnp,b,se,pval
PGQLWT,IElrhf,hdl,aaos,Inverse variance weighted (fixed effects),13,-0.08178814066753479,0.0063247685705642995,2.993008744276749e-38
PGQLWT,IElrhf,hdl,aaos,Weighted median,13,-0.09988649826495333,0.008721832960437364,2.285488258061875e-30
PGQLWT,IElrhf,hdl,aaos,Weighted mode,13,-0.09920999438438266,0.007622914877361772,1.9476689997578968e-8
PGQLWT,IElrhf,hdl,aaos,MR Egger,13,-0.11980073876547931,0.02942300134978182,0.0018461732436140708
