id.exposure,id.outcome,outcome,exposure,method,nsnp,b,se,pval
K5xiPT,IGL6lU,hdl,aaos,Inverse variance weighted (fixed effects),28,-0.049477702043967946,0.007724133624359087,1.4978023038848244e-10
K5xiPT,IGL6lU,hdl,aaos,Weighted median,28,-0.08632237982209226,0.01345989088568103,1.4239862024613971e-10
K5xiPT,IGL6lU,hdl,aaos,Weighted mode,28,-0.09002860538967328,0.012518909648738911,9.828164257028819e-8
K5xiPT,IGL6lU,hdl,aaos,MR Egger,28,-0.13063707472109187,0.03476498964691101,8.766100684834496e-4
