id.exposure,id.outcome,outcome,exposure,method,nsnp,b,se,pval
2ZoJJO,iAZeGz,hdl,aaos,Inverse variance weighted (fixed effects),7,-0.088544800460055,0.00779428544669636,6.597798085476606e-30
2ZoJJO,iAZeGz,hdl,aaos,Weighted median,7,-0.10073383917443171,0.009562769197102357,6.024476323491303e-26
2ZoJJO,iAZeGz,hdl,aaos,Weighted mode,7,-0.1040840254344593,0.008736119981388554,2.116847028636645e-5
2ZoJJO,iAZeGz,hdl,aaos,MR Egger,7,-0.13550500309020186,0.03252334523493757,0.008769617508719428
