id.exposure,id.outcome,outcome,exposure,method,nsnp,b,se,pval
bkVqEx,Sz7xjs,hdl,aaos,Inverse variance weighted (fixed effects),14,-0.013197434913389962,0.014580976302733762,0.36540539098579455
bkVqEx,Sz7xjs,hdl,aaos,Weighted median,14,-0.016293444856510797,0.02969236915073607,0.5831826383061776
bkVqEx,Sz7xjs,hdl,aaos,Weighted mode,14,-0.04707898559831719,0.04088598902672321,0.27027688925017307
bkVqEx,Sz7xjs,hdl,aaos,MR Egger,14,-0.1508306453388754,0.1073258148488531,0.1852738170575306
