id.exposure,id.outcome,outcome,exposure,method,nsnp,b,se,pval
Hg8wYM,u9diia,ldl,nft4,Inverse variance weighted (fixed effects),7,0.18003741944122986,0.006699114397680471,4.3275074917543475e-159
Hg8wYM,u9diia,ldl,nft4,Weighted median,7,0.01510175032466004,0.015023350655588366,0.314791638856024
Hg8wYM,u9diia,ldl,nft4,Weighted mode,7,0.009269565241731725,0.01359871484811161,0.5208887636086631
Hg8wYM,u9diia,ldl,nft4,MR Egger,7,0.27214067413821996,0.13375848195778925,0.09754163665504226
