id.exposure,id.outcome,outcome,exposure,method,nsnp,b,se,pval
JDhMDu,MhTsKw,alcc,tau,Inverse variance weighted (fixed effects),9,7.908926345287999e-4,0.024674014332098232,0.9744292529259683
JDhMDu,MhTsKw,alcc,tau,Weighted median,9,0.012324450102146398,0.03303929897284008,0.7091306122280481
JDhMDu,MhTsKw,alcc,tau,Weighted mode,9,0.03447192463776072,0.03700644634782414,0.37884281909064876
JDhMDu,MhTsKw,alcc,tau,MR Egger,9,0.051435696367838374,0.06669661432569246,0.4658245149851862
