id.exposure,id.outcome,outcome,exposure,method,nsnp,b,se,pval
g6iIWE,tXJt1Y,alcc,tau,Inverse variance weighted (fixed effects),11,0.004790760337492033,0.022840402069943044,0.8338632774021918
g6iIWE,tXJt1Y,alcc,tau,Weighted median,11,0.03497327326753573,0.03075579504828641,0.2554848135296195
g6iIWE,tXJt1Y,alcc,tau,Weighted mode,11,0.0370309833091087,0.03724638924692456,0.34356533101248776
g6iIWE,tXJt1Y,alcc,tau,MR Egger,11,0.04961645734095449,0.062051237556036226,0.4445306663432331
