SNP,rsID,ld.r2,Dprime,ref.proxy,alt.proxy,CHR,POS,Effect_allele.proxy,Non_Effect_allele.proxy,EAF,Beta,SE,P,r2,N,ref,alt,Effect_allele,Non_Effect_allele
rs6431219,NA,NA,NA,NA,NA,NA,NA,NA,NA,NA,NA,NA,NA,NA,NA,NA,NA,NA,NA
rs13032148,NA,NA,NA,NA,NA,NA,NA,NA,NA,NA,NA,NA,NA,NA,NA,NA,NA,NA,NA
rs7930318,rs1026254,0.99,1,T,C,11,60030457,C,T,0.5897,0.0151,0.0048,0.007624,1.103358220382e-4,90955,C,T,T,C
rs2301274,rs7255066,0.87,0.99,T,C,19,45146103,C,T,0.2639,0.0011,0.0056,0.8696,4.701014318000001e-7,89485,T,C,C,T
rs28399657,NA,NA,NA,NA,NA,NA,NA,NA,NA,NA,NA,NA,NA,NA,NA,NA,NA,NA,NA
rs28399664,NA,NA,NA,NA,NA,NA,NA,NA,NA,NA,NA,NA,NA,NA,NA,NA,NA,NA,NA
rs10412413,rs10402271,1,1,T,G,19,45329214,G,T,0.3404,0.0026,0.0035,0.3154,3.0356163967999997e-6,176121,C,T,T,C
rs11665676,rs11667640,0.84,1,C,T,19,45379791,C,T,0.93931,0.0524,0.0066,1.104e-15,3.1305356443132816e-4,170833.36,C,T,C,T
rs41290120,NA,NA,NA,NA,NA,NA,NA,NA,NA,NA,NA,NA,NA,NA,NA,NA,NA,NA,NA
rs157595,rs439401,0.8,0.94,T,C,19,45414451,C,T,0.6201,0.0659,0.0038,1.423e-66,0.0020461235302638003,152584,A,G,G,A
rs60049679,NA,NA,NA,NA,NA,NA,NA,NA,NA,NA,NA,NA,NA,NA,NA,NA,NA,NA,NA
rs16979586,rs7257610,1,1,G,A,19,45490428,A,G,0.04617,0.0508,0.0098,4.308e-8,2.27294157539808e-4,153065.7,A,G,G,A
rs2004357,rs1114831,1,1,C,A,19,45636319,A,C,0.1055,0.0123,0.0078,0.08538,2.8554398954999995e-5,89485,G,A,A,G
