query_snp_rsid,rsID,ld.r2,Dprime,ref.proxy,alt.proxy,CHR,POS,Effect_allele.proxy,Non_Effect_allele.proxy,EAF,Beta,SE,P,r2,N,ref,alt,Effect_allele,Non_Effect_allele
rs10811661,NA,NA,NA,NA,NA,NA,NA,NA,NA,NA,NA,NA,NA,NA,NA,NA,NA,NA,NA
rs10830963,NA,NA,NA,NA,NA,NA,NA,NA,NA,NA,NA,NA,NA,NA,NA,NA,NA,NA,NA
rs11925227,rs9841632,0.83,0.91,C,A,3,170757334,A,C,0.175839,-0.00366,0.007689,0.6341,3.882571222031705e-6,2431,G,A,A,G
rs12910825,rs1443256,0.83,1,T,C,15,91516015,C,T,0.359886,-0.009774,0.00576,0.08981,4.4014618633864434e-5,2825,A,G,G,A
rs1359790,rs1215451,0.99,1,G,A,13,80715893,A,G,0.276871,-0.002724,0.006064,0.6534,2.9712380636217338e-6,2801,G,A,A,G
rs3936511,rs13173241,0.9,1,G,A,5,55861359,A,G,0.209039,0.008771,0.006757,0.1943,2.543961925163523e-5,2646,A,G,G,A
rs576674,rs2858980,1,1,G,A,13,33554587,G,A,0.17962699999999998,-0.004056,0.007203,0.5735,4.848516339167958e-6,2732,G,A,G,A
rs67232546,rs11221333,0.89,0.97,C,T,11,128383687,T,C,0.223129,-0.005194,0.006418,0.4184,9.352739004311068e-6,2828,C,T,T,C
rs7674212,rs7691873,1,1,T,C,4,103987899,C,T,0.435602,-7.048e-4,0.006785,0.9173,2.442514314892915e-7,1643,G,T,T,G
rs77258096,rs9921930,0.81,1,C,T,16,75244745,T,C,0.130982,-0.004521,0.007895,0.567,4.653067999684754e-6,2812,C,A,A,C
rs7909016,rs2094405,0.98,1,C,T,10,114715689,T,C,0.286757,-5.796e-4,0.006607,0.9301,1.3741631416170962e-7,2378,A,G,G,A
