id.exposure,id.outcome,outcome,exposure,method,nsnp,b,se,pval
yqUWkW,EQA6q9,ptau,dep,Inverse variance weighted (fixed effects),21,-0.5026199482403401,0.16613921389774386,0.0024839163973525403
yqUWkW,EQA6q9,ptau,dep,Weighted median,21,-0.7863715980028253,0.2222187899304029,4.020616577471512e-4
yqUWkW,EQA6q9,ptau,dep,Weighted mode,21,-0.9076568554778137,0.4248654020701013,0.045197640128168126
yqUWkW,EQA6q9,ptau,dep,MR Egger,21,-1.9465128525039057,0.6662296111797856,0.008751232308235223
