id.exposure,id.outcome,outcome,exposure,method,nsnp,b,se,pval
U80PFK,2ltHZ6,ptau,dep,Inverse variance weighted (fixed effects),128,-0.32599512340844,0.07946126776172442,4.085926257949012e-5
U80PFK,2ltHZ6,ptau,dep,Weighted median,128,-0.35739913810677676,0.11718905137013627,0.002290200281849141
U80PFK,2ltHZ6,ptau,dep,Weighted mode,128,-0.7990530617932978,0.3331857490982087,0.017929615652339064
U80PFK,2ltHZ6,ptau,dep,MR Egger,128,-0.8064379043404671,0.33399718365589676,0.0171936124269781
