id.exposure,id.outcome,outcome,exposure,egger_intercept,se,pval
U80PFK,2ltHZ6,ptau,dep,0.0035612113514664383,0.0023981408850822596,0.14004447468315748
