id.exposure,id.outcome,outcome,exposure,egger_intercept,se,pval
HLvDNM,O5iGb8,ptau,dep,0.0035612113514664383,0.0023981408850822596,0.14004447468315748
