id.exposure,id.outcome,outcome,exposure,method,nsnp,b,se,pval
yqUWkW,EQA6q9,ptau,dep,Inverse variance weighted (fixed effects),21,-0.5026199482403401,0.16613921389774386,0.0024839163973525403
yqUWkW,EQA6q9,ptau,dep,Weighted median,21,-0.7863715980028253,0.23299022385549012,7.378163059117812e-4
yqUWkW,EQA6q9,ptau,dep,Weighted mode,21,-0.9076568554778137,0.4269748778338862,0.04616776733706213
yqUWkW,EQA6q9,ptau,dep,MR Egger,21,-1.9465128525039057,0.6662296111797856,0.008751232308235223
