id.exposure,id.outcome,outcome,exposure,method,nsnp,b,se,pval
lZruAy,qbtOqg,ptau,dep,Inverse variance weighted (fixed effects),147,-0.3184303474629047,0.07335257950693622,1.4177588894314694e-5
lZruAy,qbtOqg,ptau,dep,Weighted median,147,-0.34712492542796886,0.10777425282695748,0.0012781010016503166
lZruAy,qbtOqg,ptau,dep,Weighted mode,147,-0.7149409429310039,0.3367491058554484,0.03543485188821181
lZruAy,qbtOqg,ptau,dep,MR Egger,147,-0.6937095660581466,0.28472050760817563,0.016043792728608227
