id.exposure,id.outcome,outcome,exposure,method,nsnp,b,se,pval
HLvDNM,O5iGb8,ptau,dep,Inverse variance weighted (fixed effects),128,-0.32599512340844,0.07946126776172442,4.085926257949012e-5
HLvDNM,O5iGb8,ptau,dep,Weighted median,128,-0.35739913810677676,0.1163286930363178,0.0021240086417928347
HLvDNM,O5iGb8,ptau,dep,Weighted mode,128,-0.7990530617932978,0.35213379144146745,0.024944429715870325
HLvDNM,O5iGb8,ptau,dep,MR Egger,128,-0.8064379043404671,0.33399718365589676,0.0171936124269781
