query_snp_rsid,rsID,ld.r2,Dprime,ref.proxy,alt.proxy,CHR,POS,Effect_allele.proxy,Non_Effect_allele.proxy,EAF,Beta,SE,P,r2,N,ref,alt,Effect_allele,Non_Effect_allele
rs1029984,rs2110401,0.96,0.98,T,C,2,60521970,T,C,0.41188800000000003,-0.008498,0.005437,0.1182,3.4986671674551204e-5,2814,G,T,G,T
rs146901418,NA,NA,NA,NA,NA,NA,NA,NA,NA,NA,NA,NA,NA,NA,NA,NA,NA,NA,NA
rs1549212,rs12188010,1,1,A,T,5,166996466,A,T,0.37988900000000003,-0.008052,0.006011,0.1805,3.0546656534114104e-5,2442,C,T,C,T
rs2404324,rs10271049,0.95,0.98,A,G,7,99026493,G,A,0.19749,-0.01909,0.008609,0.02674,1.1551474269585437e-4,1750,A,G,G,A
rs2523696,NA,NA,NA,NA,NA,NA,NA,NA,NA,NA,NA,NA,NA,NA,NA,NA,NA,NA,NA
rs28809490,rs4072455,0.98,0.99,T,C,22,46422938,C,T,0.313967,-0.002284,0.005895,0.6985,2.247249047348011e-6,2585,G,A,A,G
rs7216173,rs9896751,0.96,1,A,G,17,51890515,A,G,0.21713899999999997,0.00111,0.006543,0.8653,4.1888850705999185e-7,2788,A,T,A,T
rs73138150,NA,NA,NA,NA,NA,NA,NA,NA,NA,NA,NA,NA,NA,NA,NA,NA,NA,NA,NA
rs77804773,NA,NA,NA,NA,NA,NA,NA,NA,NA,NA,NA,NA,NA,NA,NA,NA,NA,NA,NA
rs77878475,NA,NA,NA,NA,NA,NA,NA,NA,NA,NA,NA,NA,NA,NA,NA,NA,NA,NA,NA
