id.exposure,id.outcome,outcome,exposure,method,nsnp,b,se,pval
PqNr78,Zpcl5P,nft4,audit,Inverse variance weighted (fixed effects),15,-0.7809932053723118,1.2870445332088132,0.5439761280076876
PqNr78,Zpcl5P,nft4,audit,Weighted median,15,-0.5028461891806901,1.763903346179693,0.7755860561792995
PqNr78,Zpcl5P,nft4,audit,Weighted mode,15,-0.4811336356177307,1.9327315296709513,0.8070223325123448
PqNr78,Zpcl5P,nft4,audit,MR Egger,15,-0.6168656124087645,2.024231726416866,0.7653875579203645
