id.exposure,id.outcome,outcome,exposure,method,nsnp,b,se,pval
ovLLNJ,k2nCHs,hipv,mvpa,Inverse variance weighted (fixed effects),132,0.01251116893171897,0.06818966919625075,0.8544245346959243
ovLLNJ,k2nCHs,hipv,mvpa,Weighted median,132,0.11738184447038172,0.10514973879240079,0.2642807559009137
ovLLNJ,k2nCHs,hipv,mvpa,Weighted mode,132,0.22012322818839225,0.3202716943578698,0.4931077327403095
ovLLNJ,k2nCHs,hipv,mvpa,MR Egger,132,0.2825207881148156,0.3218487892856136,0.3816684489246863
