id.exposure,id.outcome,outcome,exposure,method,nsnp,b,se,pval
szQLFP,oRebx2,hipv,mvpa,Inverse variance weighted (fixed effects),135,-0.06479058881740068,0.06712924326515642,0.3344637205901767
szQLFP,oRebx2,hipv,mvpa,Weighted median,135,0.09147227497332892,0.10935263516032978,0.4028798699663979
szQLFP,oRebx2,hipv,mvpa,Weighted mode,135,0.22288728100407118,0.31106584608007587,0.47491255505864627
szQLFP,oRebx2,hipv,mvpa,MR Egger,135,0.29204112078734185,0.34634526332506294,0.4006260039776224
