id.exposure,id.outcome,outcome,exposure,method,nsnp,b,se,pval
ovLLNJ,k2nCHs,hipv,mvpa,Inverse variance weighted (fixed effects),135,-0.06557707792795928,0.06712732174594922,0.32861573129110094
ovLLNJ,k2nCHs,hipv,mvpa,Weighted median,135,0.09147267011659355,0.10388204484725193,0.37856489474621396
ovLLNJ,k2nCHs,hipv,mvpa,Weighted mode,135,0.22293097199778433,0.3010647881863179,0.46030727275653893
ovLLNJ,k2nCHs,hipv,mvpa,MR Egger,135,0.292512090945965,0.34652109127854974,0.40010732557079254
