id.exposure,id.outcome,outcome,exposure,method,nsnp,b,se,pval
jwCFQe,dKrXHX,hipv,mvpa,Inverse variance weighted (fixed effects),25,0.30737360677972625,0.1412132329246708,0.02950572743774669
jwCFQe,dKrXHX,hipv,mvpa,Weighted median,25,0.37787815313826045,0.21672942846904503,0.08123794421647522
jwCFQe,dKrXHX,hipv,mvpa,Weighted mode,25,0.8865170087877607,0.504809309571495,0.09181952202973635
jwCFQe,dKrXHX,hipv,mvpa,MR Egger,25,1.0711062677336343,0.7105415633707005,0.14530883504441314
