id.exposure,id.outcome,outcome,exposure,method,nsnp,b,se,pval
laMZ39,h2XMbp,hipv,mvpa,Inverse variance weighted (fixed effects),131,-0.03336068062261407,0.06852689654233415,0.6263815846394889
laMZ39,h2XMbp,hipv,mvpa,Weighted median,131,0.0969827182991851,0.10402155522498574,0.35116450982698216
laMZ39,h2XMbp,hipv,mvpa,Weighted mode,131,0.22009565636582273,0.3010947744101509,0.4661039963671486
laMZ39,h2XMbp,hipv,mvpa,MR Egger,131,0.40742341874927324,0.33104588061582124,0.22066847651942587
