id.exposure,id.outcome,outcome,exposure,method,nsnp,b,se,pval
laMZ39,h2XMbp,hipv,mvpa,Inverse variance weighted (fixed effects),133,-0.08889855868757958,0.06762050340751606,0.18862127336592166
laMZ39,h2XMbp,hipv,mvpa,Weighted median,133,0.08691680324779898,0.10495756047570268,0.40760606027696145
laMZ39,h2XMbp,hipv,mvpa,Weighted mode,133,0.222315827572781,0.31086534579033254,0.47577840874569166
laMZ39,h2XMbp,hipv,mvpa,MR Egger,133,0.2606306167514983,0.3446092303092636,0.45082267326100856
