id.exposure,id.outcome,outcome,exposure,egger_intercept,se,pval
laMZ39,h2XMbp,hipv,mvpa,-0.004961559864640502,0.0047081399107310904,0.29390245131126247
