id.exposure,id.outcome,outcome,exposure,method,nsnp,b,se,pval
lPofdh,2IfC3i,hipv,mvpa,Inverse variance weighted (fixed effects),130,-0.010376709251510933,0.06870682071524713,0.8799529908468007
lPofdh,2IfC3i,hipv,mvpa,Weighted median,130,0.10044558324025955,0.1075254767979427,0.35022336183031777
lPofdh,2IfC3i,hipv,mvpa,Weighted mode,130,0.23408485095978238,0.3162452367329365,0.4605234552098604
lPofdh,2IfC3i,hipv,mvpa,MR Egger,130,0.251662606246203,0.3196986979674205,0.43262765057432073
