id.exposure,id.outcome,outcome,exposure,method,nsnp,b,se,pval
ovLLNJ,k2nCHs,hipv,mvpa,Inverse variance weighted (fixed effects),131,0.054654611653526,0.06868373153598663,0.426181317567432
ovLLNJ,k2nCHs,hipv,mvpa,Weighted median,131,0.12019347069786969,0.10569625656448355,0.25547173901096903
ovLLNJ,k2nCHs,hipv,mvpa,Weighted mode,131,0.23294509994461565,0.3065523701904368,0.44869810163287116
ovLLNJ,k2nCHs,hipv,mvpa,MR Egger,131,0.5212245374521443,0.30572881021141757,0.09062785022043544
