id.exposure,id.outcome,outcome,exposure,method,nsnp,b,se,pval
5jFMEm,HWWaku,hipv,mvpa,Inverse variance weighted (fixed effects),29,-0.19736504067547603,0.12775526414015884,0.12237815480591695
5jFMEm,HWWaku,hipv,mvpa,Weighted median,29,0.07636128887575641,0.22585704662200812,0.7352910955473969
5jFMEm,HWWaku,hipv,mvpa,Weighted mode,29,0.603328092634877,0.4281467359163942,0.169797128381789
5jFMEm,HWWaku,hipv,mvpa,MR Egger,29,0.0293822778011033,1.061736735892514,0.9781258660249724
