id.exposure,id.outcome,outcome,exposure,method,nsnp,b,se,pval
jwCFQe,dKrXHX,hipv,mvpa,Inverse variance weighted (fixed effects),29,-0.19683993671361594,0.1277458050199313,0.12334793664713978
jwCFQe,dKrXHX,hipv,mvpa,Weighted median,29,0.08754263137227888,0.22090095311815935,0.6918851174945408
jwCFQe,dKrXHX,hipv,mvpa,Weighted mode,29,0.603328092634877,0.42975236086783297,0.17134428802050486
jwCFQe,dKrXHX,hipv,mvpa,MR Egger,29,0.029096783219910934,1.0618928886740417,0.9783415364026775
