id.exposure,id.outcome,outcome,exposure,method,nsnp,b,se,pval
3WKdDN,gGQM6Y,hipv,mvpa,Inverse variance weighted (fixed effects),25,0.3068231796522437,0.14122601047786928,0.02981280996505397
3WKdDN,gGQM6Y,hipv,mvpa,Weighted median,25,0.3783908282451707,0.2262643764531346,0.09445741738007325
3WKdDN,gGQM6Y,hipv,mvpa,Weighted mode,25,0.8865864165246715,0.4816214795949734,0.07804206768654189
3WKdDN,gGQM6Y,hipv,mvpa,MR Egger,25,1.0716885711468616,0.7105727735866271,0.14511700610785552
