id.exposure,id.outcome,outcome,exposure,method,nsnp,b,se,pval
szQLFP,oRebx2,hipv,mvpa,Inverse variance weighted (fixed effects),132,0.034000878484380374,0.06843501834284771,0.6193057604096307
szQLFP,oRebx2,hipv,mvpa,Weighted median,132,0.11881630316310735,0.10259924169037364,0.2468386558177305
szQLFP,oRebx2,hipv,mvpa,Weighted mode,132,0.23165941441286186,0.30317449430684706,0.44617433657760786
szQLFP,oRebx2,hipv,mvpa,MR Egger,132,0.578629499504786,0.31326466580117074,0.06700701319575732
