target_snp,proxy_snp,ld.r2,Dprime,PHASE,X12,CHR,POS,Effect_allele.proxy,Non_Effect_allele.proxy,EAF,Beta,SE,P,r2,N,ref,ref.proxy,alt,alt.proxy,Effect_allele,Non_Effect_allele,proxy.outcome
rs144502847,rs138283763,1,1,AT/TC,NA,4,98394739,T,C,0.0154,-0.0265,0.2563,0.9177,2.129620878e-5,4914,A,T,T,C,A,T,TRUE
rs143092959,rs140184756,1,1,GG/AA,NA,4,99161352,A,G,0.9836,0.0646,0.2705,0.8113,1.3463482177279978e-4,4914,G,G,A,A,A,G,TRUE
rs145452708,rs138495951,1,1,CA/GG,NA,4,100249726,A,G,0.0227,-0.1312,0.1691,0.4376,7.637503490048001e-4,4914,C,A,G,G,C,G,TRUE
rs2298755,rs1789902,0.99588,1,GT/CC,NA,4,100260171,T,C,0.4058,0.009,0.0447,0.8407,3.906247032e-5,4914,G,T,C,C,G,C,TRUE
