id.exposure,id.outcome,outcome,exposure,method,nsnp,b,se,pval
cVumq7,XflGDB,hipv2015,diab,Inverse variance weighted (fixed effects),185,10.938684911969592,5.827312942901939,0.060498845001878396
cVumq7,XflGDB,hipv2015,diab,Weighted median,185,6.787120815407285,9.854946926001926,0.4910108711463353
cVumq7,XflGDB,hipv2015,diab,Weighted mode,185,1.3627771109848936,13.817956961711968,0.921544463732664
cVumq7,XflGDB,hipv2015,diab,MR Egger,185,11.667149086503272,14.622917580927625,0.4259815581875015
