id.exposure,id.outcome,outcome,exposure,method,nsnp,b,se,pval
LdSa3u,Rq4sY7,hipv2015,diab,Inverse variance weighted (fixed effects),427,8.159789569249387,4.700443432314497,0.0825706144924679
LdSa3u,Rq4sY7,hipv2015,diab,Weighted median,427,7.539067669394805,8.658139243947224,0.3838911177049462
LdSa3u,Rq4sY7,hipv2015,diab,Weighted mode,427,3.7142541033666703,13.251088102953265,0.779384913180885
LdSa3u,Rq4sY7,hipv2015,diab,MR Egger,427,1.7694229316394456,12.375862570131074,0.8863787066607709
