id.exposure,id.outcome,outcome,exposure,method,nsnp,b,se,pval
bSSl0O,XzqVZf,hipv2015,diab,Inverse variance weighted (fixed effects),177,11.34945888937442,5.9082132115637105,0.054736374111600705
bSSl0O,XzqVZf,hipv2015,diab,Weighted median,177,6.47090828510272,10.161661940588044,0.5242575647266655
bSSl0O,XzqVZf,hipv2015,diab,Weighted mode,177,1.3906845051151322,13.875165085722465,0.9202771407480366
bSSl0O,XzqVZf,hipv2015,diab,MR Egger,177,11.686882872505127,14.708952879106993,0.4279560728215138
