id.exposure,id.outcome,outcome,exposure,method,nsnp,b,se,pval
LdSa3u,Rq4sY7,hipv2015,diab,Inverse variance weighted (fixed effects),427,8.159789569249387,4.700443432314497,0.0825706144924679
LdSa3u,Rq4sY7,hipv2015,diab,Weighted median,427,7.539067669394805,8.313709851025504,0.36450012762287815
LdSa3u,Rq4sY7,hipv2015,diab,Weighted mode,427,3.7142541033666703,12.617752014552368,0.7686206034557761
LdSa3u,Rq4sY7,hipv2015,diab,MR Egger,427,1.7694229316394456,12.375862570131074,0.8863787066607709
