id.exposure,id.outcome,outcome,exposure,egger_intercept,se,pval
KCz4HK,92xpNO,nft4,trig,0.007129341772175854,0.00741254088728485,0.33694584860349075
