id.exposure,id.outcome,outcome,exposure,method,nsnp,b,se,pval
QBjGzl,WjHHp5,nft4,trig,Inverse variance weighted (fixed effects),163,0.12895065282156376,0.09702229273301728,0.18382068025576898
QBjGzl,WjHHp5,nft4,trig,Weighted median,163,0.18772696008881035,0.1645039607366814,0.2537992486232764
QBjGzl,WjHHp5,nft4,trig,Weighted mode,163,0.12499659780229777,0.21349891262262155,0.5590483317724261
QBjGzl,WjHHp5,nft4,trig,MR Egger,163,-0.13588616030468123,0.1761535945888602,0.44159627665940704
