id.exposure,id.outcome,outcome,exposure,method,nsnp,b,se,pval
KCz4HK,92xpNO,nft4,trig,Inverse variance weighted (fixed effects),294,0.2145661204614151,0.08787754201977102,0.01462035009387493
KCz4HK,92xpNO,nft4,trig,Weighted median,294,0.18748848268913915,0.15638655086318332,0.23057517008892453
KCz4HK,92xpNO,nft4,trig,Weighted mode,294,0.17710179673827398,0.19423116740454538,0.3626186590512086
KCz4HK,92xpNO,nft4,trig,MR Egger,294,0.09257046416889365,0.19632318310222918,0.6376209844261691
