id.exposure,id.outcome,outcome,exposure,method,nsnp,b,se,pval
QBjGzl,WjHHp5,nft4,trig,Inverse variance weighted (fixed effects),164,0.27902362801423036,0.09608948644569071,0.0036867611411643807
QBjGzl,WjHHp5,nft4,trig,Weighted median,164,0.20452269988422367,0.16188754141604966,0.2064588215897454
QBjGzl,WjHHp5,nft4,trig,Weighted mode,164,0.17375784108649484,0.2052846257113221,0.3985571662295072
QBjGzl,WjHHp5,nft4,trig,MR Egger,164,0.044661608000202746,0.2502246329327065,0.8585642813627615
