id.exposure,id.outcome,outcome,exposure,method,nsnp,b,se,pval
T7uYql,Mj80tz,dbp,nft4,Inverse variance weighted (fixed effects),12,0.01059566438983796,0.016938142020402003,0.5316097693345343
T7uYql,Mj80tz,dbp,nft4,Weighted median,12,-0.006534715317500489,0.02445499548217388,0.7893044556059017
T7uYql,Mj80tz,dbp,nft4,Weighted mode,12,-0.002901121631447512,0.02788313874702402,0.9190058621276082
T7uYql,Mj80tz,dbp,nft4,MR Egger,12,0.019152033142517864,0.05462983549422051,0.7331774266467694
