query_snp_rsid,rsID,ld.r2,Dprime,ref.proxy,alt.proxy,CHR,POS,Effect_allele.proxy,Non_Effect_allele.proxy,EAF,Beta,SE,P,r2,N,ref,alt,Effect_allele,Non_Effect_allele
rs10800664,rs4915403,0.99,1,G,A,1,199966562,A,G,0.4697,6e-4,0.0048,0.8415,1.7933897519999997e-7,94280,C,T,T,C
rs13255475,rs13272518,0.99,1,T,G,8,121475108,G,T,0.6847,0.0037,0.0052,0.5927,5.9109562158000005e-6,94118,T,C,C,T
rs35055419,rs1158947,0.97,1,G,A,3,190660837,G,A,0.6121,0.0056,0.005,0.07991,1.4891834764799999e-5,94311,T,C,T,C
