id.exposure,id.outcome,outcome,exposure,method,nsnp,b,se,pval
eZONzT,CNKIBf,tau,alcd,Inverse variance weighted (fixed effects),13,0.019836854028492733,0.013980021331290412,0.15591562167546433
eZONzT,CNKIBf,tau,alcd,Weighted median,13,0.020181703628241007,0.019146307019337637,0.2918471449811104
eZONzT,CNKIBf,tau,alcd,Weighted mode,13,0.023390035763551767,0.031538614631061154,0.47257625686177485
eZONzT,CNKIBf,tau,alcd,MR Egger,13,0.046187273442405585,0.039592814392142656,0.26805773400188926
