id.exposure,id.outcome,outcome,exposure,method,nsnp,b,se,pval
xNdVLV,unnwSt,tau,alcd,Inverse variance weighted (fixed effects),13,0.019836854028492733,0.013980021331290412,0.15591562167546433
xNdVLV,unnwSt,tau,alcd,Weighted median,13,0.020181703628241007,0.019978327508634448,0.3124091375170371
xNdVLV,unnwSt,tau,alcd,Weighted mode,13,0.023390035763551767,0.03094076378759885,0.4642540145534495
xNdVLV,unnwSt,tau,alcd,MR Egger,13,0.046187273442405585,0.039592814392142656,0.26805773400188926
