id.exposure,id.outcome,outcome,exposure,egger_intercept,se,pval
FS1hL2,ixxskH,hdl,nft4,0.017724023706637816,0.011569092518428054,0.17640349189976795
