id.exposure,id.outcome,outcome,exposure,method,nsnp,b,se,pval
FS1hL2,ixxskH,hdl,nft4,Inverse variance weighted (fixed effects),8,-0.05594536083320045,0.005281497607621984,3.221361997208654e-26
FS1hL2,ixxskH,hdl,nft4,Weighted median,8,-0.07097367756756648,0.009741704245741464,3.2035960531981453e-13
FS1hL2,ixxskH,hdl,nft4,Weighted mode,8,-0.07808138210715648,0.008989333742904464,5.370890555923134e-5
FS1hL2,ixxskH,hdl,nft4,MR Egger,8,-0.10267668202815856,0.03292693505244864,0.02062902665201726
