id.exposure,id.outcome,outcome,exposure,method,nsnp,b,se,pval
UzqUp2,pLoHuB,hips,dep,Inverse variance weighted (fixed effects),169,-2.3192095887592026,1.174956152970852,0.04839663449565784
UzqUp2,pLoHuB,hips,dep,Weighted median,169,-2.7257671342370595,1.758247571879742,0.12107554152938128
UzqUp2,pLoHuB,hips,dep,Weighted mode,169,-3.9445127461081455,4.751687269444525,0.40764400866214057
UzqUp2,pLoHuB,hips,dep,MR Egger,169,-8.923289382815799,5.006678076392137,0.0765209458191652
