id.exposure,id.outcome,outcome,exposure,method,nsnp,b,se,pval
0p2osC,wnEpil,hips,dep,Inverse variance weighted (fixed effects),33,-4.467499392424942,2.3762343532655765,0.06009782323318373
0p2osC,wnEpil,hips,dep,Weighted median,33,-2.4193042831756104,3.6950068913481786,0.5126289851674453
0p2osC,wnEpil,hips,dep,Weighted mode,33,-0.393938761652052,5.260365311725693,0.9407699555800728
0p2osC,wnEpil,hips,dep,MR Egger,33,-32.9639319091514,12.634269141409712,0.013849732852501276
