id.exposure,id.outcome,outcome,exposure,method,nsnp,b,se,pval
ogHipu,54PdqR,load,fish,Inverse variance weighted (fixed effects),321,-0.060687986308190785,0.09139459059704398,0.5066764583134783
ogHipu,54PdqR,load,fish,Weighted median,321,-0.09420733291955571,0.1421140387738944,0.5073948874021392
ogHipu,54PdqR,load,fish,Weighted mode,321,-0.1041635462156254,0.41603552507073116,0.8024605354880819
ogHipu,54PdqR,load,fish,MR Egger,321,0.002424212736883429,0.35740866092441137,0.9945924315967596
