id.exposure,id.outcome,outcome,exposure,method,nsnp,b,se,pval
0Xtl7X,ebXl7w,load,fish,Inverse variance weighted (fixed effects),103,0.3871927360637451,0.13391809938127242,0.003836942259981211
0Xtl7X,ebXl7w,load,fish,Weighted median,103,-0.11531590093584745,0.193483522580501,0.5511761883791313
0Xtl7X,ebXl7w,load,fish,Weighted mode,103,-0.003369013768370621,0.4862036310603701,0.9944848578610954
0Xtl7X,ebXl7w,load,fish,MR Egger,103,1.1362463395455615,2.9506487341454823,0.7009852542297149
