id.exposure,id.outcome,outcome,exposure,method,nsnp,b,se,pval
nWKtOX,Rcfh6J,load,fish,Inverse variance weighted (fixed effects),103,0.3871927360637451,0.13391809938127242,0.003836942259981211
nWKtOX,Rcfh6J,load,fish,Weighted median,103,-0.11531590093584745,0.19323785626801981,0.550670122836928
nWKtOX,Rcfh6J,load,fish,Weighted mode,103,-0.003369013768370621,0.497871512319105,0.9946141061074583
nWKtOX,Rcfh6J,load,fish,MR Egger,103,1.1362463395455615,2.9506487341454823,0.7009852542297149
