id.exposure,id.outcome,outcome,exposure,method,nsnp,b,se,pval
ovLM7D,5YNi4h,load,alcc,Inverse variance weighted (fixed effects),11,0.11760587130925464,0.3133936152268424,0.7074628800228063
ovLM7D,5YNi4h,load,alcc,Weighted median,11,0.08868068446760402,0.4267162850047379,0.8353685896610091
ovLM7D,5YNi4h,load,alcc,Weighted mode,11,0.11384856225655327,0.4327539135034397,0.7978304836271052
ovLM7D,5YNi4h,load,alcc,MR Egger,11,1.7251985430092383,1.6477046261284447,0.32238876266407274
