id.exposure,id.outcome,outcome,exposure,method,nsnp,b,se,pval
K5Av6U,tdI8Bt,load,alcc,Inverse variance weighted (fixed effects),44,0.33189875755547554,0.1909861137732188,0.08224320978216385
K5Av6U,tdI8Bt,load,alcc,Weighted median,44,0.11206772608134946,0.29768474095874997,0.7065716301659324
K5Av6U,tdI8Bt,load,alcc,Weighted mode,44,0.4414888583543348,0.44187429664767114,0.3233223450342242
K5Av6U,tdI8Bt,load,alcc,MR Egger,44,0.051634023977524986,1.0776793586482531,0.9620133023322974
