id.exposure,id.outcome,outcome,exposure,method,nsnp,b,se,pval
FojZIb,PMcB49,load,alcc,Inverse variance weighted (fixed effects),9,0.07717118052410532,0.3357028298813182,0.8181854484332576
FojZIb,PMcB49,load,alcc,Weighted median,9,0.008037286196886734,0.4377444523489935,0.9853511192626676
FojZIb,PMcB49,load,alcc,Weighted mode,9,-0.11722250077349639,0.5267639843944814,0.8294750993580311
FojZIb,PMcB49,load,alcc,MR Egger,9,2.4706561662975934,1.926955455275652,0.2406148712740528
