id.exposure,id.outcome,outcome,exposure,method,nsnp,b,se,pval
2TfDK0,ymxlb6,load,alcc,Inverse variance weighted (fixed effects),9,0.07717118052410532,0.3357028298813182,0.8181854484332576
2TfDK0,ymxlb6,load,alcc,Weighted median,9,0.008037286196886734,0.47495801397065524,0.986498763402856
2TfDK0,ymxlb6,load,alcc,Weighted mode,9,-0.11722250077349639,0.45725427605547103,0.8041408599006452
2TfDK0,ymxlb6,load,alcc,MR Egger,9,2.4706561662975934,1.926955455275652,0.2406148712740528
