id.exposure,id.outcome,outcome,exposure,method,nsnp,b,se,pval
tG8ZJE,LWoZgQ,load,alcc,Inverse variance weighted (fixed effects),11,0.11760587130925436,0.3133936152268424,0.707462880022807
tG8ZJE,LWoZgQ,load,alcc,Weighted median,11,0.08868068446760402,0.42882200562558115,0.8361655212338304
tG8ZJE,LWoZgQ,load,alcc,Weighted mode,11,0.11384856225655327,0.43387008810003763,0.7983376225046784
tG8ZJE,LWoZgQ,load,alcc,MR Egger,11,1.7251985430092385,1.6477046261284447,0.32238876266407274
