id.exposure,id.outcome,outcome,exposure,method,nsnp,b,se,pval
a2CvL9,f6yUGh,load,alcc,Inverse variance weighted (fixed effects),44,0.33189875755547554,0.1909861137732188,0.08224320978216385
a2CvL9,f6yUGh,load,alcc,Weighted median,44,0.11206772608134946,0.3048768052654514,0.7131837148236001
a2CvL9,f6yUGh,load,alcc,Weighted mode,44,0.4414888583543348,0.41415939885216513,0.29237814161188547
a2CvL9,f6yUGh,load,alcc,MR Egger,44,0.05163402397752499,1.0776793586482531,0.9620133023322973
