id.exposure,id.outcome,outcome,exposure,method,nsnp,b,se,pval
jhDoh2,cuGd0J,load,alcc,Inverse variance weighted (fixed effects),48,0.3632806398963358,0.18453035163972356,0.04899020604786046
jhDoh2,cuGd0J,load,alcc,Weighted median,48,0.46132661104142175,0.2780974055479954,0.09714259408296495
jhDoh2,cuGd0J,load,alcc,Weighted mode,48,0.513642132591146,0.3959686244042819,0.20090128099657956
jhDoh2,cuGd0J,load,alcc,MR Egger,48,0.010836104263997956,1.037830690791307,0.9917145031906162
