id.exposure,id.outcome,outcome,exposure,method,nsnp,b,se,pval
5ltPpq,PDEOoI,load,alcc,Inverse variance weighted (fixed effects),11,0.11760587130925464,0.3133936152268424,0.7074628800228063
5ltPpq,PDEOoI,load,alcc,Weighted median,11,0.08868068446760402,0.4277418082505299,0.8357576685290962
5ltPpq,PDEOoI,load,alcc,Weighted mode,11,0.11384856225655327,0.45777505369481375,0.8086261336729819
5ltPpq,PDEOoI,load,alcc,MR Egger,11,1.7251985430092383,1.6477046261284447,0.32238876266407274
