id.exposure,id.outcome,outcome,exposure,method,nsnp,b,se,pval
a2CvL9,f6yUGh,load,alcc,Inverse variance weighted (fixed effects),44,0.33189875755547554,0.1909861137732188,0.08224320978216385
a2CvL9,f6yUGh,load,alcc,Weighted median,44,0.11206772608134946,0.29768474095874997,0.7065716301659324
a2CvL9,f6yUGh,load,alcc,Weighted mode,44,0.4414888583543348,0.44187429664767114,0.3233223450342242
a2CvL9,f6yUGh,load,alcc,MR Egger,44,0.05163402397752499,1.0776793586482531,0.9620133023322973
