id.exposure,id.outcome,outcome,exposure,method,nsnp,b,se,pval
ovLM7D,5YNi4h,load,alcc,Inverse variance weighted (fixed effects),11,0.11760587130925464,0.3133936152268424,0.7074628800228063
ovLM7D,5YNi4h,load,alcc,Weighted median,11,0.08868068446760402,0.4345190811154023,0.8382837348528778
ovLM7D,5YNi4h,load,alcc,Weighted mode,11,0.11384856225655327,0.4593507895461676,0.8092679884595982
ovLM7D,5YNi4h,load,alcc,MR Egger,11,1.7251985430092383,1.6477046261284447,0.32238876266407274
