id.exposure,id.outcome,outcome,exposure,method,nsnp,b,se,pval
PvyR14,ueIgwm,load,alcc,Inverse variance weighted (fixed effects),9,0.0771711805241053,0.3357028298813182,0.8181854484332576
PvyR14,ueIgwm,load,alcc,Weighted median,9,0.008037286196886734,0.4377444523489935,0.9853511192626676
PvyR14,ueIgwm,load,alcc,Weighted mode,9,-0.11722250077349639,0.5267639843944814,0.8294750993580311
PvyR14,ueIgwm,load,alcc,MR Egger,9,2.4706561662975925,1.9269554552756516,0.24061487127405293
