id.exposure,id.outcome,outcome,exposure,method,nsnp,b,se,pval
3X3eln,vHZC15,load,alcc,Inverse variance weighted (fixed effects),48,0.3632806398963358,0.18453035163972356,0.04899020604786046
3X3eln,vHZC15,load,alcc,Weighted median,48,0.46132661104142175,0.29836794824469587,0.12206429316496717
3X3eln,vHZC15,load,alcc,Weighted mode,48,0.513642132591146,0.4036968556710978,0.209509059070325
3X3eln,vHZC15,load,alcc,MR Egger,48,0.010836104263997956,1.037830690791307,0.9917145031906162
