id.exposure,id.outcome,outcome,exposure,method,nsnp,b,se,pval
GpGjh2,ROLgat,load,alcc,Inverse variance weighted (fixed effects),44,0.33189875755547554,0.1909861137732188,0.08224320978216385
GpGjh2,ROLgat,load,alcc,Weighted median,44,0.11206772608134946,0.2893694161192536,0.6985470407954472
GpGjh2,ROLgat,load,alcc,Weighted mode,44,0.4414888583543348,0.43224760593489714,0.3127868823933241
GpGjh2,ROLgat,load,alcc,MR Egger,44,0.05163402397752499,1.0776793586482531,0.9620133023322973
