query_snp_rsid,rsID,ld.r2,Dprime,ref.proxy,alt.proxy,CHR,POS,Effect_allele.proxy,Non_Effect_allele.proxy,EAF,Beta,SE,P,r2,N,ref,alt,Effect_allele,Non_Effect_allele
rs10774624,NA,NA,NA,NA,NA,NA,NA,NA,NA,NA,NA,NA,NA,NA,NA,NA,NA,NA,NA
rs79485249,rs60251664,0.95,0.97,T,C,4,55117805,C,T,0.06529,0.00571,0.002978,0.05521,3.97947489985038e-6,111818,A,C,C,A
rs79485249,rs60251664,0.95,0.97,T,C,4,55117805,C,T,0.06529,0.00571,0.002978,0.05521,3.97947489985038e-6,111818,A,C,C,A
rs79485249,rs60251664,0.95,0.97,T,C,4,55117805,C,T,0.06529,0.00571,0.002978,0.05521,3.97947489985038e-6,111818,A,C,C,A
rs79485249,rs60251664,0.95,0.97,T,C,4,55117805,C,T,0.06529,0.00571,0.002978,0.05521,3.97947489985038e-6,111818,A,C,C,A
