id.exposure,id.outcome,outcome,exposure,method,nsnp,b,se,pval
SfBkzC,ssE9ti,vbiany,trig,Inverse variance weighted (fixed effects),294,0.03961455702262356,0.1152431508604919,0.7310361071941919
SfBkzC,ssE9ti,vbiany,trig,Weighted median,294,-0.0433662350485161,0.19266063184545273,0.8219082369436755
SfBkzC,ssE9ti,vbiany,trig,Weighted mode,294,0.09377679226440705,0.22057815079337828,0.6710460275861155
SfBkzC,ssE9ti,vbiany,trig,MR Egger,294,0.048225385030454114,0.2003235436467916,0.8099275268619469
