id.exposure,id.outcome,outcome,exposure,method,nsnp,b,se,pval
wV6HVU,56seMC,hipv,ldl,Inverse variance weighted (fixed effects),305,-0.03926808677830503,0.013550700570539594,0.0037571352346763534
wV6HVU,56seMC,hipv,ldl,Weighted median,305,-0.0287066985752981,0.023562720528013864,0.22310618284555872
wV6HVU,56seMC,hipv,ldl,Weighted mode,305,-0.03471577937356085,0.025224691122304358,0.1697534925673632
wV6HVU,56seMC,hipv,ldl,MR Egger,305,-0.08852145240320963,0.02623096235278099,8.351825341256833e-4
