id.exposure,id.outcome,outcome,exposure,egger_intercept,se,pval
4H3NxY,CtO4FU,hipv,ldl,0.0028542407397294145,0.0012226223463526887,0.020221465759887022
