id.exposure,id.outcome,outcome,exposure,method,nsnp,b,se,pval
WWEaDO,RTwvVx,hipv,ldl,Inverse variance weighted (fixed effects),200,-0.05564989892723619,0.014299079367440452,9.948197506058202e-5
WWEaDO,RTwvVx,hipv,ldl,Weighted median,200,-0.030619408518121134,0.022935025031519743,0.1818599346185506
WWEaDO,RTwvVx,hipv,ldl,Weighted mode,200,-0.03959170578781257,0.026989442977753672,0.14397282468391862
WWEaDO,RTwvVx,hipv,ldl,MR Egger,200,-0.06994648206207688,0.026763003933758363,0.00964897225755414
