id.exposure,id.outcome,outcome,exposure,method,nsnp,b,se,pval
zTEG9h,XUB7FE,hipv,ldl,Inverse variance weighted (fixed effects),200,-0.05564989892723619,0.014299079367440452,9.948197506058202e-5
zTEG9h,XUB7FE,hipv,ldl,Weighted median,200,-0.030619408518121134,0.023371364096518854,0.19015355046407004
zTEG9h,XUB7FE,hipv,ldl,Weighted mode,200,-0.03959170578781257,0.027623915688868794,0.15335841575588227
zTEG9h,XUB7FE,hipv,ldl,MR Egger,200,-0.06994648206207685,0.026763003933758363,0.009648972257554149
