id.exposure,id.outcome,outcome,exposure,method,nsnp,b,se,pval
wV6HVU,56seMC,hipv,ldl,Inverse variance weighted (fixed effects),304,-0.028998898043769004,0.013804768847012441,0.035672271859392854
wV6HVU,56seMC,hipv,ldl,Weighted median,304,-0.023167772134112866,0.023909429654221805,0.3325548970182947
wV6HVU,56seMC,hipv,ldl,Weighted mode,304,-0.03474751558565092,0.025016773164174336,0.1658622728842418
wV6HVU,56seMC,hipv,ldl,MR Egger,304,-0.06775285234309936,0.026749562300882122,0.011819821565700902
