id.exposure,id.outcome,outcome,exposure,egger_intercept,se,pval
wV6HVU,56seMC,hipv,ldl,0.0028542407397294197,0.001222622346352689,0.020221465759886828
