id.exposure,id.outcome,outcome,exposure,method,nsnp,b,se,pval
zTEG9h,XUB7FE,hipv,ldl,Inverse variance weighted (fixed effects),200,-0.05564989892723619,0.014299079367440452,9.948197506058202e-5
zTEG9h,XUB7FE,hipv,ldl,Weighted median,200,-0.030619408518121134,0.02395206593955152,0.2011218514880763
zTEG9h,XUB7FE,hipv,ldl,Weighted mode,200,-0.03959170578781257,0.02835452721161411,0.16417676747972196
zTEG9h,XUB7FE,hipv,ldl,MR Egger,200,-0.06994648206207685,0.026763003933758363,0.009648972257554149
