id.exposure,id.outcome,outcome,exposure,method,nsnp,b,se,pval
Rk2a3w,O806Bk,hipv,ldl,Inverse variance weighted (fixed effects),303,-0.03515277810498712,0.01307204187031075,0.007163263475959438
Rk2a3w,O806Bk,hipv,ldl,Weighted median,303,-0.05394648316430453,0.026776271790912253,0.04393480643666356
Rk2a3w,O806Bk,hipv,ldl,Weighted mode,303,-0.05555370275320515,0.021821364095910616,0.011398270141974967
Rk2a3w,O806Bk,hipv,ldl,MR Egger,303,-0.0728284729300903,0.0232353486001683,0.001892043878861471
