id.exposure,id.outcome,outcome,exposure,method,nsnp,b,se,pval
3K9niv,KHWLaY,hipv,ldl,Inverse variance weighted (fixed effects),199,-0.05927027005624601,0.013489402836735309,1.1136608641697995e-5
3K9niv,KHWLaY,hipv,ldl,Weighted median,199,-0.05428622748889855,0.027736401473174046,0.05032166008261217
3K9niv,KHWLaY,hipv,ldl,Weighted mode,199,-0.05164311626214646,0.02242901183033429,0.022345622459132027
3K9niv,KHWLaY,hipv,ldl,MR Egger,199,-0.07454546982236832,0.022927509656059157,0.001351053691363868
