id.exposure,id.outcome,outcome,exposure,egger_intercept,se,pval
GrdCZm,b0NCY9,hipv,ldl,0.002845957737584197,0.0011291416055371868,0.012235300851531187
