query_snp_rsid,rsID,ld.r2,Dprime,ref.proxy,alt.proxy,CHR,POS,Effect_allele.proxy,Non_Effect_allele.proxy,EAF,Beta,SE,P,r2,N,ref,alt,Effect_allele,Non_Effect_allele
rs10130752,NA,NA,NA,NA,NA,NA,NA,NA,NA,NA,NA,NA,NA,NA,NA,NA,NA,NA,NA
rs11986122,rs11993089,0.99,1,G,T,8,10009952,T,G,0.3842,-0.0246,0.057,0.6654,2.863500445152e-4,4914,C,G,G,C
rs1217101,rs1217098,0.95,0.99,A,C,8,64623652,A,C,0.2329,0.0624,0.0532,0.2403,0.0013912995552768,4914,C,G,C,G
rs1233393,rs1233385,1,1,T,C,6,29559238,T,C,0.8995,-0.0012,0.1082,0.9915,2.6035128000000006e-7,4914,C,G,C,G
rs1449404,rs7628948,1,1,C,T,3,85594169,T,C,0.2349,0.0633,0.0515,0.2188,0.0014402524890221996,4914,C,G,G,C
rs3094084,rs1634714,0.99,1,T,C,6,30951561,T,C,0.8433,0.0608,0.0754,0.42,9.769857988607997e-4,4914,A,T,A,T
rs3096690,rs3130297,0.96,0.98,C,T,6,32198981,T,C,0.1079,-0.0456,0.0886,0.6063,4.003083646848e-4,4914,G,C,C,G
rs3136469,rs3136433,1,1,C,A,11,46741908,A,C,0.086,-0.0589,0.0778,0.449,5.4538756568e-4,4914,T,A,A,T
rs35902873,rs13197574,1,1,T,C,6,28060239,T,C,0.9121,0.0389,0.1116,0.7277,2.426389562477999e-4,4914,G,C,G,C
rs3734543,rs13195509,1,1,G,A,6,26463660,A,G,0.0985,-0.1224,0.0906,0.1767,0.0026606931580799996,4914,G,C,C,G
rs3997983,rs2523634,1,1,A,G,6,31344876,A,G,0.4788,0.0098,0.0449,0.827,4.7933671564799996e-5,4914,C,G,C,G
rs4713534,NA,NA,NA,NA,NA,NA,NA,NA,NA,NA,NA,NA,NA,NA,NA,NA,NA,NA,NA
rs4748775,rs2666775,0.93,0.99,C,T,10,22240299,T,C,0.6913,0.019,0.0474,0.6878,1.5407791181999998e-4,4914,A,T,T,A
rs67474621,NA,NA,NA,NA,NA,NA,NA,NA,NA,NA,NA,NA,NA,NA,NA,NA,NA,NA,NA
rs9272557,NA,NA,NA,NA,NA,NA,NA,NA,NA,NA,NA,NA,NA,NA,NA,NA,NA,NA,NA
