id.exposure,id.outcome,outcome,exposure,method,nsnp,b,se,pval
zjvXwR,h9iJaj,load,hdl,Inverse variance weighted (fixed effects),347,-0.08959096624799442,0.026894973419038785,8.64905776449888e-4
zjvXwR,h9iJaj,load,hdl,Weighted median,347,0.0513303254721912,0.048100041400750256,0.2859006684116861
zjvXwR,h9iJaj,load,hdl,Weighted mode,347,0.024081558875995057,0.055593021629386105,0.6651568766344617
zjvXwR,h9iJaj,load,hdl,MR Egger,347,-0.20780989577517053,0.15600854996943264,0.18372575042183842
