id.exposure,id.outcome,outcome,exposure,method,nsnp,b,se,pval
53Xg3s,oRNCys,load,hdl,Inverse variance weighted (fixed effects),234,-0.10445026589681566,0.028482643052551194,2.452641685159158e-4
53Xg3s,oRNCys,load,hdl,Weighted median,234,0.051247625264326004,0.05278646558917792,0.3316240634330518
53Xg3s,oRNCys,load,hdl,Weighted mode,234,0.022120015437618434,0.05739155278696609,0.7002757947362962
53Xg3s,oRNCys,load,hdl,MR Egger,234,-0.21452577716141746,0.20471060139564956,0.2957537118256536
