id.exposure,id.outcome,outcome,exposure,method,nsnp,b,se,pval
S0S7V5,8JZInt,load,hdl,Inverse variance weighted (fixed effects),343,-0.08501388526893369,0.026951179550919413,0.00160847208257912
S0S7V5,8JZInt,load,hdl,Weighted median,343,0.051301286099797325,0.04961330698234843,0.3011255469350575
S0S7V5,8JZInt,load,hdl,Weighted mode,343,0.052513045345499165,0.05588004482709667,0.34801113461016864
S0S7V5,8JZInt,load,hdl,MR Egger,343,-0.2166623768141128,0.1562781400202361,0.16653375985996907
