id.exposure,id.outcome,outcome,exposure,egger_intercept,se,pval
S0S7V5,8JZInt,load,hdl,0.005463144228747544,0.006196481943209625,0.3785821185606366
