id.exposure,id.outcome,outcome,exposure,method,nsnp,b,se,pval
mlIDW3,WhHZVi,load,hdl,Inverse variance weighted (fixed effects),234,-0.10445026589681558,0.028482643052551188,2.452641685159179e-4
mlIDW3,WhHZVi,load,hdl,Weighted median,234,0.051247625264326004,0.052642855136627933,0.3303066928833844
mlIDW3,WhHZVi,load,hdl,Weighted mode,234,0.022120015437618434,0.05673300157348241,0.6969690352411562
mlIDW3,WhHZVi,load,hdl,MR Egger,234,-0.21452577716141757,0.20471060139564956,0.29575371182565335
