id.exposure,id.outcome,outcome,exposure,method,nsnp,b,se,pval
bze3kT,MmK9ZK,load,hdl,Inverse variance weighted (fixed effects),345,-0.10260945169165975,0.027318498056166082,1.7262108990968367e-4
bze3kT,MmK9ZK,load,hdl,Weighted median,345,0.050537124361442344,0.04982802829631956,0.3104726029346171
bze3kT,MmK9ZK,load,hdl,Weighted mode,345,0.02459799948630348,0.05290898141833728,0.6422888978617529
bze3kT,MmK9ZK,load,hdl,MR Egger,345,-0.25555361171285473,0.15964182633841445,0.1103432298535652
