id.exposure,id.outcome,outcome,exposure,method,nsnp,b,se,pval
wV8MFi,KrqKfz,load,hdl,Inverse variance weighted (fixed effects),344,-0.08865615352834026,0.026937642060197022,9.977431069937552e-4
wV8MFi,KrqKfz,load,hdl,Weighted median,344,0.05128404025021861,0.05176250587003268,0.3218044844761004
wV8MFi,KrqKfz,load,hdl,Weighted mode,344,0.010005832432060657,0.05530948939392293,0.8565480067763058
wV8MFi,KrqKfz,load,hdl,MR Egger,344,-0.21337809525563195,0.15645641636598173,0.17352175746002013
