id.exposure,id.outcome,outcome,exposure,method,nsnp,b,se,pval
53Xg3s,oRNCys,load,hdl,Inverse variance weighted (fixed effects),233,-0.10870723699855762,0.028505728459235723,1.370000438705367e-4
53Xg3s,oRNCys,load,hdl,Weighted median,233,0.05121705698170577,0.05196970998640156,0.32436995560714244
53Xg3s,oRNCys,load,hdl,Weighted mode,233,0.02253197811071672,0.057200054373397556,0.694005363144902
53Xg3s,oRNCys,load,hdl,MR Egger,233,-0.20802011883036595,0.204890890190968,0.3110380763599569
