id.exposure,id.outcome,outcome,exposure,method,nsnp,b,se,pval
SEnwYi,odvxGm,load,hdl,Inverse variance weighted (fixed effects),225,0.03484522838755615,0.028878868851692774,0.22758642381140365
SEnwYi,odvxGm,load,hdl,Weighted median,225,0.05111590647509115,0.05115231864541954,0.3176551184439193
SEnwYi,odvxGm,load,hdl,Weighted mode,225,0.034560791338231756,0.06177419867416807,0.5764001861800561
SEnwYi,odvxGm,load,hdl,MR Egger,225,-0.04951880910863693,0.06552008640284136,0.4505783428194684
