id.exposure,id.outcome,outcome,exposure,method,nsnp,b,se,pval
wV8MFi,KrqKfz,load,hdl,Inverse variance weighted (fixed effects),345,-0.09159205539202885,0.026926169281487243,6.699263228280123e-4
wV8MFi,KrqKfz,load,hdl,Weighted median,345,0.05126937449124767,0.050163452205970495,0.3067589517443324
wV8MFi,KrqKfz,load,hdl,Weighted mode,345,0.016470268046973047,0.05505000392564562,0.7649777273747616
wV8MFi,KrqKfz,load,hdl,MR Egger,345,-0.20636324107663426,0.15646055927047053,0.18806658666087364
