id.exposure,id.outcome,outcome,exposure,method,nsnp,b,se,pval
zjvXwR,h9iJaj,load,hdl,Inverse variance weighted (fixed effects),346,-0.09666515816326395,0.026941705524519945,3.333040345094555e-4
zjvXwR,h9iJaj,load,hdl,Weighted median,346,0.051249675568127685,0.04887173905553913,0.29433615941523006
zjvXwR,h9iJaj,load,hdl,Weighted mode,346,0.019408961362781696,0.052468524757008306,0.7116718450030077
zjvXwR,h9iJaj,load,hdl,MR Egger,346,-0.2096890945476564,0.15582082620721938,0.1792834589147481
