target_snp,proxy_snp,ld.r2,Dprime,PHASE,X12,CHR,POS,Effect_allele.proxy,Non_Effect_allele.proxy,EAF,Beta,SE,P,r2,N,ref,ref.proxy,alt,alt.proxy,Effect_allele,Non_Effect_allele,proxy.outcome
rs9257681,rs3117143,0.955831,1,GA/CC,NA,6,29031142,A,C,0.0776255,-0.01269,0.007149,0.07609,2.306029922766183e-5,3114,G,A,C,C,G,C,TRUE
rs1233393,rs1235162,0.955898,0.984994,GG/CA,NA,6,29537224,G,A,0.0843548,-0.01772,0.006811,0.009302,4.8505887361234185e-5,3115,G,G,C,A,G,C,TRUE
rs28986310,rs115938232,0.959076,0.979324,TG/CA,NA,6,29725013,G,A,0.0482445,0.01436,0.009109,0.1151,1.893703929961472e-5,2725,T,G,C,A,T,C,TRUE
rs2523734,rs2257914,0.874509,0.939173,CA/AC,NA,6,30120563,A,C,0.117709,-0.003583,0.005772,0.5348,2.666521755209371e-6,3115,C,A,A,C,C,A,TRUE
rs3130116,rs3130350,0.959436,0.98622,CT/TG,NA,6,30327839,T,G,0.0908685,-0.01082,0.006555,0.09883,1.9343033408607984e-5,3115,C,T,T,G,C,T,TRUE
rs17476793,rs28780106,1,1,CA/GG,NA,6,30451515,A,G,0.0678164,0.004101,0.008057,0.6108,2.1264037234000496e-6,2909,C,A,G,G,C,G,TRUE
rs2284174,rs3095329,0.932306,0.972203,CG/TA,NA,6,30693816,G,A,0.229181,-0.004564,0.004946,0.3562,7.359567422654036e-6,3115,C,G,T,A,C,T,TRUE
rs1634726,rs3130544,0.894472,0.985574,AA/GC,NA,6,31058340,A,C,0.103188,-0.01437,0.00629,0.02244,3.821854398946074e-5,3115,A,A,G,C,A,G,TRUE
rs2596505,rs2442727,0.991346,1,TA/CG,NA,6,31319667,A,G,0.146135,-0.006758,0.005644,0.2313,1.1397505923874183e-5,3092,T,A,C,G,T,C,TRUE
rs10501696,rs10765820,0.988092,0.996007,AA/GG,NA,11,88734123,A,G,0.48629500000000003,-1.024e-4,0.0041,0.9801,5.238940981788671e-9,3084,A,A,G,G,A,G,TRUE
rs11961509,NA,NA,NA,NA,NA,NA,NA,NA,NA,NA,NA,NA,NA,NA,NA,NA,NA,NA,NA,NA,NA,NA
rs28541419,NA,NA,NA,NA,NA,NA,NA,NA,NA,NA,NA,NA,NA,NA,NA,NA,NA,NA,NA,NA,NA,NA
