id.exposure,id.outcome,outcome,exposure,method,nsnp,b,se,pval
8CGvqE,JS7qOc,ptau,hdl,Inverse variance weighted (fixed effects),226,-0.007711145568767593,0.010075130939173253,0.44405464326484506
8CGvqE,JS7qOc,ptau,hdl,Weighted median,226,-0.0026234948787601108,0.01754577687717411,0.8811410661946574
8CGvqE,JS7qOc,ptau,hdl,Weighted mode,226,-0.0116026502971045,0.02140368929598575,0.5882953929421268
8CGvqE,JS7qOc,ptau,hdl,MR Egger,226,-0.02232252905870533,0.024949875960294476,0.3719104993559261
