id.exposure,id.outcome,outcome,exposure,method,nsnp,b,se,pval
KJrtuU,pF0Q0w,ptau,hdl,Inverse variance weighted (fixed effects),322,-0.008489391047803094,0.009655047135391281,0.37925502411898687
KJrtuU,pF0Q0w,ptau,hdl,Weighted median,322,-0.0021411709024482437,0.01719762699815142,0.9009163462415644
KJrtuU,pF0Q0w,ptau,hdl,Weighted mode,322,-0.00873637855531384,0.02091763859350744,0.6764778231901905
KJrtuU,pF0Q0w,ptau,hdl,MR Egger,322,-0.01053705463073907,0.021049532807086362,0.6170081909450791
