id.exposure,id.outcome,outcome,exposure,method,nsnp,b,se,pval
KJrtuU,pF0Q0w,ptau,hdl,Inverse variance weighted (fixed effects),323,-0.011502242584984,0.009624894848281978,0.2320670085287872
KJrtuU,pF0Q0w,ptau,hdl,Weighted median,323,-0.0029255469663588725,0.017430712960872542,0.8667102319694359
KJrtuU,pF0Q0w,ptau,hdl,Weighted mode,323,-0.008616312657458991,0.02069439081049649,0.6774241171669082
KJrtuU,pF0Q0w,ptau,hdl,MR Egger,323,-0.01741556023390894,0.021277405469416907,0.41367883442094
