id.exposure,id.outcome,outcome,exposure,method,nsnp,b,se,pval
Xg050Q,4xjmlx,ptau,hdl,Inverse variance weighted (fixed effects),323,-0.011502242584984,0.009624894848281978,0.2320670085287872
Xg050Q,4xjmlx,ptau,hdl,Weighted median,323,-0.0029255469663588725,0.016389104580549818,0.8583259227167181
Xg050Q,4xjmlx,ptau,hdl,Weighted mode,323,-0.008616312657458991,0.021927572245456033,0.6946206958044328
Xg050Q,4xjmlx,ptau,hdl,MR Egger,323,-0.01741556023390894,0.021277405469416907,0.41367883442094
