id.exposure,id.outcome,outcome,exposure,method,nsnp,b,se,pval
8ZCm4r,eoqWuC,ptau,hdl,Inverse variance weighted (fixed effects),337,-0.01448004648530093,0.009434942012371402,0.12485125926847629
8ZCm4r,eoqWuC,ptau,hdl,Weighted median,337,-0.00401194098021738,0.01672393480678118,0.8104138525462719
8ZCm4r,eoqWuC,ptau,hdl,Weighted mode,337,-0.013726823980533265,0.02029932522171613,0.4993657251170358
8ZCm4r,eoqWuC,ptau,hdl,MR Egger,337,-0.016338146648037392,0.021037912931895345,0.43793988400337003
