id.exposure,id.outcome,outcome,exposure,method,nsnp,b,se,pval
3cT9qh,Z0CeXt,ptau,hdl,Inverse variance weighted (fixed effects),227,-0.010995338183088697,0.010040883467710492,0.27349173283670797
3cT9qh,Z0CeXt,ptau,hdl,Weighted median,227,-0.0028894998594743244,0.017068260704490315,0.8655678959387686
3cT9qh,Z0CeXt,ptau,hdl,Weighted mode,227,-0.011340931740934312,0.022621025220132856,0.6166165179786676
3cT9qh,Z0CeXt,ptau,hdl,MR Egger,227,-0.029645336144532044,0.025277153770913146,0.24211156883046306
