id.exposure,id.outcome,outcome,exposure,method,nsnp,b,se,pval
lHaoJR,qkE8vx,ptau,hdl,Inverse variance weighted (fixed effects),336,-0.011603603912479036,0.009463338861433253,0.2201370260145619
lHaoJR,qkE8vx,ptau,hdl,Weighted median,336,-0.003745935999503167,0.016128387181533234,0.8163381589662825
lHaoJR,qkE8vx,ptau,hdl,Weighted mode,336,-0.009449618147864935,0.022744043974940835,0.6780590304784064
lHaoJR,qkE8vx,ptau,hdl,MR Egger,336,-0.009674719794815679,0.02082671510907837,0.6425677802028561
