id.exposure,id.outcome,outcome,exposure,method,nsnp,b,se,pval
8ZCm4r,eoqWuC,ptau,hdl,Inverse variance weighted (fixed effects),337,-0.01448004648530093,0.009434942012371402,0.12485125926847629
8ZCm4r,eoqWuC,ptau,hdl,Weighted median,337,-0.00401194098021738,0.01616160398437511,0.8039494656312998
8ZCm4r,eoqWuC,ptau,hdl,Weighted mode,337,-0.013726823980533265,0.022116996442903648,0.5352533602124246
8ZCm4r,eoqWuC,ptau,hdl,MR Egger,337,-0.016338146648037392,0.021037912931895345,0.43793988400337003
