id.exposure,id.outcome,outcome,exposure,method,nsnp,b,se,pval
gQ39zX,WeGYsq,ptau,hdl,Inverse variance weighted (fixed effects),218,-0.005225068280800656,0.010266726778186177,0.6107997190358357
gQ39zX,WeGYsq,ptau,hdl,Weighted median,218,3.347457074455976e-4,0.017267001478663006,0.9845328267978475
gQ39zX,WeGYsq,ptau,hdl,Weighted mode,218,-0.011644453729704463,0.023014952008549635,0.6134041565211968
gQ39zX,WeGYsq,ptau,hdl,MR Egger,218,-0.022629517083361667,0.025085830188117334,0.36801723890202265
