id.exposure,id.outcome,outcome,exposure,method,nsnp,b,se,pval
3cT9qh,Z0CeXt,ptau,hdl,Inverse variance weighted (fixed effects),226,-0.0077111455687675886,0.010075130939173253,0.4440546432648454
3cT9qh,Z0CeXt,ptau,hdl,Weighted median,226,-0.0026234948787601108,0.01682528922701296,0.8760915931009177
3cT9qh,Z0CeXt,ptau,hdl,Weighted mode,226,-0.0116026502971045,0.021901218910582734,0.5967924489681891
3cT9qh,Z0CeXt,ptau,hdl,MR Egger,226,-0.02232252905870533,0.024949875960294476,0.3719104993559261
