id.exposure,id.outcome,outcome,exposure,method,nsnp,b,se,pval
VTCa4h,fDu9us,ptau,hdl,Inverse variance weighted (fixed effects),219,-0.008651985148161694,0.010230495178106999,0.39771710279567896
VTCa4h,fDu9us,ptau,hdl,Weighted median,219,-3.4152031664895933e-4,0.017567044929187252,0.9844893307305634
VTCa4h,fDu9us,ptau,hdl,Weighted mode,219,-0.01059849216266695,0.02317015483771076,0.647824722772868
VTCa4h,fDu9us,ptau,hdl,MR Egger,219,-0.030163300217997166,0.02543751884492492,0.23700599498601044
