id.exposure,id.outcome,outcome,exposure,method,nsnp,b,se,pval
K74cDQ,CF6hQD,ptau,bmi,Inverse variance weighted (fixed effects),1493,-0.00699252862747699,0.011108934756847318,0.5290539246080419
K74cDQ,CF6hQD,ptau,bmi,Weighted median,1493,-0.002456955947220117,0.01934195744125954,0.8989188192541177
K74cDQ,CF6hQD,ptau,bmi,Weighted mode,1493,0.00337634084779026,0.04515371517201254,0.9404042540721791
K74cDQ,CF6hQD,ptau,bmi,MR Egger,1493,0.07128308706931784,0.03461280650577392,0.03962515655464598
