id.exposure,id.outcome,outcome,exposure,method,nsnp,b,se,pval
DMnAZP,lrZsiK,ptau,bmi,Inverse variance weighted (fixed effects),3121,-0.006976613765720834,0.009008286044676612,0.4386551024945957
DMnAZP,lrZsiK,ptau,bmi,Weighted median,3121,-0.009956928497258441,0.015763564185662816,0.5276208650134327
DMnAZP,lrZsiK,ptau,bmi,Weighted mode,3121,-0.001220017955577024,0.04350721104922749,0.9776306529329928
DMnAZP,lrZsiK,ptau,bmi,MR Egger,3121,0.0429360250166854,0.027344371837972923,0.1164709394224927
