id.exposure,id.outcome,outcome,exposure,method,nsnp,b,se,pval
ocFBpD,sDWpb2,ptau,bmi,Inverse variance weighted (fixed effects),3018,-0.006344285151028795,0.009171374394330033,0.4890952374911659
ocFBpD,sDWpb2,ptau,bmi,Weighted median,3018,-0.004623496346198713,0.016041677609822287,0.7731800567942976
ocFBpD,sDWpb2,ptau,bmi,Weighted mode,3018,-0.0010807437346014304,0.0437719667052053,0.9803036114730204
ocFBpD,sDWpb2,ptau,bmi,MR Egger,3018,0.04313630442884378,0.027878579895619565,0.12189776060962507
