id.exposure,id.outcome,outcome,exposure,method,nsnp,b,se,pval
DMnAZP,lrZsiK,ptau,bmi,Inverse variance weighted (fixed effects),3119,-0.0029505406976787787,0.00901466909376505,0.7434376783698187
DMnAZP,lrZsiK,ptau,bmi,Weighted median,3119,-0.00994097476588211,0.016075777583360547,0.5363234261019515
DMnAZP,lrZsiK,ptau,bmi,Weighted mode,3119,-0.006319390085566923,0.041695522273033574,0.8795434727390636
DMnAZP,lrZsiK,ptau,bmi,MR Egger,3119,0.05638605947914447,0.026789401246551242,0.03538945630969859
