id.exposure,id.outcome,outcome,exposure,method,nsnp,b,se,pval
B2jD7t,zPIPiF,alcc,hips,Inverse variance weighted (fixed effects),12,1.5828082944821683e-4,6.676248589965921e-4,0.8125943468072452
B2jD7t,zPIPiF,alcc,hips,Weighted median,12,-4.187381549408643e-5,7.50637909370766e-4,0.955513636768886
B2jD7t,zPIPiF,alcc,hips,Weighted mode,12,-5.091370685065752e-5,6.985564461499373e-4,0.9432066908256465
B2jD7t,zPIPiF,alcc,hips,MR Egger,12,-3.5987668213774226e-4,8.437272200307157e-4,0.6787565015683503
