target_snp,proxy_snp,ld.r2,Dprime,PHASE,X12,CHR,POS,Effect_allele.proxy,Non_Effect_allele.proxy,EAF,Beta,SE,P,r2,N,ref,ref.proxy,alt,alt.proxy,Effect_allele,Non_Effect_allele,proxy.outcome
rs6835022,rs71606156,0.993836,1,TA/AG,NA,4,39361863,A,G,0.1979,6.3676,6.2585,0.3089,12.87229115357632,13163,T,A,A,G,T,A,TRUE
rs144502847,rs143475242,1,1,AT/TC,NA,4,98373818,T,C,0.006596,-23.5781,38.8439,0.5439,7.285412685753478,6957,A,T,T,C,A,T,TRUE
rs6951574,rs987053,0.848263,0.977967,CT/TG,NA,7,153476140,T,G,0.4868,-0.4418,5.8609,0.9399,0.09752560115060481,9305,C,T,T,G,C,T,TRUE
rs28601761,rs112875651,0.804853,0.941059,GA/CG,NA,8,126506694,A,G,0.4024,-5.4919,4.9751,0.2696,14.505870565461773,13163,G,A,C,G,G,C,TRUE
rs2049045,rs6265,0.962549,1,CT/GC,NA,11,27679916,T,C,0.2032,-5.4182,5.8029,0.3505,9.506334430029003,13163,C,T,G,C,C,G,TRUE
rs1123285,rs2274794,0.939305,0.982019,GT/CC,NA,14,57283934,T,C,0.3456,0.548,4.9295,0.9115,0.13583388966912002,13163,G,T,C,C,G,C,TRUE
rs79616692,rs11648570,0.969235,1,CC/GT,NA,16,72356964,C,T,0.1161,-14.0322,8.1004,0.08322,40.4126082912078,13163,C,C,G,T,C,G,TRUE
rs13332432,rs3794666,0.911587,0.97073,GT/CC,NA,16,85723042,T,C,0.281,-4.1851,5.1726,0.4185,7.077451226876781,13163,G,T,C,C,G,C,TRUE
rs17288033,NA,NA,NA,NA,NA,NA,NA,NA,NA,NA,NA,NA,NA,NA,NA,NA,NA,NA,NA,NA,NA,NA
rs55938136,NA,NA,NA,NA,NA,NA,NA,NA,NA,NA,NA,NA,NA,NA,NA,NA,NA,NA,NA,NA,NA,NA
rs76640332,NA,NA,NA,NA,NA,NA,NA,NA,NA,NA,NA,NA,NA,NA,NA,NA,NA,NA,NA,NA,NA,NA
