id.exposure,id.outcome,outcome,exposure,method,nsnp,b,se,pval
r89I8F,f9k7TM,mvpa,hipv2015,Inverse variance weighted (fixed effects),11,9.002004245851002e-6,2.6561559464116177e-5,0.734676789848348
r89I8F,f9k7TM,mvpa,hipv2015,Weighted median,11,3.0902295196369786e-5,3.741256163787292e-5,0.4088113806675727
r89I8F,f9k7TM,mvpa,hipv2015,Weighted mode,11,4.782404957650232e-5,4.9257501064047946e-5,0.35449615034653226
r89I8F,f9k7TM,mvpa,hipv2015,MR Egger,11,1.4408968878990353e-4,1.3214943148139843e-4,0.3038875174442155
