id.exposure,id.outcome,outcome,exposure,egger_intercept,se,pval
r89I8F,f9k7TM,mvpa,hipv2015,-0.004664286844901253,0.004224995181463262,0.29824468509457575
