id.exposure,id.outcome,outcome,exposure,method,nsnp,b,se,pval
r89I8F,f9k7TM,mvpa,hipv2015,Inverse variance weighted (fixed effects),10,4.285879650982474e-5,2.7631005042183725e-5,0.12087473304735498
r89I8F,f9k7TM,mvpa,hipv2015,Weighted median,10,3.6565646808700546e-5,3.8266937865774695e-5,0.33930393435923617
r89I8F,f9k7TM,mvpa,hipv2015,Weighted mode,10,5.623332832520696e-5,5.429995691563311e-5,0.3274095471945233
r89I8F,f9k7TM,mvpa,hipv2015,MR Egger,10,7.994704557952439e-5,1.0200216944782734e-4,0.455746907144463
