id.exposure,id.outcome,outcome,exposure,method,nsnp,b,se,pval
68FUnt,OnMqAV,ptau,mdd,Inverse variance weighted (fixed effects),34,0.009745809056759125,0.03128452427559438,0.7554040276526723
68FUnt,OnMqAV,ptau,mdd,Weighted median,34,-0.008775760903499798,0.04653449561315814,0.8504171965845977
68FUnt,OnMqAV,ptau,mdd,Weighted mode,34,-0.07877793599460725,0.10598461065828725,0.4625618245679759
68FUnt,OnMqAV,ptau,mdd,MR Egger,34,0.1618948234799965,0.17563011762872538,0.3635339086140813
