id.exposure,id.outcome,outcome,exposure,method,nsnp,b,se,pval
77qV3Y,SKhhgq,ptau,mdd,Inverse variance weighted (fixed effects),34,0.009745809056759125,0.03128452427559438,0.7554040276526723
77qV3Y,SKhhgq,ptau,mdd,Weighted median,34,-0.008775760903499798,0.04612039571776543,0.8490902006289595
77qV3Y,SKhhgq,ptau,mdd,Weighted mode,34,-0.07877793599460725,0.11129534267289037,0.48402184266407855
77qV3Y,SKhhgq,ptau,mdd,MR Egger,34,0.1618948234799965,0.17563011762872538,0.3635339086140813
