id.exposure,id.outcome,outcome,exposure,method,nsnp,b,se,pval
LDhK9f,rt3ehj,ptau,mdd,Inverse variance weighted (fixed effects),142,-0.010205437216807885,0.018076420577138343,0.57236505395778
LDhK9f,rt3ehj,ptau,mdd,Weighted median,142,-0.006183635537326887,0.02555157501425382,0.8087754814927225
LDhK9f,rt3ehj,ptau,mdd,Weighted mode,142,-0.02524572895696442,0.07944115749679964,0.7511132081919378
LDhK9f,rt3ehj,ptau,mdd,MR Egger,142,0.04807674864758338,0.09371107620963375,0.6087377637684617
