id.exposure,id.outcome,outcome,exposure,method,nsnp,b,se,pval
TiJNVj,OX4vJT,ptau,mdd,Inverse variance weighted (fixed effects),40,0.005617756770077229,0.0289165550454345,0.8459607482927411
TiJNVj,OX4vJT,ptau,mdd,Weighted median,40,-0.0050337077003775295,0.04194653950187402,0.9044808258566844
TiJNVj,OX4vJT,ptau,mdd,Weighted mode,40,-0.09914062190883915,0.10243337375096757,0.33908101403862034
TiJNVj,OX4vJT,ptau,mdd,MR Egger,40,0.21305765961400594,0.16829258829882726,0.21322128391084166
