target_snp,proxy_snp,ld.r2,Dprime,PHASE,X12,CHR,POS,Effect_allele.proxy,Non_Effect_allele.proxy,EAF,Beta,SE,P,r2,N,ref,ref.proxy,alt,alt.proxy,Effect_allele,Non_Effect_allele,proxy.outcome
rs13032049,rs13009169,0.90385,0.955366,GA/AG,NA,2,63405218,A,G,0.3011,0.1273,0.0929,0.1705,0.006820443238398201,4914,G,A,A,G,G,A,TRUE
rs6835022,rs71606156,0.993836,1,TA/AG,NA,4,39361863,A,G,0.1844,0.0121,0.1153,0.9167,4.40391441248e-5,4914,T,A,A,G,T,A,TRUE
rs144502847,rs138283763,1,1,AT/TC,NA,4,98394739,T,C,0.0156,-0.0305,0.515,0.9528,2.857102872e-5,4914,A,T,T,C,A,T,TRUE
rs150955800,rs138283763,0.856286,1,AT/TC,NA,4,98394739,T,C,0.0156,-0.0305,0.515,0.9528,2.857102872e-5,4914,A,T,T,C,A,T,TRUE
rs148960385,rs147825380,1,1,AC/GA,NA,4,100474179,A,C,0.9886,0.7639,0.6613,0.2481,0.013153110636856764,4914,A,C,G,A,G,A,TRUE
rs13127398,rs13126505,0.983084,1,AA/TG,NA,4,102865304,A,G,0.0863,-0.0327,0.1876,0.8616,1.686319731198e-4,4914,A,A,T,G,A,T,TRUE
rs28601761,rs112875651,0.804853,0.941059,GA/CG,NA,8,126506694,A,G,0.3811,-0.0806,0.0936,0.3893,0.0030644991888888,4914,G,A,C,G,G,C,TRUE
rs2049045,rs6265,0.962549,1,CT/GC,NA,11,27679916,T,C,0.1883,-0.1276,0.1158,0.2702,0.0049771096693472,4914,C,T,G,C,C,G,TRUE
rs34704785,rs12871346,1,1,CC/TT,NA,13,68100360,T,C,0.5272,-0.079,0.0889,0.3743,0.00311126531712,4914,C,C,T,T,T,C,TRUE
rs1123285,rs2274794,0.939305,0.982019,GT/CC,NA,14,57283934,T,C,0.3251,0.0013,0.0968,0.9896,7.416057662e-7,4914,G,T,C,C,G,C,TRUE
rs79616692,rs11648570,0.969235,1,CC/GT,NA,16,72356964,T,C,0.8918,0.0242,0.1474,0.8695,1.1302003993279997e-4,4914,C,C,G,T,G,C,TRUE
rs13332432,rs3794666,0.911587,0.97073,GT/CC,NA,16,85723042,T,C,0.278,-0.2283,0.1094,0.03696,0.020922993114480003,4914,G,T,C,C,G,C,TRUE
rs76640332,rs62062290,0.946138,1,AA/GC,NA,17,44099129,A,C,0.2118,-0.1433,0.111,0.1968,0.006856220286232801,4914,A,A,G,C,A,G,TRUE
rs538628,rs169201,1,1,CG/GA,NA,17,44790203,A,G,0.8024,0.1062,0.1123,0.344,0.0035764889651712,4914,C,G,G,A,G,C,TRUE
rs17288033,NA,NA,NA,NA,NA,NA,NA,NA,NA,NA,NA,NA,NA,NA,NA,NA,NA,NA,NA,NA,NA,NA
rs144198753,NA,NA,NA,NA,NA,NA,NA,NA,NA,NA,NA,NA,NA,NA,NA,NA,NA,NA,NA,NA,NA,NA
rs148382129,NA,NA,NA,NA,NA,NA,NA,NA,NA,NA,NA,NA,NA,NA,NA,NA,NA,NA,NA,NA,NA,NA
rs55938136,NA,NA,NA,NA,NA,NA,NA,NA,NA,NA,NA,NA,NA,NA,NA,NA,NA,NA,NA,NA,NA,NA
