SNP,rsID,ld.r2,Dprime,ref.proxy,alt.proxy,CHR,POS,Effect_allele.proxy,Non_Effect_allele.proxy,EAF,Beta,SE,P,r2,N,ref,alt,Effect_allele,Non_Effect_allele
rs11961509,NA,NA,NA,NA,NA,NA,NA,NA,NA,NA,NA,NA,NA,NA,NA,NA,NA,NA,NA
rs9257681,NA,NA,NA,NA,NA,NA,NA,NA,NA,NA,NA,NA,NA,NA,NA,NA,NA,NA,NA
rs1233393,rs1235162,0.96,0.98,A,G,6,29537224,G,A,0.0843548,-0.01772,0.006811,0.009302,4.8505887361234185e-5,3115,C,G,G,C
rs28986310,rs115938232,0.97,1,A,G,6,29725013,G,A,0.0482445,0.01436,0.009109,0.1151,1.893703929961472e-5,2725,C,T,T,C
rs2523734,rs2257914,0.93,0.98,C,A,6,30120563,A,C,0.117709,-0.003583,0.005772,0.5348,2.666521755209371e-6,3115,A,C,C,A
rs3130116,rs3130141,0.95,0.98,C,A,6,30432177,A,C,0.0974746,-0.01298,0.006395,0.04244,2.964355434012877e-5,2906,T,C,C,T
rs17476793,rs28780106,0.92,0.96,G,A,6,30451515,A,G,0.0678164,0.004101,0.008057,0.6108,2.1264037234000496e-6,2909,G,C,C,G
rs2284174,rs3095329,0.93,0.97,A,G,6,30693816,G,A,0.229181,-0.004564,0.004946,0.3562,7.359567422654036e-6,3115,T,C,C,T
rs1634726,NA,NA,NA,NA,NA,NA,NA,NA,NA,NA,NA,NA,NA,NA,NA,NA,NA,NA,NA
rs2596505,rs2442727,0.96,0.99,G,A,6,31319667,A,G,0.146135,-0.006758,0.005644,0.2313,1.1397505923874183e-5,3092,C,T,T,C
rs10501696,NA,NA,NA,NA,NA,NA,NA,NA,NA,NA,NA,NA,NA,NA,NA,NA,NA,NA,NA
rs28541419,NA,NA,NA,NA,NA,NA,NA,NA,NA,NA,NA,NA,NA,NA,NA,NA,NA,NA,NA
