target_snp,proxy_snp,ld.r2,Dprime,PHASE,X12,CHR,POS,Effect_allele.proxy,Non_Effect_allele.proxy,EAF,Beta,SE,P,r2,N,ref,ref.proxy,alt,alt.proxy,Effect_allele,Non_Effect_allele,proxy.outcome
rs17028896,rs1826908,0.916891,1,TC/AT,NA,4,100301244,T,C,0.8945,-0.1757,0.1389,0.2058,0.0058264808473550015,4914,T,C,A,T,A,T,TRUE
rs894368,rs12505678,1,1,AC/CT,NA,4,100300465,T,C,0.8751,0.0392,0.1385,0.7773,3.359094732672e-4,4914,A,C,C,T,C,A,TRUE
rs2006682,rs12551268,0.927862,0.979887,GA/CC,NA,9,6231318,A,C,0.2955,0.1114,0.0941,0.2368,0.00516700474062,4914,G,A,C,C,G,C,TRUE
rs13296886,rs67715198,1,1,GA/CG,NA,9,84329272,A,G,0.0982,-0.1181,0.1589,0.4571,0.0024703103026872,4914,G,A,C,G,G,C,TRUE
rs79171978,rs34066997,1,1,CT/GC,NA,12,17765655,T,C,0.1065,0.1285,0.149,0.3886,0.0031425371148749996,4914,C,T,G,C,C,G,TRUE
rs9571413,rs1337944,1,1,GA/CG,NA,13,34901406,A,G,0.0509,-0.0084,0.204,0.9671,6.817392892799999e-6,4914,G,A,C,G,G,C,TRUE
rs870089,rs2346463,1,1,GG/CA,NA,14,57886739,A,G,0.8657,-0.012,0.1316,0.9276,3.348389088e-5,4914,G,G,C,A,C,G,TRUE
rs78323057,NA,NA,NA,NA,NA,NA,NA,NA,NA,NA,NA,NA,NA,NA,NA,NA,NA,NA,NA,NA,NA,NA
rs147909804,NA,NA,NA,NA,NA,NA,NA,NA,NA,NA,NA,NA,NA,NA,NA,NA,NA,NA,NA,NA,NA,NA
rs187025437,NA,NA,NA,NA,NA,NA,NA,NA,NA,NA,NA,NA,NA,NA,NA,NA,NA,NA,NA,NA,NA,NA
