id.exposure,id.outcome,outcome,exposure,method,nsnp,b,se,pval
jcHeLu,r7R4gR,tc,aaos,Inverse variance weighted (fixed effects),13,0.25034382514787096,0.007898315418790157,1.7723018973515354e-220
jcHeLu,r7R4gR,tc,aaos,Weighted median,13,0.2578385614794965,0.012331485143109265,4.4377706414066427e-97
jcHeLu,r7R4gR,tc,aaos,Weighted mode,13,0.2545606063487876,0.012849055534383008,1.5576929719728097e-10
jcHeLu,r7R4gR,tc,aaos,MR Egger,13,0.27752006173656524,0.03347538272711434,4.647205876398003e-6
