id.exposure,id.outcome,outcome,exposure,method,nsnp,b,se,pval
KlBu1G,ndzwhZ,tc,aaos,Inverse variance weighted (fixed effects),14,0.23713852788146444,0.006270334126425094,0
KlBu1G,ndzwhZ,tc,aaos,Weighted median,14,0.2555310757258582,0.014463198689564126,7.440234939788101e-70
KlBu1G,ndzwhZ,tc,aaos,Weighted mode,14,0.24584036750453658,0.015055310747579508,4.822653227997496e-10
KlBu1G,ndzwhZ,tc,aaos,MR Egger,14,0.23720644487621226,0.04802217824865351,3.4236344908591883e-4
