id.exposure,id.outcome,outcome,exposure,method,nsnp,b,se,pval
KlBu1G,ndzwhZ,tc,aaos,Inverse variance weighted (fixed effects),13,0.24155433311428187,0.006356357500651664,0
KlBu1G,ndzwhZ,tc,aaos,Weighted median,13,0.25610222037988134,0.013271409343482749,5.660201341579605e-83
KlBu1G,ndzwhZ,tc,aaos,Weighted mode,13,0.24716371433600587,0.015238569390734539,1.5847649250393133e-9
KlBu1G,ndzwhZ,tc,aaos,MR Egger,13,0.22951948973671676,0.04852104154730224,6.190495652463832e-4
