id.exposure,id.outcome,outcome,exposure,method,nsnp,b,se,pval
PpJA3Z,BgxYek,tc,aaos,Inverse variance weighted (fixed effects),6,0.26413549877665554,0.00814114725154277,6.474748352367921e-231
PpJA3Z,BgxYek,tc,aaos,Weighted median,6,0.25856186320567576,0.012901773501149627,2.4283295800323e-89
PpJA3Z,BgxYek,tc,aaos,Weighted mode,6,0.25791972332851215,0.012082297833202105,4.182841542227144e-6
PpJA3Z,BgxYek,tc,aaos,MR Egger,6,0.25246756222988165,0.04344479016556451,0.0043637929925805135
