id.exposure,id.outcome,outcome,exposure,method,nsnp,b,se,pval
Vh62tl,PCKRjO,tc,aaos,Inverse variance weighted (fixed effects),28,0.21800867188356857,0.005980436721302364,6.024518648742888e-291
Vh62tl,PCKRjO,tc,aaos,Weighted median,28,0.24167483681699492,0.017714807854847938,2.2365736731064825e-42
Vh62tl,PCKRjO,tc,aaos,Weighted mode,28,0.24423988762491428,0.016180170665228196,1.1044552389435136e-14
Vh62tl,PCKRjO,tc,aaos,MR Egger,28,0.2679163692416821,0.033580293507996,1.8609191369188587e-8
