id.exposure,id.outcome,outcome,exposure,method,nsnp,b,se,pval
jcHeLu,r7R4gR,tc,aaos,Inverse variance weighted (fixed effects),16,0.23747478368168268,0.007650653746032508,1.5662407121542958e-211
jcHeLu,r7R4gR,tc,aaos,Weighted median,16,0.2569365754485911,0.013826436050230947,4.4119178133272555e-77
jcHeLu,r7R4gR,tc,aaos,Weighted mode,16,0.2537307704824829,0.01278099306260813,3.5131095456730565e-12
jcHeLu,r7R4gR,tc,aaos,MR Egger,16,0.28293984350037554,0.03306526220796904,6.202350291788148e-7
