id.exposure,id.outcome,outcome,exposure,method,nsnp,b,se,pval
PpJA3Z,BgxYek,tc,aaos,Inverse variance weighted (fixed effects),7,0.25603534838761927,0.007962715711066251,7.696945023169424e-227
PpJA3Z,BgxYek,tc,aaos,Weighted median,7,0.2579907185516526,0.012423811157030182,8.819530557165743e-96
PpJA3Z,BgxYek,tc,aaos,Weighted mode,7,0.2582923109372052,0.011692496580837668,5.625287375164659e-7
PpJA3Z,BgxYek,tc,aaos,MR Egger,7,0.26294766564264327,0.046394664340139447,0.0023787694214600684
