id.exposure,id.outcome,outcome,exposure,method,nsnp,b,se,pval
Vh62tl,PCKRjO,tc,aaos,Inverse variance weighted (fixed effects),30,0.21349447670024357,0.00593037115109208,8.308762093724323e-284
Vh62tl,PCKRjO,tc,aaos,Weighted median,30,0.23673868533383194,0.018258174555880965,1.9029204239197514e-38
Vh62tl,PCKRjO,tc,aaos,Weighted mode,30,0.24478523590043277,0.015663279468893634,1.160765509284159e-15
Vh62tl,PCKRjO,tc,aaos,MR Egger,30,0.27325597756439846,0.032767012818556124,4.504447503030193e-9
