id.exposure,id.outcome,outcome,exposure,method,nsnp,b,se,pval
Nbp7iJ,QAnFC1,bmi,aaos,Inverse variance weighted (fixed effects),6,-0.04442293497725292,0.003703774032348502,3.8216567040961615e-33
Nbp7iJ,QAnFC1,bmi,aaos,Weighted median,6,-0.04416028311914868,0.0045238045396683284,1.642830992723958e-22
Nbp7iJ,QAnFC1,bmi,aaos,Weighted mode,6,-0.044524591310081366,0.004620990036216727,2.0423061691479249e-4
Nbp7iJ,QAnFC1,bmi,aaos,MR Egger,6,-0.04598666039969192,0.009651179301485019,0.008873379880515567
