id.exposure,id.outcome,outcome,exposure,method,nsnp,b,se,pval
jzDCgD,M20TRP,bmi,aaos,Inverse variance weighted (fixed effects),20,-0.02574373838944426,0.003160851531774116,3.8067009976565143e-16
jzDCgD,M20TRP,bmi,aaos,Weighted median,20,-0.0424907182924719,0.004831213831010464,1.4299718903761896e-18
jzDCgD,M20TRP,bmi,aaos,Weighted mode,20,-0.04143057485086141,0.004748340834220731,4.5115653291821846e-8
jzDCgD,M20TRP,bmi,aaos,MR Egger,20,-0.04512872555028759,0.012311385383106015,0.0017690803592053076
