id.exposure,id.outcome,outcome,exposure,method,nsnp,b,se,pval
BnMn7p,4xMt7s,bmi,aaos,Inverse variance weighted (fixed effects),29,-0.018830250420865943,0.002488980736069741,3.865347925652171e-14
BnMn7p,4xMt7s,bmi,aaos,Weighted median,29,-0.018052316571720444,0.006583255103503132,0.006103723027057029
BnMn7p,4xMt7s,bmi,aaos,Weighted mode,29,-0.02799784319930068,0.006083962481324615,8.230348856495317e-5
BnMn7p,4xMt7s,bmi,aaos,MR Egger,29,-0.04130318175977619,0.009072008018641609,1.0127558942585325e-4
