id.exposure,id.outcome,outcome,exposure,egger_intercept,se,pval
BnMn7p,4xMt7s,bmi,aaos,0.003910132492231955,0.0015471682504371274,0.01699958364847369
