id.exposure,id.outcome,outcome,exposure,method,nsnp,b,se,pval
Nbp7iJ,QAnFC1,bmi,aaos,Inverse variance weighted (fixed effects),6,-0.04442293497725292,0.003703774032348502,3.8216567040961615e-33
Nbp7iJ,QAnFC1,bmi,aaos,Weighted median,6,-0.04416028311914868,0.004406534825232898,1.225727887967399e-23
Nbp7iJ,QAnFC1,bmi,aaos,Weighted mode,6,-0.044524591310081366,0.0045187063231034615,1.8348650678017575e-4
Nbp7iJ,QAnFC1,bmi,aaos,MR Egger,6,-0.04598666039969192,0.009651179301485019,0.008873379880515567
