id.exposure,id.outcome,outcome,exposure,egger_intercept,se,pval
jzDCgD,M20TRP,bmi,aaos,0.004113058038095486,0.0019467086616958983,0.048846000886728524
