id.exposure,id.outcome,outcome,exposure,method,nsnp,b,se,pval
v9fUBq,1b2aDR,insom,ptau,Inverse variance weighted (fixed effects),6,-0.22097520349283514,0.13213811231025777,0.09446422763625602
v9fUBq,1b2aDR,insom,ptau,Weighted median,6,-0.14883037220118872,0.19483449734105557,0.4449381562719396
v9fUBq,1b2aDR,insom,ptau,Weighted mode,6,-0.5661640948728079,0.3176592746862415,0.13479505065706085
v9fUBq,1b2aDR,insom,ptau,MR Egger,6,-0.6350575258987926,0.5459527372039514,0.30940542772382784
