id.exposure,id.outcome,outcome,exposure,method,nsnp,b,se,pval
ZD6Q6a,ZvJH8p,insom,ptau,Inverse variance weighted (fixed effects),16,-0.20410120822008032,0.09692986539868197,0.035234015267693805
ZD6Q6a,ZvJH8p,insom,ptau,Weighted median,16,-0.19896659809647133,0.14153536208301684,0.15979152616229259
ZD6Q6a,ZvJH8p,insom,ptau,Weighted mode,16,-0.13929101265689237,0.3056440802242715,0.6551124043504778
ZD6Q6a,ZvJH8p,insom,ptau,MR Egger,16,-0.2551059114202356,0.2646307147422927,0.35139942335830854
