SNP,rsID,ld.r2,Dprime,ref.proxy,alt.proxy,CHR,POS,Effect_allele.proxy,Non_Effect_allele.proxy,EAF,Beta,SE,P,r2,N,ref,alt,Effect_allele,Non_Effect_allele
rs10800664,rs4915403,0.99,1,G,A,1,199966562,A,G,0.4697,0.0012,0.0052,0.8118,7.173559007999999e-7,89861,C,T,T,C
rs35055419,rs1158947,0.97,1,G,A,3,190660837,A,G,0.3879,0.0036,0.0055,0.7354,6.1542786527999995e-6,89888,T,C,C,T
rs13255475,rs13272518,0.99,1,T,G,8,121475108,G,T,0.6847,0.0108,0.0056,0.1501,5.0361865084800006e-5,89699,T,C,C,T
rs584007,rs439401,0.99,1,T,C,19,45414451,C,T,0.6201,0.0301,0.0042,1.044e-12,4.2686840539979995e-4,148417,A,G,G,A
