id.exposure,id.outcome,outcome,exposure,method,nsnp,b,se,pval
vzgwe4,pxhwzd,hipv2015,mdd,Inverse variance weighted (fixed effects),44,45.54996053103563,24.13981886864342,0.05917078842758002
vzgwe4,pxhwzd,hipv2015,mdd,Weighted median,44,56.9232965447718,33.53012592018693,0.08956889332977261
vzgwe4,pxhwzd,hipv2015,mdd,Weighted mode,44,54.69370377182452,66.09297937234157,0.4125077289697737
vzgwe4,pxhwzd,hipv2015,mdd,MR Egger,44,-18.691992171441957,143.2353187339962,0.8967951043670224
