id.exposure,id.outcome,outcome,exposure,method,nsnp,b,se,pval
wIdRZJ,zP3LPd,hipv2015,mdd,Inverse variance weighted (fixed effects),43,45.093361943642535,24.4028491898717,0.06462074217229914
wIdRZJ,zP3LPd,hipv2015,mdd,Weighted median,43,55.33675391732601,33.49662526039522,0.09853254869586528
wIdRZJ,zP3LPd,hipv2015,mdd,Weighted mode,43,52.65391435197694,59.528571079886625,0.3814540041080434
wIdRZJ,zP3LPd,hipv2015,mdd,MR Egger,43,-21.841283319452398,144.36266354851207,0.8804853510783988
