id.exposure,id.outcome,outcome,exposure,method,nsnp,b,se,pval
B4xshC,hSdmNw,hipv2015,mdd,Inverse variance weighted (fixed effects),165,22.14559673368472,14.427534384629595,0.12479521079341266
B4xshC,hSdmNw,hipv2015,mdd,Weighted median,165,31.23460698015204,21.08170542166242,0.13844736235364255
B4xshC,hSdmNw,hipv2015,mdd,Weighted mode,165,41.14926643835895,54.10155003757266,0.44799227003144937
B4xshC,hSdmNw,hipv2015,mdd,MR Egger,165,59.29281938404861,76.95948912119144,0.44215300839402816
