id.exposure,id.outcome,outcome,exposure,method,nsnp,b,se,pval
8hNSrX,KovnzY,hipv2015,mdd,Inverse variance weighted (fixed effects),165,22.14559673368472,14.427534384629595,0.12479521079341266
8hNSrX,KovnzY,hipv2015,mdd,Weighted median,165,31.23460698015204,20.955311710531802,0.1360838534733893
8hNSrX,KovnzY,hipv2015,mdd,Weighted mode,165,41.14926643835895,52.273680684154996,0.4323073715155459
8hNSrX,KovnzY,hipv2015,mdd,MR Egger,165,59.29281938404861,76.95948912119144,0.44215300839402816
