id.exposure,id.outcome,outcome,exposure,method,nsnp,b,se,pval
qZYLBE,pi8V8y,hipv2015,mdd,Inverse variance weighted (fixed effects),43,45.093361943642535,24.4028491898717,0.06462074217229914
qZYLBE,pi8V8y,hipv2015,mdd,Weighted median,43,55.33675391732601,32.9927389473582,0.0934954863400472
qZYLBE,pi8V8y,hipv2015,mdd,Weighted mode,43,52.65391435197694,64.02482732784422,0.4154949352134686
qZYLBE,pi8V8y,hipv2015,mdd,MR Egger,43,-21.841283319452398,144.36266354851207,0.8804853510783988
