query_snp_rsid,rsID,ld.r2,Dprime,ref.proxy,alt.proxy,CHR,POS,Effect_allele.proxy,Non_Effect_allele.proxy,EAF,Beta,SE,P,r2,N,ref,alt,Effect_allele,Non_Effect_allele
rs10814041,rs1769723,0.91,-0.99,T,C,9,33731379,T,C,0.2749,-0.002283,0.002975,0.4429,2.07785129649822e-6,112176,G,C,G,C
rs12910825,NA,NA,NA,NA,NA,NA,NA,NA,NA,NA,NA,NA,NA,NA,NA,NA,NA,NA,NA
rs12945601,NA,NA,NA,NA,NA,NA,NA,NA,NA,NA,NA,NA,NA,NA,NA,NA,NA,NA,NA
rs17411031,rs1372344,0.99,1,A,T,8,19852939,T,A,0.2602,-9.34e-4,0.002983,0.7542,3.3585001136352004e-7,111441,C,G,G,C
rs1758632,rs1785506,0.98,0.99,C,T,9,34017106,C,T,0.3778,-0.003227,0.002975,0.2781,4.895757375215279e-6,112176,C,G,C,G
rs1899951,rs17036326,1,1,A,G,3,12389313,G,A,0.1207,-0.002162,0.002974,0.4673,9.9216914765688e-7,112176,C,T,T,C
rs576674,rs56252704,0.84,-0.98,G,A,13,33556228,A,G,0.1595,9.415e-5,0.002993,0.9749,2.37667090458875e-9,110717,G,A,A,G
rs849135,rs12531540,0.85,0.95,C,T,7,28162674,T,C,0.4955,-0.001561,0.002982,0.6007,1.2182618127995e-6,111534,G,A,A,G
