id.exposure,id.outcome,outcome,exposure,method,nsnp,b,se,pval
jNxWTU,fFW22y,alcc,aaos,Inverse variance weighted (fixed effects),48,-0.0037315653283162002,0.0010881056952510286,6.048852256684748e-4
jNxWTU,fFW22y,alcc,aaos,Weighted median,48,-0.004845742525481855,0.001530867216807167,0.0015489233771910913
jNxWTU,fFW22y,alcc,aaos,Weighted mode,48,-0.004335678239310942,0.0012805559212430114,0.0014418987971391874
jNxWTU,fFW22y,alcc,aaos,MR Egger,48,-0.0051258803044120374,0.0016242174396421613,0.002821040864810717
