id.exposure,id.outcome,outcome,exposure,method,nsnp,b,se,pval
SRjw09,N5FIlz,alcc,aaos,Inverse variance weighted (fixed effects),10,-0.004387396335999548,0.0033483183530930703,0.19008479361479988
SRjw09,N5FIlz,alcc,aaos,Weighted median,10,-0.004612355939034566,0.004029194843671089,0.2523194028729627
SRjw09,N5FIlz,alcc,aaos,Weighted mode,10,-0.004889762511049708,0.0038262374817010355,0.23324018776781721
SRjw09,N5FIlz,alcc,aaos,MR Egger,10,-0.002891131315169016,0.005133585795718393,0.5887444430292204
