id.exposure,id.outcome,outcome,exposure,method,nsnp,b,se,pval
SRjw09,N5FIlz,alcc,aaos,Inverse variance weighted (fixed effects),10,-0.004387396335999548,0.0033483183530930703,0.19008479361479988
SRjw09,N5FIlz,alcc,aaos,Weighted median,10,-0.004612355939034566,0.004071596602481193,0.2572929584409276
SRjw09,N5FIlz,alcc,aaos,Weighted mode,10,-0.004889762511049708,0.004058906221633703,0.25904141291447924
SRjw09,N5FIlz,alcc,aaos,MR Egger,10,-0.002891131315169016,0.005133585795718393,0.5887444430292204
