id.exposure,id.outcome,outcome,exposure,method,nsnp,b,se,pval
B4FlwN,3OoXBR,sleep,hipv,Inverse variance weighted (fixed effects),28,-0.025166687819096433,0.01590061580741725,0.11347862700626538
B4FlwN,3OoXBR,sleep,hipv,Weighted median,28,-0.010460698539366885,0.02270196968967417,0.6449537673220357
B4FlwN,3OoXBR,sleep,hipv,Weighted mode,28,-0.007646862461897108,0.032713105035506486,0.8169382539147407
B4FlwN,3OoXBR,sleep,hipv,MR Egger,28,-0.0353684569467165,0.049022131147652005,0.4770530975913324
