id.exposure,id.outcome,outcome,exposure,method,nsnp,b,se,pval
011qqu,zPBiRG,sleep,hipv,Inverse variance weighted (fixed effects),9,0.0033832831592066743,0.022039915919198478,0.8779984066262599
011qqu,zPBiRG,sleep,hipv,Weighted median,9,-0.005910316307813754,0.026483030841536803,0.8234003104893828
011qqu,zPBiRG,sleep,hipv,Weighted mode,9,-0.007926402037845295,0.04252497835503064,0.8567756140677197
011qqu,zPBiRG,sleep,hipv,MR Egger,9,0.018294315054446578,0.06458414069527219,0.7851691723042069
