id.exposure,id.outcome,outcome,exposure,method,nsnp,b,se,pval
B4FlwN,3OoXBR,sleep,hipv,Inverse variance weighted (fixed effects),28,-0.025166687819096433,0.01590061580741725,0.11347862700626538
B4FlwN,3OoXBR,sleep,hipv,Weighted median,28,-0.010460698539366885,0.02353386543628477,0.6566843430367123
B4FlwN,3OoXBR,sleep,hipv,Weighted mode,28,-0.007646862461897108,0.03255439149030029,0.8160625981530256
B4FlwN,3OoXBR,sleep,hipv,MR Egger,28,-0.0353684569467165,0.049022131147652005,0.4770530975913324
