id.exposure,id.outcome,outcome,exposure,method,nsnp,b,se,pval
jUw5ES,X8eFSa,sleep,hipv,Inverse variance weighted (fixed effects),28,-0.025166687819096433,0.01590061580741725,0.11347862700626538
jUw5ES,X8eFSa,sleep,hipv,Weighted median,28,-0.010460698539366885,0.023426706186236764,0.655215328018276
jUw5ES,X8eFSa,sleep,hipv,Weighted mode,28,-0.007646862461897108,0.032838221568225016,0.8176227496766988
jUw5ES,X8eFSa,sleep,hipv,MR Egger,28,-0.0353684569467165,0.049022131147652005,0.4770530975913324
