target_snp,proxy_snp,ld.r2,Dprime,PHASE,X12,CHR,POS,Effect_allele.proxy,Non_Effect_allele.proxy,EAF,Beta,SE,P,r2,N,ref,ref.proxy,alt,alt.proxy,Effect_allele,Non_Effect_allele,proxy.outcome
rs10888896,rs6681159,0.985306,0.995066,GC/CT,NA,1,55507882,T,C,0.7355,-0.0487,0.1107,0.6601,9.22775959355e-4,4914,G,C,C,T,C,G,TRUE
rs1010167,rs11101980,0.963176,0.983435,GG/CT,NA,1,110193645,T,G,0.6017,-0.0796,0.0961,0.4075,0.0030370115881952,4914,G,G,C,T,C,G,TRUE
rs17563312,rs56080648,1,1,TG/AA,NA,5,74798065,A,G,0.9371,0.0521,0.2019,0.7963,3.199941402637998e-4,4914,T,G,A,A,A,T,TRUE
rs3125055,rs3125060,1,1,AA/TG,NA,6,160711018,A,G,0.1295,-0.169,0.1372,0.2179,0.006439348779500001,4914,A,A,T,G,A,T,TRUE
rs9987289,rs4841133,1,1,AA/GG,NA,8,9183664,A,G,0.0861,-0.0524,0.165,0.7505,4.321100810208001e-4,4914,A,A,G,G,A,G,TRUE
rs2954029,rs2980860,0.99599,1,TG/AA,NA,8,126485337,A,G,0.5369,0.0533,0.0889,0.5486,0.0014127086315341999,4914,T,G,A,A,A,T,TRUE
rs8180991,rs55921265,1,1,GA/CG,NA,8,126503915,A,G,0.2158,-0.0341,0.1084,0.7533,3.9356550982319995e-4,4914,G,A,C,G,G,C,TRUE
rs11230815,rs6591661,1,1,GC/CT,NA,11,61635689,T,C,0.8804,0.0767,0.1441,0.5945,0.0012388876883552005,4914,G,C,C,T,C,G,TRUE
rs2738464,rs7258950,1,1,GA/CG,NA,19,11250139,A,G,0.1167,-0.023,0.1389,0.8685,1.0905981437999997e-4,4914,G,A,C,G,G,C,TRUE
rs3810444,rs80341032,1,1,AA/TG,NA,19,19207229,A,G,0.0453,0.4272,0.2509,0.08861,0.0157854733106688,4914,A,A,T,G,A,T,TRUE
rs2965156,rs2965155,0.945466,0.995866,GT/CC,NA,19,45188471,T,C,0.5011,0.0243,0.0866,0.7788,2.9524357101419995e-4,4914,G,T,C,C,G,C,TRUE
rs4803763,rs4803764,0.969803,0.989784,CC/GT,NA,19,45357377,T,C,0.6631,-0.0466,0.1043,0.6554,9.702460155768002e-4,4914,C,C,G,T,G,C,TRUE
rs8108762,rs12977416,0.936312,0.995137,AT/GC,NA,19,45597737,T,C,0.3133,0.0114,0.097,0.9068,5.59199971512e-5,4914,A,T,G,C,A,G,TRUE
rs11591147,NA,NA,NA,NA,NA,NA,NA,NA,NA,NA,NA,NA,NA,NA,NA,NA,NA,NA,NA,NA,NA,NA
rs11583974,NA,NA,NA,NA,NA,NA,NA,NA,NA,NA,NA,NA,NA,NA,NA,NA,NA,NA,NA,NA,NA,NA
rs1998013,NA,NA,NA,NA,NA,NA,NA,NA,NA,NA,NA,NA,NA,NA,NA,NA,NA,NA,NA,NA,NA,NA
rs648673,NA,NA,NA,NA,NA,NA,NA,NA,NA,NA,NA,NA,NA,NA,NA,NA,NA,NA,NA,NA,NA,NA
rs1800478,NA,NA,NA,NA,NA,NA,NA,NA,NA,NA,NA,NA,NA,NA,NA,NA,NA,NA,NA,NA,NA,NA
rs12720796,NA,NA,NA,NA,NA,NA,NA,NA,NA,NA,NA,NA,NA,NA,NA,NA,NA,NA,NA,NA,NA,NA
rs964184,NA,NA,NA,NA,NA,NA,NA,NA,NA,NA,NA,NA,NA,NA,NA,NA,NA,NA,NA,NA,NA,NA
rs35136575,NA,NA,NA,NA,NA,NA,NA,NA,NA,NA,NA,NA,NA,NA,NA,NA,NA,NA,NA,NA,NA,NA
