id.exposure,id.outcome,outcome,exposure,egger_intercept,se,pval
UhWten,7m1Amp,hipv,diab,0.0025625124363206526,0.0021366877081921446,0.23194821862950485
