id.exposure,id.outcome,outcome,exposure,egger_intercept,se,pval
iIOvJP,448a7Q,hipv,diab,0.003350258300497131,0.0014355465240087012,0.020067942234293232
