id.exposure,id.outcome,outcome,exposure,method,nsnp,b,se,pval
iIOvJP,448a7Q,hipv,diab,Inverse variance weighted (fixed effects),431,0.0027845467647367545,0.008678777078452042,0.7483274598018342
iIOvJP,448a7Q,hipv,diab,Weighted median,431,-0.0098181137110716,0.014001928812615718,0.4831799377046911
iIOvJP,448a7Q,hipv,diab,Weighted mode,431,-0.03957549764139445,0.02455656692068788,0.10778153470708325
iIOvJP,448a7Q,hipv,diab,MR Egger,431,-0.05171967094311174,0.02537678683924835,0.04215578535292294
