id.exposure,id.outcome,outcome,exposure,method,nsnp,b,se,pval
UhWten,7m1Amp,hipv,diab,Inverse variance weighted (fixed effects),187,0.0030157341718130806,0.010757887304711939,0.7792260747049953
UhWten,7m1Amp,hipv,diab,Weighted median,187,-0.028561341856509343,0.017535915919489935,0.10336934936556297
UhWten,7m1Amp,hipv,diab,Weighted mode,187,-0.036539182122871994,0.02827477431600382,0.19786024115959125
UhWten,7m1Amp,hipv,diab,MR Egger,187,-0.03130769476162806,0.031360463110907365,0.3194294749435441
