id.exposure,id.outcome,outcome,exposure,method,nsnp,b,se,pval
iIOvJP,448a7Q,hipv,diab,Inverse variance weighted (fixed effects),431,0.0027845467647367545,0.008678777078452042,0.7483274598018342
iIOvJP,448a7Q,hipv,diab,Weighted median,431,-0.0098181137110716,0.0146757861004743,0.5034949211668458
iIOvJP,448a7Q,hipv,diab,Weighted mode,431,-0.03957549764139445,0.024950094258179508,0.11343212351157456
iIOvJP,448a7Q,hipv,diab,MR Egger,431,-0.05171967094311174,0.02537678683924835,0.04215578535292294
