id.exposure,id.outcome,outcome,exposure,method,nsnp,b,se,pval
Rwwfun,eIZPET,hipv,diab,Inverse variance weighted (fixed effects),187,0.0030157341718130832,0.01075788730471194,0.7792260747049952
Rwwfun,eIZPET,hipv,diab,Weighted median,187,-0.028561341856509343,0.01751928206093654,0.10304225180889674
Rwwfun,eIZPET,hipv,diab,Weighted mode,187,-0.036539182122871994,0.026925833995361217,0.176415975696662
Rwwfun,eIZPET,hipv,diab,MR Egger,187,-0.03130769476162807,0.031360463110907365,0.31942947494354396
