id.exposure,id.outcome,outcome,exposure,method,nsnp,b,se,pval
UhWten,7m1Amp,hipv,diab,Inverse variance weighted (fixed effects),187,0.0030157341718130806,0.010757887304711939,0.7792260747049953
UhWten,7m1Amp,hipv,diab,Weighted median,187,-0.028561341856509343,0.018012702767124692,0.1128250313056694
UhWten,7m1Amp,hipv,diab,Weighted mode,187,-0.036539182122871994,0.028456036917942264,0.20071906762236036
UhWten,7m1Amp,hipv,diab,MR Egger,187,-0.03130769476162806,0.031360463110907365,0.3194294749435441
