target_snp,proxy_snp,ld.r2,Dprime,PHASE,X12,CHR,POS,Effect_allele.proxy,Non_Effect_allele.proxy,EAF,Beta,SE,P,r2,N,ref,ref.proxy,alt,alt.proxy,Effect_allele,Non_Effect_allele,proxy.outcome
rs67474621,rs1486096,0.937188,0.98363,TA/AG,NA,1,72584184,A,G,0.4749,-0.0078,0.0436,0.8579,3.0343340383199996e-5,4914,T,A,A,G,T,A,TRUE
rs1449404,rs9849399,1,1,GC/CA,NA,3,85537665,A,C,0.7649,-0.0669,0.0515,0.194,0.0016096799006478002,4914,G,C,C,A,C,G,TRUE
rs3734543,rs34605993,1,1,CT/GC,NA,6,26454363,T,C,0.0933,-0.1254,0.0959,0.1908,0.0026605432799352005,4914,C,T,G,C,C,G,TRUE
rs35902873,rs71559070,1,1,CA/GG,NA,6,28038929,A,G,0.0867,-0.0583,0.1122,0.6032,5.382693614958e-4,4914,C,A,G,G,C,G,TRUE
rs1233393,rs1233385,0.985245,1,GC/CT,NA,6,29559238,T,C,0.8995,-0.0012,0.1082,0.9915,2.6035128000000006e-7,4914,G,C,C,T,C,G,TRUE
rs3094084,rs1628680,1,1,TA/AG,NA,6,30988825,A,G,0.1556,-0.0733,0.076,0.335,0.0014118734199392003,4914,T,A,A,G,T,A,TRUE
rs3997983,rs2844552,0.992055,0.99602,GA/CG,NA,6,31342741,A,G,0.5218,-0.0103,0.045,0.8196,5.29441635768e-5,4914,G,A,C,G,G,C,TRUE
rs3096690,rs3130297,0.986588,1,CT/GC,NA,6,32198981,T,C,0.1079,-0.0456,0.0886,0.6063,4.003083646848e-4,4914,C,T,G,C,C,G,TRUE
rs3129962,rs17208902,1,1,CT/GC,NA,6,32379547,T,C,0.1975,0.0483,0.0551,0.3807,7.394969688750002e-4,4914,C,T,G,C,C,G,TRUE
rs4713534,rs2395184,0.939833,1,TA/GG,NA,6,32432646,A,G,0.1459,0.0457,0.0775,0.5552,5.205068023662e-4,4914,T,A,G,G,T,G,TRUE
rs9272557,rs9272554,0.928889,0.967669,CG/TA,NA,6,32607026,A,G,0.7891,0.0446,0.0665,0.502,6.620767486008001e-4,4914,C,G,T,A,T,C,TRUE
rs11986122,rs11993089,0.995827,1,GT/CG,NA,8,10009952,T,G,0.3842,-0.0246,0.057,0.6654,2.863500445152e-4,4914,G,T,C,G,G,C,TRUE
rs1217101,rs1217098,0.952979,0.994539,CA/GC,NA,8,64623652,A,C,0.2329,0.0624,0.0532,0.2403,0.0013912995552768,4914,C,A,G,C,C,G,TRUE
rs4748775,rs7096658,0.959164,0.986108,AT/TC,NA,10,22273533,T,C,0.4691,0.02,0.0523,0.7021,1.9923615199999998e-4,4914,A,T,T,C,A,T,TRUE
rs3136469,rs3136468,1,1,AC/TT,NA,11,46749246,T,C,0.918,0.0603,0.0812,0.4576,5.474206216799998e-4,4914,A,C,T,T,T,A,TRUE
rs34555420,NA,NA,NA,NA,NA,NA,NA,NA,NA,NA,NA,NA,NA,NA,NA,NA,NA,NA,NA,NA,NA,NA
rs10130752,NA,NA,NA,NA,NA,NA,NA,NA,NA,NA,NA,NA,NA,NA,NA,NA,NA,NA,NA,NA,NA,NA
