id.exposure,id.outcome,outcome,exposure,method,nsnp,b,se,pval
8igUA3,NldlG4,npany,hdl,Inverse variance weighted (fixed effects),234,0.0880148313574554,0.13613233585580423,0.5179305050007215
8igUA3,NldlG4,npany,hdl,Weighted median,234,0.1520043757268027,0.22149604923878816,0.4925477533500471
8igUA3,NldlG4,npany,hdl,Weighted mode,234,0.2076935319919535,0.24662591509239168,0.4005731871477226
8igUA3,NldlG4,npany,hdl,MR Egger,234,0.1561798990969401,0.3302948606285812,0.6367647991342453
