id.exposure,id.outcome,outcome,exposure,method,nsnp,b,se,pval
8igUA3,NldlG4,npany,hdl,Inverse variance weighted (fixed effects),235,0.051486128622858986,0.1358148498569511,0.7046206098887798
8igUA3,NldlG4,npany,hdl,Weighted median,235,0.15089325706475015,0.21715152045178004,0.48713336902461335
8igUA3,NldlG4,npany,hdl,Weighted mode,235,0.30537315834037315,0.25489084506846044,0.2321077983097987
8igUA3,NldlG4,npany,hdl,MR Egger,235,0.06760544261819813,0.33572041524911417,0.8405816472245592
