id.exposure,id.outcome,outcome,exposure,method,nsnp,b,se,pval
WS1MYc,nPv30L,npany,hdl,Inverse variance weighted (fixed effects),353,0.0416324332996358,0.12775149663748467,0.7445105546766748
WS1MYc,nPv30L,npany,hdl,Weighted median,353,0.1480797440389366,0.2132933629925631,0.4875230107882657
WS1MYc,nPv30L,npany,hdl,Weighted mode,353,0.28213535677539525,0.23911627595214363,0.23883334052084246
WS1MYc,nPv30L,npany,hdl,MR Egger,353,0.09648547911380415,0.2851286911295212,0.7352695659729636
