id.exposure,id.outcome,outcome,exposure,method,nsnp,b,se,pval
WS1MYc,nPv30L,npany,hdl,Inverse variance weighted (fixed effects),350,0.18555388542765494,0.12839914922607604,0.14842044881761393
WS1MYc,nPv30L,npany,hdl,Weighted median,350,0.14916107760880962,0.2216250822056875,0.5009260567022469
WS1MYc,nPv30L,npany,hdl,Weighted mode,350,0.2704665266426183,0.24231661406175642,0.26511728527971995
WS1MYc,nPv30L,npany,hdl,MR Egger,350,0.2771102945370851,0.2438244763041968,0.25652289640483456
