id.exposure,id.outcome,outcome,exposure,method,nsnp,b,se,pval
WS1MYc,nPv30L,npany,hdl,Inverse variance weighted (fixed effects),353,0.0416324332996358,0.12775149663748467,0.7445105546766748
WS1MYc,nPv30L,npany,hdl,Weighted median,353,0.1480797440389366,0.21716091649058764,0.49530883906042117
WS1MYc,nPv30L,npany,hdl,Weighted mode,353,0.28213535677539525,0.2348012107986891,0.23032928819711795
WS1MYc,nPv30L,npany,hdl,MR Egger,353,0.09648547911380415,0.2851286911295212,0.7352695659729636
