id.exposure,id.outcome,outcome,exposure,method,nsnp,b,se,pval
HFGrPf,2uf5WH,tau,hdl,Inverse variance weighted (fixed effects),289,-0.003977815416009148,0.01092536121117525,0.71579075935292
HFGrPf,2uf5WH,tau,hdl,Weighted median,289,0.022465365156739272,0.01870666976370404,0.22977909754509543
HFGrPf,2uf5WH,tau,hdl,Weighted mode,289,0.028842187826971122,0.022065308599792197,0.19221181460895154
HFGrPf,2uf5WH,tau,hdl,MR Egger,289,0.0012366253664948246,0.024369359170604146,0.9595639436807064
