id.exposure,id.outcome,outcome,exposure,method,nsnp,b,se,pval
2GueY4,HXSLdi,tau,hdl,Inverse variance weighted (fixed effects),191,0.002919484909818668,0.011677645447388087,0.8025824780233038
2GueY4,HXSLdi,tau,hdl,Weighted median,191,0.024443311155106513,0.019279411961037326,0.20485321406323026
2GueY4,HXSLdi,tau,hdl,Weighted mode,191,0.02977857627991143,0.02420387243673264,0.22009731556632642
2GueY4,HXSLdi,tau,hdl,MR Egger,191,-0.01607972858014825,0.029108524753030312,0.5813227857883448
