id.exposure,id.outcome,outcome,exposure,method,nsnp,b,se,pval
NDuncP,VpzvMw,tau,hdl,Inverse variance weighted (fixed effects),206,0.01539725046956804,0.01128847914729658,0.17257412015304244
NDuncP,VpzvMw,tau,hdl,Weighted median,206,0.025122688941134567,0.018853169577497043,0.18268130242269331
NDuncP,VpzvMw,tau,hdl,Weighted mode,206,0.03046473390983029,0.024119573247235383,0.20799835002003675
NDuncP,VpzvMw,tau,hdl,MR Egger,206,0.0017190211857641567,0.022723110107077754,0.9397710653806965
