id.exposure,id.outcome,outcome,exposure,method,nsnp,b,se,pval
2GueY4,HXSLdi,tau,hdl,Inverse variance weighted (fixed effects),191,0.002919484909818668,0.011677645447388087,0.8025824780233038
2GueY4,HXSLdi,tau,hdl,Weighted median,191,0.024443311155106513,0.01945048811463587,0.2088644719480821
2GueY4,HXSLdi,tau,hdl,Weighted mode,191,0.02977857627991143,0.022754752087487146,0.19222517569558992
2GueY4,HXSLdi,tau,hdl,MR Egger,191,-0.01607972858014825,0.029108524753030312,0.5813227857883448
