id.exposure,id.outcome,outcome,exposure,method,nsnp,b,se,pval
nlAt44,icUrfF,tau,hdl,Inverse variance weighted (fixed effects),208,0.0022293653605621904,0.01122215336016457,0.8425306414735421
nlAt44,icUrfF,tau,hdl,Weighted median,208,0.024900591440418875,0.018332090679344146,0.1743665608698297
nlAt44,icUrfF,tau,hdl,Weighted mode,208,0.033157260135247,0.023265687507035344,0.15561783541282112
nlAt44,icUrfF,tau,hdl,MR Egger,208,-0.008644099170782894,0.02825359534172625,0.7599540600002688
