id.exposure,id.outcome,outcome,exposure,method,nsnp,b,se,pval
cYcqst,jpRyQT,tau,hdl,Inverse variance weighted (fixed effects),289,-0.003977815416009148,0.01092536121117525,0.71579075935292
cYcqst,jpRyQT,tau,hdl,Weighted median,289,0.022465365156739272,0.019543665592961897,0.2503515208388533
cYcqst,jpRyQT,tau,hdl,Weighted mode,289,0.028842187826971122,0.021862503226531885,0.18813220066176278
cYcqst,jpRyQT,tau,hdl,MR Egger,289,0.0012366253664948246,0.024369359170604146,0.9595639436807064
