id.exposure,id.outcome,outcome,exposure,method,nsnp,b,se,pval
zGw6uL,APrby5,tau,hdl,Inverse variance weighted (fixed effects),314,-0.0038269922308203043,0.010512253340008902,0.715820217976951
zGw6uL,APrby5,tau,hdl,Weighted median,314,0.02418259684536636,0.018355779315060546,0.18769192974978166
zGw6uL,APrby5,tau,hdl,Weighted mode,314,0.032406592067146356,0.02185042789976466,0.13905132422385816
zGw6uL,APrby5,tau,hdl,MR Egger,314,0.00830434066420089,0.02331778213578489,0.721978161331279
