id.exposure,id.outcome,outcome,exposure,method,nsnp,b,se,pval
ZjeJLM,me5HlW,tau,hdl,Inverse variance weighted (fixed effects),314,-0.003826992230820308,0.010512253340008902,0.7158202179769507
ZjeJLM,me5HlW,tau,hdl,Weighted median,314,0.02418259684536636,0.018277322927720167,0.1858044737491074
ZjeJLM,me5HlW,tau,hdl,Weighted mode,314,0.032406592067146356,0.022095517840981894,0.14347279249635897
ZjeJLM,me5HlW,tau,hdl,MR Egger,314,0.008304340664200894,0.02331778213578489,0.721978161331279
