id.exposure,id.outcome,outcome,exposure,method,nsnp,b,se,pval
nlAt44,icUrfF,tau,hdl,Inverse variance weighted (fixed effects),208,0.0022293653605621904,0.01122215336016457,0.8425306414735421
nlAt44,icUrfF,tau,hdl,Weighted median,208,0.024900591440418875,0.01843092577382664,0.17668829439286676
nlAt44,icUrfF,tau,hdl,Weighted mode,208,0.033157260135247,0.02336390478366719,0.15735464422465328
nlAt44,icUrfF,tau,hdl,MR Egger,208,-0.008644099170782894,0.02825359534172625,0.7599540600002688
