id.exposure,id.outcome,outcome,exposure,method,nsnp,b,se,pval
zGw6uL,APrby5,tau,hdl,Inverse variance weighted (fixed effects),315,-0.006269012261385406,0.01049743051321231,0.5503772449889874
zGw6uL,APrby5,tau,hdl,Weighted median,315,0.024120402280644482,0.018110203118386726,0.18290352673061994
zGw6uL,APrby5,tau,hdl,Weighted mode,315,0.032580528648474605,0.02331013597873331,0.1631904522758441
zGw6uL,APrby5,tau,hdl,MR Egger,315,0.008955590291933605,0.02380094856451386,0.7069708690194219
