id.exposure,id.outcome,outcome,exposure,method,nsnp,b,se,pval
Gmkrr5,MrFdTN,audit,hipv,Inverse variance weighted (fixed effects),28,0.018575909581561006,0.004497326249044866,3.620789195264811e-5
Gmkrr5,MrFdTN,audit,hipv,Weighted median,28,0.01752570644549428,0.006977197412743247,0.012009850979442734
Gmkrr5,MrFdTN,audit,hipv,Weighted mode,28,0.013436928209401872,0.010323241721153072,0.2040435230607594
Gmkrr5,MrFdTN,audit,hipv,MR Egger,28,0.030357096260130542,0.01581393691623738,0.06593971073021483
