id.exposure,id.outcome,outcome,exposure,method,nsnp,b,se,pval
N5UGnR,NSUI6j,hipv2015,hear,Inverse variance weighted (fixed effects),117,275.5730189129411,78.75583439260222,4.668652835034434e-4
N5UGnR,NSUI6j,hipv2015,hear,Weighted median,117,196.06860359451804,110.49617048214392,0.07599072921256393
N5UGnR,NSUI6j,hipv2015,hear,Weighted mode,117,158.76966704584856,299.06849452747247,0.5965164744850839
N5UGnR,NSUI6j,hipv2015,hear,MR Egger,117,286.5632478569644,249.19117036661586,0.252540597572267
