id.exposure,id.outcome,outcome,exposure,method,nsnp,b,se,pval
m6HqUU,M86Vtp,hipv2015,hear,Inverse variance weighted (fixed effects),34,107.17326497543544,120.78871251743834,0.3749288116685335
m6HqUU,M86Vtp,hipv2015,hear,Weighted median,34,75.84898490736448,165.75977342853744,0.6472514935339373
m6HqUU,M86Vtp,hipv2015,hear,Weighted mode,34,124.75708017055877,349.23820413556115,0.7231968339047247
m6HqUU,M86Vtp,hipv2015,hear,MR Egger,34,-599.7389805684804,521.736221755503,0.2588664983164417
