id.exposure,id.outcome,outcome,exposure,method,nsnp,b,se,pval
8RLIth,YdvgdF,load,alcd,Inverse variance weighted (fixed effects),19,-0.020349110588651697,0.028434346622736917,0.4742059618862358
8RLIth,YdvgdF,load,alcd,Weighted median,19,-0.04686799853500484,0.04215694399833536,0.266245491565316
8RLIth,YdvgdF,load,alcd,Weighted mode,19,-0.05466747079801926,0.0526922486608681,0.31324661517609104
8RLIth,YdvgdF,load,alcd,MR Egger,19,-0.037640964273762324,0.06101218898201664,0.5454479640249215
