id.exposure,id.outcome,outcome,exposure,method,nsnp,b,se,pval
wcISll,xeoKk4,load,alcd,Inverse variance weighted (fixed effects),19,-0.020349110588651704,0.028434346622736917,0.4742059618862358
wcISll,xeoKk4,load,alcd,Weighted median,19,-0.04686799853500484,0.041520504972638296,0.2589857438481779
wcISll,xeoKk4,load,alcd,Weighted mode,19,-0.05466747079801926,0.04933465352919176,0.2824084027030426
wcISll,xeoKk4,load,alcd,MR Egger,19,-0.037640964273762366,0.06101218898201664,0.545447964024921
