id.exposure,id.outcome,outcome,exposure,egger_intercept,se,pval
71i86u,pwOzQv,load,alcd,0.003845611272703403,0.012005126785997262,0.7526213805337716
