id.exposure,id.outcome,outcome,exposure,method,nsnp,b,se,pval
ChPiCf,T942BZ,npany,diab,Inverse variance weighted (fixed effects),186,0.046812534612560894,0.09149840046398108,0.6089160445671382
ChPiCf,T942BZ,npany,diab,Weighted median,186,0.1258010764145037,0.17990474437095208,0.48438648669730305
ChPiCf,T942BZ,npany,diab,Weighted mode,186,0.1696583872382016,0.22573182608878012,0.4532511279386817
ChPiCf,T942BZ,npany,diab,MR Egger,186,0.12524851469335135,0.22273428552254604,0.5745806816205387
