id.exposure,id.outcome,outcome,exposure,method,nsnp,b,se,pval
l6bJ1S,1n66Er,ab42,dep,Inverse variance weighted (fixed effects),28,0.5419036640755385,0.10670503255132383,3.803859790060491e-7
l6bJ1S,1n66Er,ab42,dep,Weighted median,28,0.7270149482054155,0.1570385033694459,3.664911553142968e-6
l6bJ1S,1n66Er,ab42,dep,Weighted mode,28,0.9684692324187125,0.3530200272420445,0.010669806729459141
l6bJ1S,1n66Er,ab42,dep,MR Egger,28,1.5685699632746823,0.46660740735473527,0.0024062920602463417
