id.exposure,id.outcome,outcome,exposure,method,nsnp,b,se,pval
nwky54,huTTTH,ab42,dep,Inverse variance weighted (fixed effects),124,0.31272313497637105,0.060768976567142745,2.6595990699446783e-7
nwky54,huTTTH,ab42,dep,Weighted median,124,0.22720273747838865,0.09266632400854796,0.014212896177065611
nwky54,huTTTH,ab42,dep,Weighted mode,124,-0.015458599617293345,0.2900788558190543,0.9575864872758479
nwky54,huTTTH,ab42,dep,MR Egger,124,0.8954543689092314,0.2735499863132984,0.0013824286895560548
