id.exposure,id.outcome,outcome,exposure,egger_intercept,se,pval
hVK0cy,SuN3fN,ab42,dep,-0.011601008442791338,0.005198076007401551,0.03786768820271287
