id.exposure,id.outcome,outcome,exposure,method,nsnp,b,se,pval
nwky54,huTTTH,ab42,dep,Inverse variance weighted (fixed effects),124,0.31272313497637105,0.060768976567142745,2.6595990699446783e-7
nwky54,huTTTH,ab42,dep,Weighted median,124,0.22720273747838865,0.09039891576538163,0.011959578873212997
nwky54,huTTTH,ab42,dep,Weighted mode,124,-0.015458599617293345,0.30480891112833025,0.9596343272747387
nwky54,huTTTH,ab42,dep,MR Egger,124,0.8954543689092314,0.2735499863132984,0.0013824286895560548
