id.exposure,id.outcome,outcome,exposure,method,nsnp,b,se,pval
rbKE9u,ffsmTh,ab42,dep,Inverse variance weighted (fixed effects),21,0.5130280543889655,0.12535562540030934,4.265981005055206e-5
rbKE9u,ffsmTh,ab42,dep,Weighted median,21,0.7234878745791499,0.18621486635875703,1.0223240184522193e-4
rbKE9u,ffsmTh,ab42,dep,Weighted mode,21,0.9865491457006912,0.3824272016465185,0.017894552200297363
rbKE9u,ffsmTh,ab42,dep,MR Egger,21,1.7791010186018061,0.5855987457158514,0.006765577625149636
