id.exposure,id.outcome,outcome,exposure,method,nsnp,b,se,pval
hVK0cy,SuN3fN,ab42,dep,Inverse variance weighted (fixed effects),21,0.5130280543889655,0.12535562540030934,4.265981005055206e-5
hVK0cy,SuN3fN,ab42,dep,Weighted median,21,0.7234878745791499,0.1859964498782498,1.003293533499755e-4
hVK0cy,SuN3fN,ab42,dep,Weighted mode,21,0.9865491457006912,0.3521758835885076,0.011025409580439113
hVK0cy,SuN3fN,ab42,dep,MR Egger,21,1.7791010186018061,0.5855987457158514,0.006765577625149636
