id.exposure,id.outcome,outcome,exposure,egger_intercept,se,pval
nwky54,huTTTH,ab42,dep,-0.004339015378423661,0.0019725298027647416,0.029711039260895068
