id.exposure,id.outcome,outcome,exposure,egger_intercept,se,pval
n6509h,cY37Ml,nft4,hear,-0.029893578237631713,0.025062005322218913,0.24145968198260673
