id.exposure,id.outcome,outcome,exposure,method,nsnp,b,se,pval
aIdoa2,ik29zx,audit,ab42,Inverse variance weighted (fixed effects),4,0.061651603965720114,0.014087711349475349,1.2072842037802388e-5
aIdoa2,ik29zx,audit,ab42,Weighted median,4,0.06996636468713281,0.01575794785817425,8.993033392988898e-6
aIdoa2,ik29zx,audit,ab42,Weighted mode,4,0.06336941971681148,0.01619042869971437,0.029643225906356055
aIdoa2,ik29zx,audit,ab42,MR Egger,4,0.04758635497376953,0.06070865344743367,0.5152203767608591
