id.exposure,id.outcome,outcome,exposure,method,nsnp,b,se,pval
aIdoa2,ik29zx,audit,ab42,Inverse variance weighted (fixed effects),5,0.05181791262049264,0.013619422561206044,1.419721320720942e-4
aIdoa2,ik29zx,audit,ab42,Weighted median,5,0.06695135947942621,0.01636072775125809,4.273010595499629e-5
aIdoa2,ik29zx,audit,ab42,Weighted mode,5,0.07046246237598996,0.016587332195117908,0.01317942010912707
aIdoa2,ik29zx,audit,ab42,MR Egger,5,0.07801899643951932,0.061357699664326505,0.2931627076905403
