id.exposure,id.outcome,outcome,exposure,method,nsnp,b,se,pval
EnD9tF,l1CTBn,audit,ab42,Inverse variance weighted (fixed effects),16,0.035708072061253926,0.011024007991655876,0.0011989960124062931
EnD9tF,l1CTBn,audit,ab42,Weighted median,16,0.060240842768560045,0.016943548553681197,3.7742563282171693e-4
EnD9tF,l1CTBn,audit,ab42,Weighted mode,16,0.07141166133542357,0.016588728726362585,6.256955222452832e-4
EnD9tF,l1CTBn,audit,ab42,MR Egger,16,0.05739977294969297,0.03474929216341526,0.12081326995570045
