id.exposure,id.outcome,outcome,exposure,method,nsnp,b,se,pval
THcoPp,RV04G3,sbp,aaos,Inverse variance weighted (fixed effects),17,0.2976732865333404,0.04869186451913386,9.75249462938143e-10
THcoPp,RV04G3,sbp,aaos,Weighted median,17,0.22757728779883063,0.06905315787370174,9.818288955786984e-4
THcoPp,RV04G3,sbp,aaos,Weighted mode,17,0.23147057044446284,0.05981291980535016,0.0013571533809901464
THcoPp,RV04G3,sbp,aaos,MR Egger,17,0.3201839575361481,0.15749100868914595,0.06014086747385831
