id.exposure,id.outcome,outcome,exposure,method,nsnp,b,se,pval
A0hubt,WeMCu3,sbp,aaos,Inverse variance weighted (fixed effects),51,0.25713664477850556,0.0348650018951025,1.640885279151727e-13
A0hubt,WeMCu3,sbp,aaos,Weighted median,51,0.21278267897699293,0.06383477447928276,8.581159609397096e-4
A0hubt,WeMCu3,sbp,aaos,Weighted mode,51,0.17783180941370436,0.059638039719345025,0.004418399060358063
A0hubt,WeMCu3,sbp,aaos,MR Egger,51,0.2399975669390039,0.10822232206091714,0.031248144407614788
