id.exposure,id.outcome,outcome,exposure,method,nsnp,b,se,pval
A0hubt,WeMCu3,sbp,aaos,Inverse variance weighted (fixed effects),50,0.2485263399385267,0.03493722233979486,1.1312688926964476e-12
A0hubt,WeMCu3,sbp,aaos,Weighted median,50,0.21261215528897506,0.0610987048042379,5.017611770685302e-4
A0hubt,WeMCu3,sbp,aaos,Weighted mode,50,0.1809116446550183,0.05947943278537698,0.0037739098308181974
A0hubt,WeMCu3,sbp,aaos,MR Egger,50,0.2686434118572662,0.1060658523034806,0.014639113477690249
