id.exposure,id.outcome,outcome,exposure,method,nsnp,b,se,pval
THcoPp,RV04G3,sbp,aaos,Inverse variance weighted (fixed effects),18,0.3481098535309501,0.046479212517279885,6.909353156393296e-14
THcoPp,RV04G3,sbp,aaos,Weighted median,18,0.2475090431111042,0.06758906167777157,2.502842311840707e-4
THcoPp,RV04G3,sbp,aaos,Weighted mode,18,0.24531262383343422,0.06964063446594895,0.0026130954323008004
THcoPp,RV04G3,sbp,aaos,MR Egger,18,0.40692315901807263,0.15756779727689837,0.02003896601861649
