id.exposure,id.outcome,outcome,exposure,method,nsnp,b,se,pval
buoin2,6CNiDh,trig,aaos,Inverse variance weighted (fixed effects),7,0.08430937739218886,0.007501700085103247,2.6322182249918114e-29
buoin2,6CNiDh,trig,aaos,Weighted median,7,0.07938692020560233,0.00922289668556089,7.461207899732862e-18
buoin2,6CNiDh,trig,aaos,Weighted mode,7,0.079224786034992,0.009256778171834918,1.3965402859827144e-4
buoin2,6CNiDh,trig,aaos,MR Egger,7,0.10072705399412628,0.0375048883582191,0.04352181762182954
