id.exposure,id.outcome,outcome,exposure,method,nsnp,b,se,pval
cZsLyx,75DmAg,hipv,hdl,Inverse variance weighted (fixed effects),349,0.005726221755755993,0.01429307752247309,0.6886932705905163
cZsLyx,75DmAg,hipv,hdl,Weighted median,349,-0.011051855496390536,0.0251078068923884,0.6598095978088889
cZsLyx,75DmAg,hipv,hdl,Weighted mode,349,-0.0015645964225574627,0.0272855538964395,0.9543060187522402
cZsLyx,75DmAg,hipv,hdl,MR Egger,349,0.02026029743145794,0.028519740149991406,0.47793602095639776
