id.exposure,id.outcome,outcome,exposure,egger_intercept,se,pval
y131cY,ecAEak,hipv,hdl,-0.0014912646803474285,0.001438768229558427,0.30105407719566923
