id.exposure,id.outcome,outcome,exposure,method,nsnp,b,se,pval
xSrXWl,avPOGZ,hipv,hdl,Inverse variance weighted (fixed effects),234,0.0030544691510615016,0.015153230058350186,0.8402512199500092
xSrXWl,avPOGZ,hipv,hdl,Weighted median,234,-0.011340967463787372,0.02547066852040645,0.6561347760995477
xSrXWl,avPOGZ,hipv,hdl,Weighted mode,234,-0.003370327272618212,0.027429008982133667,0.9023123553142934
xSrXWl,avPOGZ,hipv,hdl,MR Egger,234,0.030121831241440047,0.030963727392085322,0.33166079397033355
