id.exposure,id.outcome,outcome,exposure,method,nsnp,b,se,pval
rYy6Py,HdvNj2,hipv,hdl,Inverse variance weighted (fixed effects),234,0.003054469151061504,0.015153230058350186,0.8402512199500092
rYy6Py,HdvNj2,hipv,hdl,Weighted median,234,-0.011340967463787372,0.02543245432087469,0.6556514151828876
rYy6Py,HdvNj2,hipv,hdl,Weighted mode,234,-0.003370327272618212,0.027883313644670827,0.9038961530412496
rYy6Py,HdvNj2,hipv,hdl,MR Egger,234,0.030121831241440054,0.030963727392085322,0.3316607939703332
