id.exposure,id.outcome,outcome,exposure,method,nsnp,b,se,pval
lcLHRA,kR2mlG,hipv,hdl,Inverse variance weighted (fixed effects),349,0.0018746002261547671,0.014318232278259239,0.8958354297613762
lcLHRA,kR2mlG,hipv,hdl,Weighted median,349,-0.011182325707701956,0.02448680819932903,0.6479101650512944
lcLHRA,kR2mlG,hipv,hdl,Weighted mode,349,-0.0017566345319350862,0.025182704019301082,0.9444282560081255
lcLHRA,kR2mlG,hipv,hdl,MR Egger,349,0.015140308902522727,0.027915697408085558,0.5879198658354263
