id.exposure,id.outcome,outcome,exposure,method,nsnp,b,se,pval
wMdtfq,YvP7vx,hipv,hdl,Inverse variance weighted (fixed effects),350,0.005816245442313564,0.014289663205151699,0.6839898695070128
wMdtfq,YvP7vx,hipv,hdl,Weighted median,350,-0.011030849569384849,0.025087305887207288,0.6601555237352774
wMdtfq,YvP7vx,hipv,hdl,Weighted mode,350,-0.0016172903602262867,0.028102019082702587,0.9541394702708399
wMdtfq,YvP7vx,hipv,hdl,MR Egger,350,0.020151639233008126,0.028479208912177454,0.47967272373657
