id.exposure,id.outcome,outcome,exposure,method,nsnp,b,se,pval
lcLHRA,kR2mlG,hipv,hdl,Inverse variance weighted (fixed effects),350,0.00581624544231356,0.014289663205151702,0.6839898695070132
lcLHRA,kR2mlG,hipv,hdl,Weighted median,350,-0.011030849569384849,0.024194135059751227,0.6484397935135899
lcLHRA,kR2mlG,hipv,hdl,Weighted mode,350,-0.0016172903602262867,0.027581788922098206,0.9532754626428426
lcLHRA,kR2mlG,hipv,hdl,MR Egger,350,0.020151639233008153,0.028479208912177457,0.47967272373656955
