id.exposure,id.outcome,outcome,exposure,method,nsnp,b,se,pval
VnsoQk,VTrY8k,hipv,hdl,Inverse variance weighted (fixed effects),234,0.003054469151061504,0.015153230058350186,0.8402512199500092
VnsoQk,VTrY8k,hipv,hdl,Weighted median,234,-0.011340967463787372,0.02631937906786758,0.6665425470878525
VnsoQk,VTrY8k,hipv,hdl,Weighted mode,234,-0.003370327272618212,0.027928075270367395,0.904049433095658
VnsoQk,VTrY8k,hipv,hdl,MR Egger,234,0.030121831241440054,0.030963727392085322,0.3316607939703332
