id.exposure,id.outcome,outcome,exposure,method,nsnp,b,se,pval
V9FdOP,z9NV0J,tau,fish,Inverse variance weighted (fixed effects),250,-0.04459506373844114,0.036361626108066245,0.22003613037159067
V9FdOP,z9NV0J,tau,fish,Weighted median,250,-0.04077191618505553,0.05466098592625433,0.4557246556722152
V9FdOP,z9NV0J,tau,fish,Weighted mode,250,0.07424640144057104,0.16055731376207955,0.6441773358433033
V9FdOP,z9NV0J,tau,fish,MR Egger,250,-0.49701408098574196,0.13470913312996394,2.761467360917623e-4
