id.exposure,id.outcome,outcome,exposure,egger_intercept,se,pval
V9FdOP,z9NV0J,tau,fish,0.0055023710396586096,0.0015775334975789547,5.756736280681753e-4
