id.exposure,id.outcome,outcome,exposure,egger_intercept,se,pval
D83exa,NCdw8T,tau,fish,0.003914744714391389,0.002910098388869801,0.18204773750248568
