id.exposure,id.outcome,outcome,exposure,method,nsnp,b,se,pval
yaJGCq,MjR92u,tau,fish,Inverse variance weighted (fixed effects),89,-0.12585403664916092,0.051231384223167455,0.014026624146420053
yaJGCq,MjR92u,tau,fish,Weighted median,89,-0.14321530718866832,0.07637156301384893,0.0607591781326486
yaJGCq,MjR92u,tau,fish,Weighted mode,89,0.10342182516397314,0.16467842709697597,0.531615397162283
yaJGCq,MjR92u,tau,fish,MR Egger,89,-0.39806059607435057,0.20873452635751863,0.059818240840757306
