id.exposure,id.outcome,outcome,exposure,method,nsnp,b,se,pval
ZINw9n,Gj9RTs,tau,fish,Inverse variance weighted (fixed effects),287,-0.06509716765305867,0.03395255113884658,0.05520004925396763
ZINw9n,Gj9RTs,tau,fish,Weighted median,287,-0.06873989421183631,0.05134435793636176,0.18063536076337877
ZINw9n,Gj9RTs,tau,fish,Weighted mode,287,0.07514792481761257,0.16168798476840626,0.6424489229651269
ZINw9n,Gj9RTs,tau,fish,MR Egger,287,-0.6281783181694615,0.12754984960104043,1.4316598628038557e-6
