id.exposure,id.outcome,outcome,exposure,egger_intercept,se,pval
RiGkEa,Y7m7Bg,nft4,dbp,0.007873703743854966,0.0038680871374468296,0.041964964858320644
