query_snp_rsid,rsID,ld.r2,Dprime,ref.proxy,alt.proxy,CHR,POS,Effect_allele.proxy,Non_Effect_allele.proxy,EAF,Beta,SE,P,r2,N,ref,alt,Effect_allele,Non_Effect_allele
rs10814041,rs11523735,1,1,G,A,9,33743488,A,G,0.2707,-0.0494,0.0808,0.5413,0.00096355911228720005,4914,G,C,C,G
rs10830963,NA,NA,NA,NA,NA,NA,NA,NA,NA,NA,NA,NA,NA,NA,NA,NA,NA,NA,NA
rs11591741,rs11596950,0.99,1,C,T,10,101996360,T,C,0.4401,0.0686,0.0745,0.3571,0.0023192099369208,4914,G,C,C,G
rs13234269,rs34072724,1,1,G,A,7,130432469,A,G,0.4797,0.1116,0.0726,0.1242,0.006217015200739201,4914,T,A,A,T
rs17411031,rs17411045,0.99,1,T,C,8,19852362,T,C,0.727,-0.0086,0.0804,0.915,2.9357830320000002e-5,4914,C,G,C,G
rs1758632,rs1785509,1,1,G,A,9,34028285,A,G,0.6316,0.0052,0.073,0.9434,1.2583412275199998e-5,4914,C,G,G,C
rs2466321,rs2464582,1,1,C,A,8,118214520,A,C,0.8609,0.1953,0.101,0.05318,0.009135121333174201,4914,C,G,G,C
rs2842356,rs2842359,0.86,0.98,A,G,6,7265235,A,G,0.6147,-0.0114,0.0738,0.877,6.15604690872e-5,4914,C,G,C,G
rs2915640,NA,NA,NA,NA,NA,NA,NA,NA,NA,NA,NA,NA,NA,NA,NA,NA,NA,NA,NA
rs4932143,rs4932144,1,1,T,C,15,90372102,T,C,0.2806,0.095,0.0802,0.236,0.003643638702,4914,G,C,G,C
rs6878122,rs7708285,0.94,0.98,G,A,5,76425867,A,G,0.6944,0.0947,0.0831,0.2546,0.0038062123645952006,4914,G,A,A,G
rs72892910,rs62405437,0.98,1,T,C,6,50813729,T,C,0.8175,0.0677,0.0929,0.4662,0.0013675964448749997,4914,G,T,G,T
rs7909016,rs2094405,0.98,1,C,T,10,114715689,T,C,0.2721,0.0098,0.0827,0.9059,3.80436702072e-5,4914,A,G,G,A
rs7932966,rs6483215,1,1,A,G,11,92792115,A,G,0.2323,0.0727,0.084,0.3871,0.0018851224599918,4914,A,T,A,T
rs963740,rs9316500,1,1,T,G,13,51094114,T,G,0.7075,0.0498,0.0784,0.5254,0.0010264575554999999,4914,A,T,A,T
rs9844972,NA,NA,NA,NA,NA,NA,NA,NA,NA,NA,NA,NA,NA,NA,NA,NA,NA,NA,NA
