id.exposure,id.outcome,outcome,exposure,method,nsnp,b,se,pval
IJ8JNj,kD0qk1,insom,aaos,Inverse variance weighted (fixed effects),20,-0.028600924828457715,0.016153000761279183,0.07662289787747772
IJ8JNj,kD0qk1,insom,aaos,Weighted median,20,-0.02155550355674601,0.021720084035146563,0.32099139001805577
IJ8JNj,kD0qk1,insom,aaos,Weighted mode,20,-0.022588298437416943,0.022694915093311396,0.3320969386403684
IJ8JNj,kD0qk1,insom,aaos,MR Egger,20,-0.0404190488471852,0.025879464908032227,0.1357402564066585
