id.exposure,id.outcome,outcome,exposure,method,nsnp,b,se,pval
tjHQis,d8BCwV,insom,aaos,Inverse variance weighted (fixed effects),60,-0.027011484525845446,0.01199880098337588,0.024374013898772053
tjHQis,d8BCwV,insom,aaos,Weighted median,60,-0.024621400401459312,0.01760643629828922,0.16198343942661983
tjHQis,d8BCwV,insom,aaos,Weighted mode,60,-0.028716078003147905,0.019808071365766542,0.15243285480015747
tjHQis,d8BCwV,insom,aaos,MR Egger,60,-0.026750026327361016,0.018159737205967072,0.1461466465427157
