id.exposure,id.outcome,outcome,exposure,method,nsnp,b,se,pval
IJ8JNj,kD0qk1,insom,aaos,Inverse variance weighted (fixed effects),20,-0.028600924828457715,0.016153000761279183,0.07662289787747772
IJ8JNj,kD0qk1,insom,aaos,Weighted median,20,-0.02155550355674601,0.02239204406204029,0.3357276278888893
IJ8JNj,kD0qk1,insom,aaos,Weighted mode,20,-0.022588298437416943,0.022998466855734593,0.3383605013236948
IJ8JNj,kD0qk1,insom,aaos,MR Egger,20,-0.0404190488471852,0.025879464908032227,0.1357402564066585
