id.exposure,id.outcome,outcome,exposure,method,nsnp,b,se,pval
BZtx7k,H2D3RR,alcc,ab42,Inverse variance weighted (fixed effects),5,-0.01150604547205231,0.024385057985030874,0.6370351511385427
BZtx7k,H2D3RR,alcc,ab42,Weighted median,5,-0.03066779703936462,0.02722786561172435,0.2600222095583601
BZtx7k,H2D3RR,alcc,ab42,Weighted mode,5,-0.03455759307963137,0.028373234314469583,0.2901666092916816
BZtx7k,H2D3RR,alcc,ab42,MR Egger,5,-0.07060774735677089,0.04857423721839748,0.24202034382192772
