id.exposure,id.outcome,outcome,exposure,method,nsnp,b,se,pval
jpvHNy,Py1pIU,alcc,ab42,Inverse variance weighted (fixed effects),15,0.005151487038186161,0.01842015459759225,0.7797339290514724
jpvHNy,Py1pIU,alcc,ab42,Weighted median,15,-0.023105017383302052,0.02577171664168766,0.3699718310847118
jpvHNy,Py1pIU,alcc,ab42,Weighted mode,15,-0.014504448590480057,0.024699240994379906,0.5663916773584443
jpvHNy,Py1pIU,alcc,ab42,MR Egger,15,-0.010310250914199735,0.05237020968987875,0.8469719084766951
