id.exposure,id.outcome,outcome,exposure,method,nsnp,b,se,pval
5Hh6oG,HCNXCK,alcc,ab42,Inverse variance weighted (fixed effects),15,0.0051514870381861675,0.01842015459759226,0.7797339290514724
5Hh6oG,HCNXCK,alcc,ab42,Weighted median,15,-0.023105017383302052,0.02577171664168766,0.3699718310847118
5Hh6oG,HCNXCK,alcc,ab42,Weighted mode,15,-0.014504448590480057,0.024699240994379906,0.5663916773584443
5Hh6oG,HCNXCK,alcc,ab42,MR Egger,15,-0.010310250914199737,0.05237020968987873,0.8469719084766951
