id.exposure,id.outcome,outcome,exposure,method,nsnp,b,se,pval
BZtx7k,H2D3RR,alcc,ab42,Inverse variance weighted (fixed effects),5,-0.01150604547205231,0.024385057985030874,0.6370351511385427
BZtx7k,H2D3RR,alcc,ab42,Weighted median,5,-0.03066779703936462,0.02825275116425769,0.2777091059939412
BZtx7k,H2D3RR,alcc,ab42,Weighted mode,5,-0.03455759307963137,0.029018064390916875,0.29953168376623124
BZtx7k,H2D3RR,alcc,ab42,MR Egger,5,-0.07060774735677089,0.04857423721839748,0.24202034382192772
