id.exposure,id.outcome,outcome,exposure,egger_intercept,se,pval
BZtx7k,H2D3RR,alcc,ab42,0.003734469905406594,0.0026544824495076873,0.2541711776025053
