id.exposure,id.outcome,outcome,exposure,method,nsnp,b,se,pval
5Hh6oG,HCNXCK,alcc,ab42,Inverse variance weighted (fixed effects),14,0.011607011525501424,0.01854616559390386,0.5314170893552144
5Hh6oG,HCNXCK,alcc,ab42,Weighted median,14,-0.0219914709851464,0.02553660286245557,0.38914194692457854
5Hh6oG,HCNXCK,alcc,ab42,Weighted mode,14,-0.018006659629924482,0.02616148584691878,0.5033687100289668
5Hh6oG,HCNXCK,alcc,ab42,MR Egger,14,-0.03936616199057954,0.042019221191336206,0.3673029083036208
