query_snp_rsid,rsID,ld.r2,Dprime,ref.proxy,alt.proxy,CHR,POS,Effect_allele.proxy,Non_Effect_allele.proxy,EAF,Beta,SE,P,r2,N,ref,alt,Effect_allele,Non_Effect_allele
rs1010167,NA,NA,NA,NA,NA,NA,NA,NA,NA,NA,NA,NA,NA,NA,NA,NA,NA,NA,NA
rs1052248,NA,NA,NA,NA,NA,NA,NA,NA,NA,NA,NA,NA,NA,NA,NA,NA,NA,NA,NA
rs11230815,rs11230817,0.86,1,C,T,11,61636255,T,C,0.8844,0.1066,0.0705,0.1303,0.0023235443856768007,4914,G,C,C,G
rs11659960,rs12965382,0.99,1,C,T,18,47164178,T,C,0.2811,-0.0238,0.048,0.6205,2.2893555113520005e-4,4914,G,C,C,G
rs17563312,rs111808593,0.95,1,C,T,5,74769837,T,C,0.0631,-0.002,0.0943,0.9827,4.7294712e-7,4914,A,T,T,A
rs1800478,NA,NA,NA,NA,NA,NA,NA,NA,NA,NA,NA,NA,NA,NA,NA,NA,NA,NA,NA
rs1998013,NA,NA,NA,NA,NA,NA,NA,NA,NA,NA,NA,NA,NA,NA,NA,NA,NA,NA,NA
rs2156552,rs1943977,0.96,0.99,A,G,18,47173181,A,G,0.1655,-0.0501,0.0594,0.3989,6.93313707195e-4,4914,A,T,A,T
rs2738464,rs7258950,1,1,A,G,19,11250139,A,G,0.1229,-0.0149,0.0681,0.8272,4.78633978718e-5,4914,G,C,G,C
rs2954029,rs2980860,0.97,0.98,A,G,8,126485337,A,G,0.5304,0.0168,0.045,0.7091,1.4059833016319997e-4,4914,A,T,A,T
rs2965156,rs2965155,0.94,1,T,C,19,45188471,T,C,0.5008,0.0354,0.0445,0.4271,6.265783959552001e-4,4914,G,C,G,C
rs3125055,rs3103347,1,1,C,T,6,160746512,T,C,0.1432,-0.033,0.0629,0.6005,2.6722700928000004e-4,4914,T,A,A,T
rs3800406,NA,NA,NA,NA,NA,NA,NA,NA,NA,NA,NA,NA,NA,NA,NA,NA,NA,NA,NA
rs3810444,rs73006914,0.9,1,C,T,19,19110422,T,C,0.0494,-0.3282,0.1529,0.0319,0.010116537785827199,4914,T,A,A,T
rs4738684,rs10107182,0.98,1,C,T,8,59392737,T,C,0.6574,0.0306,0.0459,0.5047,4.2178381145279993e-4,4914,A,G,G,A
rs4803763,rs12462573,0.99,1,G,A,19,45359706,A,G,0.3352,0.305,0.0544,2.021e-8,0.041459560608,4914,G,C,C,G
rs4808802,rs35004712,0.97,1,A,G,19,18578897,A,G,0.8022,-0.0632,0.0542,0.2435,0.0012675733421568,4914,G,C,G,C
rs581080,NA,NA,NA,NA,NA,NA,NA,NA,NA,NA,NA,NA,NA,NA,NA,NA,NA,NA,NA
rs603441,rs330092,0.92,0.97,G,A,8,9176044,A,G,0.1659,0.0078,0.0613,0.8985,1.68377364792e-5,4914,T,A,A,T
rs648673,NA,NA,NA,NA,NA,NA,NA,NA,NA,NA,NA,NA,NA,NA,NA,NA,NA,NA,NA
rs8108762,rs968445,0.96,1,A,G,19,45649386,A,G,0.6786,0.0184,0.0471,0.6962,1.476812533248e-4,4914,G,A,G,A
rs8180991,rs12677676,1,1,A,G,8,126502526,A,G,0.7707,0.0306,0.0524,0.5593,3.309499062071999e-4,4914,C,G,C,G
rs964184,NA,NA,NA,NA,NA,NA,NA,NA,NA,NA,NA,NA,NA,NA,NA,NA,NA,NA,NA
rs9987289,rs4240624,1,1,G,A,8,9184231,A,G,0.9083,0.0328,0.0777,0.6727,1.7921581556480003e-4,4914,A,G,G,A
