target_snp,proxy_snp,ld.r2,Dprime,PHASE,X12,CHR,POS,Effect_allele.proxy,Non_Effect_allele.proxy,EAF,Beta,SE,P,r2,N,ref,ref.proxy,alt,alt.proxy,Effect_allele,Non_Effect_allele,proxy.outcome
rs17111966,rs77873217,1,1,CA/GG,NA,1,55799130,A,G,0.0361,0.117,0.1145,0.3069,9.526665166200002e-4,4914,C,A,G,G,C,G,TRUE
rs2902211,rs11588515,0.99048,1,TG/GA,NA,1,177944972,A,G,0.8851,0.0038,0.0669,0.955,2.9370379512000003e-6,4914,T,G,G,A,G,T,TRUE
rs11687782,rs7575402,1,1,AG/TA,NA,2,113844110,A,G,0.5249,-0.0156,0.0434,0.7197,1.2137822873279998e-4,4914,A,G,T,A,T,A,TRUE
rs1978154,rs6973987,0.936319,0.995724,TC/AT,NA,7,21501358,T,C,0.5849,0.0482,0.0448,0.2829,0.0011281281256952,4914,T,C,A,T,A,T,TRUE
rs9987289,rs4841133,1,1,AA/GG,NA,8,9183664,A,G,0.0917,-0.0488,0.078,0.5312,3.967055619968001e-4,4914,A,A,G,G,A,G,TRUE
rs4738684,rs9297994,1,1,AG/GA,NA,8,59392324,A,G,0.6545,0.0362,0.0458,0.4293,5.926589391800001e-4,4914,A,G,G,A,G,A,TRUE
rs2954029,rs2980860,0.99599,1,TG/AA,NA,8,126485337,A,G,0.5304,0.0168,0.045,0.7091,1.4059833016319997e-4,4914,T,G,A,A,A,T,TRUE
rs5880,rs117427818,0.838952,0.976906,CT/GC,NA,16,57010486,T,C,0.0549,-0.2806,0.1077,0.009177,0.008170627975192801,4914,C,T,G,C,C,G,TRUE
rs17667053,rs75203664,1,1,CA/GC,NA,16,72067332,A,C,0.0184,-0.0817,0.1634,0.617,2.411162504832e-4,4914,C,A,G,C,C,G,TRUE
rs8069974,rs11656732,1,1,CT/GC,NA,17,4670778,T,C,0.3643,0.0147,0.0482,0.7606,1.000866257118e-4,4914,C,T,G,C,C,G,TRUE
rs2156552,rs6507938,0.971431,0.985612,AG/TA,NA,18,47168648,A,G,0.8328,0.0464,0.0594,0.4345,5.995742134271999e-4,4914,A,G,T,A,T,A,TRUE
rs4808802,rs10423802,0.965583,1,CT/GC,NA,19,18567901,T,C,0.2005,0.0564,0.0544,0.2999,0.0010198141855200002,4914,C,T,G,C,C,G,TRUE
rs8120178,rs6072092,0.991062,1,GA/CG,NA,20,39292093,A,G,0.3143,0.0057,0.0476,0.9043,1.4004197839800003e-5,4914,G,A,C,G,G,C,TRUE
rs1800478,NA,NA,NA,NA,NA,NA,NA,NA,NA,NA,NA,NA,NA,NA,NA,NA,NA,NA,NA,NA,NA,NA
rs581080,NA,NA,NA,NA,NA,NA,NA,NA,NA,NA,NA,NA,NA,NA,NA,NA,NA,NA,NA,NA,NA,NA
rs964184,NA,NA,NA,NA,NA,NA,NA,NA,NA,NA,NA,NA,NA,NA,NA,NA,NA,NA,NA,NA,NA,NA
rs117877390,NA,NA,NA,NA,NA,NA,NA,NA,NA,NA,NA,NA,NA,NA,NA,NA,NA,NA,NA,NA,NA,NA
rs77719426,NA,NA,NA,NA,NA,NA,NA,NA,NA,NA,NA,NA,NA,NA,NA,NA,NA,NA,NA,NA,NA,NA
