query_snp_rsid,rsID,ld.r2,Dprime,ref.proxy,alt.proxy,CHR,POS,Effect_allele.proxy,Non_Effect_allele.proxy,EAF,Beta,SE,P,r2,N,ref,alt,Effect_allele,Non_Effect_allele
rs10753661,rs10494434,0.92,0.99,A,G,1,165117237,A,G,0.3115,0.0184,0.0168,0.2732,1.4522040288e-4,54162,G,A,G,A
rs114112910,NA,NA,NA,NA,NA,NA,NA,NA,NA,NA,NA,NA,NA,NA,NA,NA,NA,NA,NA
rs13032049,rs12993804,0.83,0.92,T,A,2,63494689,A,T,0.2922,-0.0033,0.0171,0.8452,4.5045213048e-6,54162,A,G,G,A
rs140184756,NA,NA,NA,NA,NA,NA,NA,NA,NA,NA,NA,NA,NA,NA,NA,NA,NA,NA,NA
rs144198753,NA,NA,NA,NA,NA,NA,NA,NA,NA,NA,NA,NA,NA,NA,NA,NA,NA,NA,NA
rs148382129,NA,NA,NA,NA,NA,NA,NA,NA,NA,NA,NA,NA,NA,NA,NA,NA,NA,NA,NA
rs148960385,rs150848708,1,1,G,A,4,100608799,A,G,0.0191,0.0409,0.0782,0.6014,6.268082636779998e-5,54162,G,A,A,G
rs34704785,rs11148751,1,1,A,G,13,68108403,A,G,0.4707,0.005,0.0155,0.7467,1.2457075500000001e-5,54162,C,T,C,T
rs4233567,NA,NA,NA,NA,NA,NA,NA,NA,NA,NA,NA,NA,NA,NA,NA,NA,NA,NA,NA
rs4916723,rs17422060,0.82,0.97,T,G,5,87858930,G,T,0.6317,-0.0016,0.0168,0.9262,1.1911941632e-6,54162,A,C,C,A
rs538628,rs169201,0.93,1,A,G,17,44790203,G,A,0.7918,-0.0484,0.019,0.01075,7.723549629312002e-4,54162,G,C,C,G
rs56220387,rs141943637,0.95,0.97,G,A,17,43520272,A,G,0.1867,-0.0382,0.0209,0.06714,4.4315107967279996e-4,54162,A,G,G,A
rs6951574,rs35574721,0.92,0.97,T,C,7,153490087,C,T,0.5843,0.0144,0.0231,0.5348,1.0073279646719998e-4,54162,T,C,C,T
