id.exposure,id.outcome,outcome,exposure,method,nsnp,b,se,pval
5ie3Ml,iWz0mo,hdl,load,Inverse variance weighted (fixed effects),44,0.021072220148545106,0.0036051832046924263,5.066321535302064e-9
5ie3Ml,iWz0mo,hdl,load,Weighted median,44,0.047907810236210074,0.004853378614427635,5.559488427453305e-23
5ie3Ml,iWz0mo,hdl,load,Weighted mode,44,0.04724965750907423,0.004958464819297627,3.655270262598481e-12
5ie3Ml,iWz0mo,hdl,load,MR Egger,44,0.030580195979354845,0.012399252408741228,0.017816749920924198
