id.exposure,id.outcome,outcome,exposure,method,nsnp,b,se,pval
HGDsl4,xGhycZ,hdl,load,Inverse variance weighted (fixed effects),19,0.01888132048073889,0.003716561383944575,3.7679995923995056e-7
HGDsl4,xGhycZ,hdl,load,Weighted median,19,0.04235687205168257,0.006085892474093795,3.406458318409432e-12
HGDsl4,xGhycZ,hdl,load,Weighted mode,19,0.045648988111911315,0.004908022873392487,2.6919329356316552e-8
HGDsl4,xGhycZ,hdl,load,MR Egger,19,0.039587138675327725,0.016192649344233666,0.025685514053464385
