id.exposure,id.outcome,outcome,exposure,method,nsnp,b,se,pval
ep8o35,tmyFBn,hdl,load,Inverse variance weighted (fixed effects),25,-0.03878404747413373,0.007009425721461359,3.1457030976537745e-8
ep8o35,tmyFBn,hdl,load,Weighted median,25,-0.03523549743451558,0.01203755062043249,0.003421038500613831
ep8o35,tmyFBn,hdl,load,Weighted mode,25,-0.04840596776024353,0.011284557412941888,2.5291116683437057e-4
ep8o35,tmyFBn,hdl,load,MR Egger,25,-0.0819397596835125,0.022326575755950737,0.001271564912202645
