id.exposure,id.outcome,outcome,exposure,egger_intercept,se,pval
ep8o35,tmyFBn,hdl,load,0.010289656622115836,0.003973807821807494,0.01639515214268825
