id.exposure,id.outcome,outcome,exposure,method,nsnp,b,se,pval
5ie3Ml,iWz0mo,hdl,load,Inverse variance weighted (fixed effects),45,0.01649730116567907,0.0034442034881756794,1.6688596964491163e-6
5ie3Ml,iWz0mo,hdl,load,Weighted median,45,0.047660405536343826,0.005725782201955124,8.51697603721838e-17
5ie3Ml,iWz0mo,hdl,load,Weighted mode,45,0.04395893341317497,0.005364583445626794,2.1254903902465143e-10
5ie3Ml,iWz0mo,hdl,load,MR Egger,45,0.025920562704050708,0.01227776016111224,0.04060833715843663
