id.exposure,id.outcome,outcome,exposure,method,nsnp,b,se,pval
ep8o35,tmyFBn,hdl,load,Inverse variance weighted (fixed effects),24,-0.02296304731993171,0.00805855205774342,0.004378453440260112
ep8o35,tmyFBn,hdl,load,Weighted median,24,-0.031221520894822764,0.011040043995835065,0.0046836142533461305
ep8o35,tmyFBn,hdl,load,Weighted mode,24,-0.031632961262561266,0.01124902790698123,0.009891881621542226
ep8o35,tmyFBn,hdl,load,MR Egger,24,-0.06889077119571002,0.029889690627751226,0.030990201208338883
