id.exposure,id.outcome,outcome,exposure,method,nsnp,b,se,pval
HGDsl4,xGhycZ,hdl,load,Inverse variance weighted (fixed effects),15,-0.02034686468048888,0.008532615634553117,0.01709775798156225
HGDsl4,xGhycZ,hdl,load,Weighted median,15,-0.025168252755772,0.013246327318229133,0.05743083262304234
HGDsl4,xGhycZ,hdl,load,Weighted mode,15,-0.01872538928953657,0.015224744110317809,0.23899119139991595
HGDsl4,xGhycZ,hdl,load,MR Egger,15,-0.033128390376279716,0.031748483895019795,0.3157500625852031
