id.exposure,id.outcome,outcome,exposure,method,nsnp,b,se,pval
AaktAk,zgQTh7,hdl,load,Inverse variance weighted (fixed effects),9,-0.05954412937053406,0.007948662055057912,6.830483922337434e-14
AaktAk,zgQTh7,hdl,load,Weighted median,9,-0.061015464621562585,0.013888651982625948,1.1170025274003864e-5
AaktAk,zgQTh7,hdl,load,Weighted mode,9,-0.03828665431896594,0.013552919729949275,0.0223222342249855
AaktAk,zgQTh7,hdl,load,MR Egger,9,-0.06931113611325039,0.020235430563698184,0.011056484155330363
