id.exposure,id.outcome,outcome,exposure,egger_intercept,se,pval
qo7h9t,q4ALq7,ptau,trig,0.0014424762664933168,0.0012996148262561962,0.2688682321455314
