id.exposure,id.outcome,outcome,exposure,egger_intercept,se,pval
slEmE2,B1MXYk,ptau,trig,0.0014225301686834639,0.0012779943389817996,0.26743608668274893
