id.exposure,id.outcome,outcome,exposure,method,nsnp,b,se,pval
erndhd,8xmlRP,ptau,trig,Inverse variance weighted (fixed effects),267,-0.007162006473225689,0.010830396829466031,0.5084279307701027
erndhd,8xmlRP,ptau,trig,Weighted median,267,-0.030562219243295708,0.018146019507387517,0.0921356433436441
erndhd,8xmlRP,ptau,trig,Weighted mode,267,-0.028040180453007046,0.02025772131634347,0.16746582580227168
erndhd,8xmlRP,ptau,trig,MR Egger,267,-0.045060646948654144,0.018408269359957406,0.015020399871607104
