id.exposure,id.outcome,outcome,exposure,method,nsnp,b,se,pval
OIFzV4,OlLZoB,ptau,trig,Inverse variance weighted (fixed effects),147,0.004328845726891955,0.011742437972393018,0.7123888777639138
OIFzV4,OlLZoB,ptau,trig,Weighted median,147,-0.03056941496314644,0.01841306289410706,0.09687370099959053
OIFzV4,OlLZoB,ptau,trig,Weighted mode,147,-0.024258680997065074,0.021867388091373206,0.26910129859438026
OIFzV4,OlLZoB,ptau,trig,MR Egger,147,-0.02066247473480969,0.0277598324060262,0.4578814588489023
