id.exposure,id.outcome,outcome,exposure,method,nsnp,b,se,pval
OZexNz,QGhxUN,ptau,trig,Inverse variance weighted (fixed effects),256,0.0019739429834060786,0.010936585168853047,0.8567679957476853
OZexNz,QGhxUN,ptau,trig,Weighted median,256,-0.03037735771894432,0.018866297281733516,0.10736755307472731
OZexNz,QGhxUN,ptau,trig,Weighted mode,256,-0.025766921637891183,0.020760866174693453,0.21569847979878273
OZexNz,QGhxUN,ptau,trig,MR Egger,256,-0.03741594642289546,0.021512836600806207,0.08320436218399974
