id.exposure,id.outcome,outcome,exposure,method,nsnp,b,se,pval
gTi8jx,urqOis,ptau,trig,Inverse variance weighted (fixed effects),257,0.008039615422886389,0.010844934496580402,0.45849672239276107
gTi8jx,urqOis,ptau,trig,Weighted median,257,-0.029862500100490946,0.01810749315181798,0.09911093884737578
gTi8jx,urqOis,ptau,trig,Weighted mode,257,-0.026378159453501082,0.01932377655474411,0.1734319028243971
gTi8jx,urqOis,ptau,trig,MR Egger,257,-0.02792610957811316,0.021918797728938674,0.2037981136794138
