id.exposure,id.outcome,outcome,exposure,method,nsnp,b,se,pval
slEmE2,B1MXYk,ptau,trig,Inverse variance weighted (fixed effects),153,0.0040677905147492,0.011630958015600953,0.7265351699688148
slEmE2,B1MXYk,ptau,trig,Weighted median,153,-0.03052762017211734,0.019257980044204218,0.11292243135353176
slEmE2,B1MXYk,ptau,trig,Weighted mode,153,-0.025463812250996587,0.020392081049451418,0.21369066527931968
slEmE2,B1MXYk,ptau,trig,MR Egger,153,-0.02084060007182479,0.027467925724081632,0.44919979383679864
