id.exposure,id.outcome,outcome,exposure,method,nsnp,b,se,pval
koIwpR,lj3fy0,load,mvpa,Inverse variance weighted (fixed effects),133,0.13957011194590313,0.12833509537684665,0.27679629557172986
koIwpR,lj3fy0,load,mvpa,Weighted median,133,0.19517386622437835,0.19137596423521763,0.30780186349966576
koIwpR,lj3fy0,load,mvpa,Weighted mode,133,0.42622803561047995,0.5093592001748384,0.4042214988846211
koIwpR,lj3fy0,load,mvpa,MR Egger,133,0.527624708932527,0.6165774736416453,0.3937088375215242
