id.exposure,id.outcome,outcome,exposure,method,nsnp,b,se,pval
73lbmG,y6HmP3,load,mvpa,Inverse variance weighted (fixed effects),126,0.8118630202998854,0.13142103276003714,6.509449062482239e-10
73lbmG,y6HmP3,load,mvpa,Weighted median,126,0.1733972247041608,0.2011647245214405,0.3887060315754911
73lbmG,y6HmP3,load,mvpa,Weighted mode,126,0.3238178390779014,0.5177700007682776,0.532843022192216
73lbmG,y6HmP3,load,mvpa,MR Egger,126,6.560813556343416,2.7093484810365354,0.0169022758999295
