id.exposure,id.outcome,outcome,exposure,method,nsnp,b,se,pval
nrf5x6,DcU1s7,load,mvpa,Inverse variance weighted (fixed effects),134,0.7869265779883943,0.12783404001828533,7.467808056699672e-10
nrf5x6,DcU1s7,load,mvpa,Weighted median,134,0.18223327991218624,0.18411655239240923,0.32228591449720695
nrf5x6,DcU1s7,load,mvpa,Weighted mode,134,0.39968484647273783,0.5111806951124678,0.4356715161170437
nrf5x6,DcU1s7,load,mvpa,MR Egger,134,5.991460742004016,2.521134181786508,0.01891444926583491
