id.exposure,id.outcome,outcome,exposure,method,nsnp,b,se,pval
3jfnvp,Df7lzY,load,mvpa,Inverse variance weighted (fixed effects),24,2.9989840566226547,0.26029356546082644,1.0275172684082423e-30
3jfnvp,Df7lzY,load,mvpa,Weighted median,24,0.49082343564914976,0.36745063714547904,0.18162989096970797
3jfnvp,Df7lzY,load,mvpa,Weighted mode,24,0.5623536747240103,0.6013021259155709,0.35938775948070667
3jfnvp,Df7lzY,load,mvpa,MR Egger,24,23.454104337619693,12.442877211699072,0.07271600802506724
