id.exposure,id.outcome,outcome,exposure,method,nsnp,b,se,pval
NKjeKD,0uZdLF,load,mvpa,Inverse variance weighted (fixed effects),29,2.7222437285711925,0.24399402314893578,6.618014146198656e-29
NKjeKD,0uZdLF,load,mvpa,Weighted median,29,0.4455663062282874,0.3562948695093263,0.21109690207665588
NKjeKD,0uZdLF,load,mvpa,Weighted mode,29,0.5556405053821081,0.6113161946122739,0.37114737095057626
NKjeKD,0uZdLF,load,mvpa,MR Egger,29,17.446553988327466,10.646359141641947,0.11287101216215094
