id.exposure,id.outcome,outcome,exposure,method,nsnp,b,se,pval
vRI14U,s13kmb,load,mvpa,Inverse variance weighted (fixed effects),28,0.352970073384858,0.24856838369523018,0.1556042042719562
vRI14U,s13kmb,load,mvpa,Weighted median,28,0.4401767721054679,0.33103366489496994,0.18361583258030686
vRI14U,s13kmb,load,mvpa,Weighted mode,28,0.6207841026646324,0.6613775282837037,0.3562458154654621
vRI14U,s13kmb,load,mvpa,MR Egger,28,0.3511429694899287,1.2359352661679104,0.778575619092342
