id.exposure,id.outcome,outcome,exposure,method,nsnp,b,se,pval
vRI14U,s13kmb,load,mvpa,Inverse variance weighted (fixed effects),31,2.378397517884833,0.2349154055532975,4.302372852594776e-24
vRI14U,s13kmb,load,mvpa,Weighted median,31,0.3926744924846683,0.34630167779336546,0.25683283863377804
vRI14U,s13kmb,load,mvpa,Weighted mode,31,0.5737239434308536,0.6257650551649612,0.3665405976409081
vRI14U,s13kmb,load,mvpa,MR Egger,31,17.762984355380834,10.017923382026488,0.08671315580789143
