id.exposure,id.outcome,outcome,exposure,method,nsnp,b,se,pval
koIwpR,lj3fy0,load,mvpa,Inverse variance weighted (fixed effects),134,0.7918286771327007,0.12765035779699957,5.535958855168289e-10
koIwpR,lj3fy0,load,mvpa,Weighted median,134,0.1954913353147216,0.1872690606974717,0.2965287850069364
koIwpR,lj3fy0,load,mvpa,Weighted mode,134,0.3924373568726356,0.48484929772716234,0.41973037215975684
koIwpR,lj3fy0,load,mvpa,MR Egger,134,5.992919028756909,2.519791326025832,0.01882402774709294
