id.exposure,id.outcome,outcome,exposure,method,nsnp,b,se,pval
xsQefD,yAjRHC,load,mvpa,Inverse variance weighted (fixed effects),134,0.7918286771327009,0.12765035779699957,5.535958855168224e-10
xsQefD,yAjRHC,load,mvpa,Weighted median,134,0.1954913353147216,0.19162001534616355,0.30763214367418507
xsQefD,yAjRHC,load,mvpa,Weighted mode,134,0.3924373568726356,0.46221078492568535,0.3973823617657183
xsQefD,yAjRHC,load,mvpa,MR Egger,134,5.992919028756915,2.5197913260258322,0.018824027747092884
