id.exposure,id.outcome,outcome,exposure,method,nsnp,b,se,pval
3PICM0,ea43FE,load,mvpa,Inverse variance weighted (fixed effects),31,2.378397517884833,0.2349154055532975,4.302372852594776e-24
3PICM0,ea43FE,load,mvpa,Weighted median,31,0.3926744924846683,0.33416694902800687,0.23996080309647022
3PICM0,ea43FE,load,mvpa,Weighted mode,31,0.5737239434308536,0.6550515819488592,0.38807316611427
3PICM0,ea43FE,load,mvpa,MR Egger,31,17.76298435538083,10.017923382026487,0.08671315580789143
