id.exposure,id.outcome,outcome,exposure,method,nsnp,b,se,pval
NKjeKD,0uZdLF,load,mvpa,Inverse variance weighted (fixed effects),31,2.377849578901551,0.23517893299481224,4.947337787675831e-24
NKjeKD,0uZdLF,load,mvpa,Weighted median,31,0.2839406473558826,0.33005041901968885,0.3896265783961299
NKjeKD,0uZdLF,load,mvpa,Weighted mode,31,0.5166787966057456,0.6206382396640556,0.4117075528930926
NKjeKD,0uZdLF,load,mvpa,MR Egger,31,17.770633583508452,10.01845675235831,0.08660019254838157
