id.exposure,id.outcome,outcome,exposure,method,nsnp,b,se,pval
u7xBwH,XDt2P1,load,mvpa,Inverse variance weighted (fixed effects),26,2.6478688463291604,0.2492472151359464,2.317962342487447e-26
u7xBwH,XDt2P1,load,mvpa,Weighted median,26,0.2536640653084055,0.3518564066032666,0.4709521885882729
u7xBwH,XDt2P1,load,mvpa,Weighted mode,26,0.6014862861185879,0.6143149911197863,0.3369027362356589
u7xBwH,XDt2P1,load,mvpa,MR Egger,26,21.874719123632403,11.777245809047448,0.0755715583723263
