id.exposure,id.outcome,outcome,exposure,method,nsnp,b,se,pval
rIXfiI,hnMfKE,hips,audit,Inverse variance weighted (fixed effects),13,4.551625317795583,2.9159701954478794,0.11854027118555394
rIXfiI,hnMfKE,hips,audit,Weighted median,13,4.344960518815298,4.136204530993249,0.2935018829712812
rIXfiI,hnMfKE,hips,audit,Weighted mode,13,5.135211570102811,5.033685758335962,0.3277755882718486
rIXfiI,hnMfKE,hips,audit,MR Egger,13,8.582805501113839,5.9232747983530745,0.1752401700319318
