id.exposure,id.outcome,outcome,exposure,method,nsnp,b,se,pval
S51T92,anpLgf,hips,audit,Inverse variance weighted (fixed effects),61,2.167991795863726,1.7740915249068796,0.2216965531116581
S51T92,anpLgf,hips,audit,Weighted median,61,3.218936791745818,2.65939473791727,0.22612466298607875
S51T92,anpLgf,hips,audit,Weighted mode,61,3.240281875034775,4.54935146866035,0.4790696987607299
S51T92,anpLgf,hips,audit,MR Egger,61,6.48454847268692,4.017870999087182,0.11187960659145273
