target_snp,proxy_snp,ld.r2,Dprime,PHASE,X12,CHR,POS,Effect_allele.proxy,Non_Effect_allele.proxy,EAF,Beta,SE,P,r2,N,ref,ref.proxy,alt,alt.proxy,Effect_allele,Non_Effect_allele,proxy.outcome
rs159963,rs301802,0.972244,0.991941,CT/AA,NA,1,8497307,T,A,0.444195,0.002597,0.004034,0.5197,3.3301976496248157e-6,3063,C,T,A,A,C,A,TRUE
rs9427672,rs1539414,0.849969,0.993148,AA/GG,NA,1,197743506,A,G,0.213089,-0.005183,0.004927,0.2929,9.009051319944716e-6,3100,A,A,G,G,A,G,TRUE
rs34215985,rs11725865,0.948403,1,CC/GT,NA,4,42036634,C,T,0.21399800000000002,0.004207,0.005021,0.4022,5.953993899283897e-6,3108,C,C,G,T,C,G,TRUE
rs247910,rs2565726,0.992074,1,GC/AT,NA,5,87581913,C,T,0.494965,-0.00408,0.004059,0.315,8.322355986736323e-6,3112,G,C,A,T,G,A,TRUE
rs1363104,rs1363102,0.992068,1,CG/GT,NA,5,103917867,T,G,0.503172,4.169e-4,0.003993,0.9169,8.689930748051063e-8,3109,C,G,G,T,G,C,TRUE
rs10950398,rs6460902,1,1,AA/GG,NA,7,12255511,A,G,0.43129,-0.003297,0.004135,0.4253,5.332466593061206e-6,3102,A,A,G,G,A,G,TRUE
rs10959913,rs958538,0.97847,1,GC/TT,NA,9,11522951,C,T,0.24073,-0.004749,0.004692,0.3115,8.244432966170733e-6,3100,G,C,T,T,G,T,TRUE
rs11663393,rs5020052,0.984127,0.99599,AG/GT,NA,18,50641696,G,T,0.45753,-0.002061,0.004105,0.6157,2.108537263618702e-6,3105,A,G,G,T,A,G,TRUE
rs12134600,NA,NA,NA,NA,NA,NA,NA,NA,NA,NA,NA,NA,NA,NA,NA,NA,NA,NA,NA,NA,NA,NA
rs76485002,NA,NA,NA,NA,NA,NA,NA,NA,NA,NA,NA,NA,NA,NA,NA,NA,NA,NA,NA,NA,NA,NA
rs1806153,NA,NA,NA,NA,NA,NA,NA,NA,NA,NA,NA,NA,NA,NA,NA,NA,NA,NA,NA,NA,NA,NA
rs62099069,NA,NA,NA,NA,NA,NA,NA,NA,NA,NA,NA,NA,NA,NA,NA,NA,NA,NA,NA,NA,NA,NA
