query_snp_rsid,rsID,ld.r2,Dprime,ref.proxy,alt.proxy,CHR,POS,Effect_allele.proxy,Non_Effect_allele.proxy,EAF,Beta,SE,P,r2,N,ref,alt,Effect_allele,Non_Effect_allele
rs1123285,rs2274793,0.95,0.98,C,T,14,57283968,T,C,0.3276,0.0034,0.0767,0.9647,5.0928329088e-6,4914,C,G,G,C
rs13032049,NA,NA,NA,NA,NA,NA,NA,NA,NA,NA,NA,NA,NA,NA,NA,NA,NA,NA,NA
rs13127398,rs13109404,0.98,1,T,G,4,102896591,T,G,0.912,-0.0114,0.1584,0.9426,2.086013951999999e-5,4914,T,A,T,A
rs13332432,rs3794666,0.92,0.97,C,T,16,85723042,T,C,0.2857,0.1287,0.0871,0.1397,0.006760486968463801,4914,C,G,G,C
rs144198753,rs145441283,0.8,1,A,G,4,99751794,A,G,0.9799,1.6385,1.2454,0.1883,0.10575494949835505,4914,C,T,C,T
rs144502847,rs145329623,1,1,A,G,4,98528709,A,G,0.9881,0.123,0.5342,0.8178,3.5578536462000065e-4,4914,T,A,T,A
rs150955800,rs145329623,1,1,A,G,4,98528709,A,G,0.9881,0.123,0.5342,0.8178,3.5578536462000065e-4,4914,T,A,T,A
rs17288033,NA,NA,NA,NA,NA,NA,NA,NA,NA,NA,NA,NA,NA,NA,NA,NA,NA,NA,NA
rs2049045,rs6265,0.97,1,C,T,11,27679916,T,C,0.1963,-0.0286,0.0921,0.7563,2.580930618552e-4,4914,G,C,C,G
rs28601761,rs112875651,0.8,0.93,G,A,8,126506694,A,G,0.3839,0.0158,0.077,0.8377,1.1809010003120001e-4,4914,C,G,G,C
rs34704785,rs11148751,1,1,A,G,13,68108403,A,G,0.5166,0.0158,0.0713,0.8248,1.246824184032e-4,4914,C,T,C,T
rs538628,rs169201,0.93,1,A,G,17,44790203,A,G,0.8071,-0.0735,0.0906,0.4172,0.0016821481751549995,4914,G,C,G,C
rs6835022,rs113299742,1,1,G,A,4,39359536,A,G,0.1795,-0.2381,0.0976,0.01472,0.016699052295795,4914,A,T,T,A
rs79616692,rs11648570,0.96,0.99,T,C,16,72356964,T,C,0.8947,0.0424,0.1174,0.718,3.3874080664319985e-4,4914,G,C,G,C
