id.exposure,id.outcome,outcome,exposure,method,nsnp,b,se,pval
wf8Mq0,fvQkSk,tau,hear,Inverse variance weighted (fixed effects),90,0.09194706604369902,0.10785327576746292,0.3939255876536527
wf8Mq0,fvQkSk,tau,hear,Weighted median,90,-0.08097187356567064,0.15485806501003346,0.6010591630675037
wf8Mq0,fvQkSk,tau,hear,Weighted mode,90,-0.15480642664816235,0.32135730151070424,0.6311824766938119
wf8Mq0,fvQkSk,tau,hear,MR Egger,90,-0.11062894420645882,0.3789491057052923,0.7710225594645189
