id.exposure,id.outcome,outcome,exposure,egger_intercept,se,pval
Hlp8H6,REh9JQ,tau,hear,0.010961722786606048,0.0064576264327614276,0.10154525951192585
