id.exposure,id.outcome,outcome,exposure,method,nsnp,b,se,pval
Hlp8H6,REh9JQ,tau,hear,Inverse variance weighted (fixed effects),28,0.13510811458400088,0.16627755849239134,0.416478576746529
Hlp8H6,REh9JQ,tau,hear,Weighted median,28,-0.07344701072306757,0.22932436620256877,0.7487593793280256
Hlp8H6,REh9JQ,tau,hear,Weighted mode,28,-0.13453862203047384,0.414145441102802,0.7477920035020759
Hlp8H6,REh9JQ,tau,hear,MR Egger,28,-1.3605428957254408,0.8966551895947535,0.14124365019098162
