id.exposure,id.outcome,outcome,exposure,method,nsnp,b,se,pval
R5ILNN,l3SVPo,dbp,hipv,Inverse variance weighted (fixed effects),26,0.14614726653129909,0.06752346453609304,0.030434254487967428
R5ILNN,l3SVPo,dbp,hipv,Weighted median,26,0.10422026071553074,0.10083506134641416,0.3013364586020373
R5ILNN,l3SVPo,dbp,hipv,Weighted mode,26,0.05258266698400593,0.13908284320672887,0.7085718299128683
R5ILNN,l3SVPo,dbp,hipv,MR Egger,26,0.03891279586236429,0.4476072219442341,0.9314443376913103
