id.exposure,id.outcome,outcome,exposure,egger_intercept,se,pval
3PWFhR,r0Sn2R,nft4,fish,-0.0069782679749162925,0.013598608514376762,0.6081733412421739
