query_snp_rsid,rsID,ld.r2,Dprime,ref.proxy,alt.proxy,CHR,POS,Effect_allele.proxy,Non_Effect_allele.proxy,EAF,Beta,SE,P,r2,N,ref,alt,Effect_allele,Non_Effect_allele
rs1123285,rs2274793,0.95,0.98,C,T,14,57283968,T,C,0.3456,0.5899,4.9308,0.9048,0.15739966818017279,13163,C,G,G,C
rs13127398,rs13109404,0.98,1,T,G,4,102896591,G,T,0.06069,-10.4185,11.6171,0.3698,12.37560590986395,12567,T,A,A,T
rs13332432,rs3794666,0.92,0.97,C,T,16,85723042,T,C,0.281,-4.1851,5.1726,0.4185,7.077451226876781,13163,C,G,G,C
rs140184756,rs141300829,1,1,A,C,4,99300438,C,A,0.005277,-26.8169,37.8915,0.4791,7.549816475145416,6957,A,G,G,A
rs140572477,NA,NA,NA,NA,NA,NA,NA,NA,NA,NA,NA,NA,NA,NA,NA,NA,NA,NA,NA
rs144198753,NA,NA,NA,NA,NA,NA,NA,NA,NA,NA,NA,NA,NA,NA,NA,NA,NA,NA,NA
rs144502847,NA,NA,NA,NA,NA,NA,NA,NA,NA,NA,NA,NA,NA,NA,NA,NA,NA,NA,NA
rs148382129,NA,NA,NA,NA,NA,NA,NA,NA,NA,NA,NA,NA,NA,NA,NA,NA,NA,NA,NA
rs150955800,NA,NA,NA,NA,NA,NA,NA,NA,NA,NA,NA,NA,NA,NA,NA,NA,NA,NA,NA
rs17288033,NA,NA,NA,NA,NA,NA,NA,NA,NA,NA,NA,NA,NA,NA,NA,NA,NA,NA,NA
rs2049045,rs6265,0.97,1,C,T,11,27679916,T,C,0.2032,-5.4182,5.8029,0.3505,9.506334430029003,13163,G,C,C,G
rs28601761,rs112875651,0.8,0.93,G,A,8,126506694,A,G,0.4024,-5.4919,4.9751,0.2696,14.505870565461773,13163,C,G,G,C
rs538628,rs1378358,1,1,C,T,17,44787312,T,C,0.2071,4.132,6.1105,0.4989,5.607239909872318,13163,G,C,C,G
rs56220387,rs11012,0.95,0.97,C,T,17,43513441,T,C,0.1821,3.856,6.4034,0.5471,4.42908688731648,12886,A,G,G,A
rs6835022,rs113299742,1,1,G,A,4,39359536,A,G,0.1992,6.5075,6.2105,0.2947,13.510510141127998,13163,A,T,T,A
rs6951574,NA,NA,NA,NA,NA,NA,NA,NA,NA,NA,NA,NA,NA,NA,NA,NA,NA,NA,NA
rs79616692,rs11648570,0.96,0.99,T,C,16,72356964,C,T,0.1161,-14.0322,8.1004,0.08322,40.4126082912078,13163,G,C,C,G
