query_snp_rsid,rsID,ld.r2,Dprime,ref.proxy,alt.proxy,CHR,POS,Effect_allele.proxy,Non_Effect_allele.proxy,EAF,Beta,SE,P,r2,N,ref,alt,Effect_allele,Non_Effect_allele
rs10993864,NA,NA,NA,NA,NA,NA,NA,NA,NA,NA,NA,NA,NA,NA,NA,NA,NA,NA,NA
rs17717563,NA,NA,NA,NA,NA,NA,NA,NA,NA,NA,NA,NA,NA,NA,NA,NA,NA,NA,NA
rs1801272,rs117824460,0.92,0.96,A,G,19,41371480,A,G,0.9617,-0.0494,0.2363,0.8346,1.797720966392e-4,4914,A,T,A,T
rs2644899,rs2604893,0.87,1,A,G,19,41293543,A,G,0.2564,0.0234,0.0649,0.7182,2.0879452788480002e-4,4914,G,T,G,T
rs3025327,rs75596189,1,1,C,T,9,136468701,T,C,0.1127,0.0777,0.0961,0.4188,0.0012074424237918,4914,G,C,C,G
rs34919890,NA,NA,NA,NA,NA,NA,NA,NA,NA,NA,NA,NA,NA,NA,NA,NA,NA,NA,NA
rs4791905,NA,NA,NA,NA,NA,NA,NA,NA,NA,NA,NA,NA,NA,NA,NA,NA,NA,NA,NA
rs56049603,rs56324858,0.94,0.98,A,G,3,49544229,A,G,0.7843,0.0843,0.0721,0.242,0.0024044597141598,4914,C,G,C,G
rs5758461,rs1983576,1,1,G,A,22,42166486,A,G,0.8114,0.0058,0.0734,0.9366,1.02958610912e-5,4914,G,C,C,G
rs59586387,rs7247903,0.91,0.96,A,G,19,41372475,A,G,0.964,0.2464,0.2562,0.3362,0.004213965127680004,4914,C,G,C,G
rs60749569,rs71521595,0.81,1,T,C,8,42573091,T,C,0.8932,0.0464,0.0981,0.6362,4.107578990592e-4,4914,A,T,A,T
rs6089904,NA,NA,NA,NA,NA,NA,NA,NA,NA,NA,NA,NA,NA,NA,NA,NA,NA,NA,NA
rs727334,NA,NA,NA,NA,NA,NA,NA,NA,NA,NA,NA,NA,NA,NA,NA,NA,NA,NA,NA
