id.exposure,id.outcome,outcome,exposure,method,nsnp,b,se,pval
fD4svl,Y5Tlo5,ab42,trig,Inverse variance weighted (fixed effects),132,-0.040001527132666116,0.009450948289643272,2.310656631879883e-5
fD4svl,Y5Tlo5,ab42,trig,Weighted median,132,0.0010258412205915034,0.015750862273398263,0.9480711233845933
fD4svl,Y5Tlo5,ab42,trig,Weighted mode,132,0.006415061298987723,0.016614441310346117,0.7000389278958347
fD4svl,Y5Tlo5,ab42,trig,MR Egger,132,-0.0021158451819222692,0.03512053426939295,0.9520528281420737
