id.exposure,id.outcome,outcome,exposure,method,nsnp,b,se,pval
ICfqwB,HAMZMG,ab42,trig,Inverse variance weighted (fixed effects),227,-0.035319972447004966,0.008732273304879462,5.23761718654295e-5
ICfqwB,HAMZMG,ab42,trig,Weighted median,227,0.0010179704025841028,0.015771988648149566,0.9485379229670099
ICfqwB,HAMZMG,ab42,trig,Weighted mode,227,0.009206572408045677,0.016081785898664467,0.567562878629486
ICfqwB,HAMZMG,ab42,trig,MR Egger,227,-0.025458991105459853,0.026551735741106718,0.3386661793473199
