id.exposure,id.outcome,outcome,exposure,method,nsnp,b,se,pval
SZkFuC,WQmDpz,ab42,trig,Inverse variance weighted (fixed effects),245,-0.027633477541470587,0.008542710259178143,0.0012175200129301833
SZkFuC,WQmDpz,ab42,trig,Weighted median,245,0.0018587575061106754,0.014846469056713992,0.9003663060860575
SZkFuC,WQmDpz,ab42,trig,Weighted mode,245,0.0071557736015464,0.01687980577319471,0.6719939115736524
SZkFuC,WQmDpz,ab42,trig,MR Egger,245,-0.022183022417860625,0.025611598410416846,0.38727219009194747
