id.exposure,id.outcome,outcome,exposure,method,nsnp,b,se,pval
rynJ61,7UU6NF,ab42,trig,Inverse variance weighted (fixed effects),143,-0.03472243850779431,0.009270789021658695,1.801355783821556e-4
rynJ61,7UU6NF,ab42,trig,Weighted median,143,0.0011819584460872842,0.015134185582592897,0.9377496345012484
rynJ61,7UU6NF,ab42,trig,Weighted mode,143,0.00855724305808847,0.017495837095790865,0.6255243314501874
rynJ61,7UU6NF,ab42,trig,MR Egger,143,-3.1238097559571474e-4,0.03419127736353975,0.9927233211448347
