id.exposure,id.outcome,outcome,exposure,method,nsnp,b,se,pval
rynJ61,7UU6NF,ab42,trig,Inverse variance weighted (fixed effects),142,-0.03304376581697263,0.009280573142355284,3.7010600060233685e-4
rynJ61,7UU6NF,ab42,trig,Weighted median,142,0.0012980091656144563,0.015061009955116177,0.9313206201391062
rynJ61,7UU6NF,ab42,trig,Weighted mode,142,0.005893857217208698,0.017287852051360294,0.7336676749429851
rynJ61,7UU6NF,ab42,trig,MR Egger,142,-0.002013510084351881,0.033924924717565086,0.9527564284825321
