id.exposure,id.outcome,outcome,exposure,egger_intercept,se,pval
fD4svl,Y5Tlo5,ab42,trig,-0.002108538132677551,0.001598066904660171,0.1893443232723282
