id.exposure,id.outcome,outcome,exposure,method,nsnp,b,se,pval
ICfqwB,HAMZMG,ab42,trig,Inverse variance weighted (fixed effects),226,-0.033832129020184225,0.008740448085320244,1.0849900431668871e-4
ICfqwB,HAMZMG,ab42,trig,Weighted median,226,0.0010230693476852891,0.01528120103523342,0.946621875940847
ICfqwB,HAMZMG,ab42,trig,Weighted mode,226,0.008582655765035696,0.01622796846673774,0.5974097033176458
ICfqwB,HAMZMG,ab42,trig,MR Egger,226,-0.025909395448050397,0.026322466124108716,0.3260264131557433
