id.exposure,id.outcome,outcome,exposure,method,nsnp,b,se,pval
PQHVVI,of2ZOZ,ab42,trig,Inverse variance weighted (fixed effects),132,-0.040001527132666116,0.009450948289643272,2.310656631879883e-5
PQHVVI,of2ZOZ,ab42,trig,Weighted median,132,0.0010258412205915034,0.015924525150241352,0.9486366398884406
PQHVVI,of2ZOZ,ab42,trig,Weighted mode,132,0.006415061298987723,0.016276862852119673,0.6941321802600771
PQHVVI,of2ZOZ,ab42,trig,MR Egger,132,-0.0021158451819222692,0.03512053426939295,0.9520528281420737
