id.exposure,id.outcome,outcome,exposure,method,nsnp,b,se,pval
JNy27q,0GQ4hs,audit,tau,Inverse variance weighted (fixed effects),11,-0.03213643869228974,0.011703315262328708,0.006034035608718224
JNy27q,0GQ4hs,audit,tau,Weighted median,11,-0.03256555529759331,0.018025140017084995,0.07081309376932801
JNy27q,0GQ4hs,audit,tau,Weighted mode,11,-0.04210172248943955,0.02387582757973559,0.10831204516281338
JNy27q,0GQ4hs,audit,tau,MR Egger,11,-0.10336859167472985,0.04950003568860695,0.0663711331851198
