id.exposure,id.outcome,outcome,exposure,egger_intercept,se,pval
JNy27q,0GQ4hs,audit,tau,0.0026774399937975002,0.0017557780340392113,0.16161524625010765
