query_snp_rsid,rsID,ld.r2,Dprime,ref.proxy,alt.proxy,CHR,POS,Effect_allele.proxy,Non_Effect_allele.proxy,EAF,Beta,SE,P,r2,N,ref,alt,Effect_allele,Non_Effect_allele
rs12592721,rs11634450,0.99,0.99,A,G,15,79093201,A,G,0.5666,0.0135,0.0735,0.8539,8.950823838e-5,4914,G,C,G,C
rs1530848,NA,NA,NA,NA,NA,NA,NA,NA,NA,NA,NA,NA,NA,NA,NA,NA,NA,NA,NA
rs28399459,rs55921593,1,1,G,T,19,41353897,T,G,0.0102,0.0399,2.0008,0.9841,3.21457385592e-5,4914,C,G,G,C
rs35405967,rs73048928,0.93,0.99,G,T,19,41323793,T,G,0.3145,0.0861,0.0883,0.3295,0.0031964241811949993,4914,C,G,G,C
rs3844442,rs10417121,0.93,1,A,G,19,41424828,A,G,0.4407,-0.0468,0.0735,0.5243,0.0010797160858848,4914,T,A,T,A
