id.exposure,id.outcome,outcome,exposure,method,nsnp,b,se,pval
ond4g7,29kGeF,alcc,ptau,Inverse variance weighted (fixed effects),15,0.01602543020429213,0.014330645635283775,0.2634547015593559
ond4g7,29kGeF,alcc,ptau,Weighted median,15,0.024261834971629433,0.021268411511202578,0.25397603704420196
ond4g7,29kGeF,alcc,ptau,Weighted mode,15,0.03883689611140645,0.024974286538911025,0.14223868860376504
ond4g7,29kGeF,alcc,ptau,MR Egger,15,0.021157901125602466,0.04718808759745701,0.6612654859371238
