id.exposure,id.outcome,outcome,exposure,method,nsnp,b,se,pval
bWC9Yd,zXdNnQ,alcc,ptau,Inverse variance weighted (fixed effects),6,0.009399835164679569,0.022852870539292424,0.6808381482886803
bWC9Yd,zXdNnQ,alcc,ptau,Weighted median,6,0.041786564565832185,0.02806722161386762,0.1365392443696498
bWC9Yd,zXdNnQ,alcc,ptau,Weighted mode,6,0.04031960228341708,0.029598280120189314,0.23128100891618572
bWC9Yd,zXdNnQ,alcc,ptau,MR Egger,6,0.12081292917059133,0.08140389070216214,0.2119407087942016
