id.exposure,id.outcome,outcome,exposure,method,nsnp,b,se,pval
v66wXJ,Qzm2dL,alcc,ptau,Inverse variance weighted (fixed effects),16,0.01509571548890017,0.014144489380888359,0.2858586661948102
v66wXJ,Qzm2dL,alcc,ptau,Weighted median,16,0.022345768922240217,0.021089748366687488,0.28934665064671444
v66wXJ,Qzm2dL,alcc,ptau,Weighted mode,16,0.037912883736785835,0.02588786871284098,0.16369941940029947
v66wXJ,Qzm2dL,alcc,ptau,MR Egger,16,0.023674329001093865,0.04475616836885462,0.605117366680002
