id.exposure,id.outcome,outcome,exposure,egger_intercept,se,pval
fU6Ddg,3UQY00,hipv,fish,-0.004643493053619553,0.002363367669424722,0.05031303748955505
