id.exposure,id.outcome,outcome,exposure,method,nsnp,b,se,pval
fU6Ddg,3UQY00,hipv,fish,Inverse variance weighted (fixed effects),318,0.1357562789224131,0.04895616037177553,0.005553917060275026
fU6Ddg,3UQY00,hipv,fish,Weighted median,318,0.10914876261578714,0.07546351275875358,0.14807121655878455
fU6Ddg,3UQY00,hipv,fish,Weighted mode,318,0.2308660279926662,0.2737364327454247,0.3996474102813443
fU6Ddg,3UQY00,hipv,fish,MR Egger,318,0.5458458159650247,0.19587269132820118,0.0056461288453906865
