id.exposure,id.outcome,outcome,exposure,method,nsnp,b,se,pval
Cdch6b,2USMX3,hipv,fish,Inverse variance weighted (fixed effects),107,0.24483268390458196,0.07053583553612741,5.184473851641336e-4
Cdch6b,2USMX3,hipv,fish,Weighted median,107,0.2588989712174509,0.1139275829826322,0.02305710174032293
Cdch6b,2USMX3,hipv,fish,Weighted mode,107,0.26139697949048113,0.2916901827774614,0.37220545416268336
Cdch6b,2USMX3,hipv,fish,MR Egger,107,0.7995147885286731,0.3877045705763773,0.041659856618813884
