id.exposure,id.outcome,outcome,exposure,method,nsnp,b,se,pval
XNiGkZ,nH0TrP,hipv,fish,Inverse variance weighted (fixed effects),317,0.11908954273853893,0.049023457013023894,0.015130683061221985
XNiGkZ,nH0TrP,hipv,fish,Weighted median,317,0.10843089934637717,0.07750393254326403,0.16180177165249465
XNiGkZ,nH0TrP,hipv,fish,Weighted mode,317,0.22985700213182003,0.2743559653135002,0.4027730356170015
XNiGkZ,nH0TrP,hipv,fish,MR Egger,317,0.4860854864067111,0.20160412307162037,0.01647705914765008
