id.exposure,id.outcome,outcome,exposure,method,nsnp,b,se,pval
1ZIq5m,tR3xpp,hipv,fish,Inverse variance weighted (fixed effects),106,0.21921666309993956,0.07070743385603306,0.001933025148700468
1ZIq5m,tR3xpp,hipv,fish,Weighted median,106,0.255547784469675,0.1095719272706314,0.019688187589983513
1ZIq5m,tR3xpp,hipv,fish,Weighted mode,106,0.2632342162930543,0.29768764321220664,0.3785744974433546
1ZIq5m,tR3xpp,hipv,fish,MR Egger,106,0.8293785843352305,0.39546105669979487,0.03839636967607096
