id.exposure,id.outcome,outcome,exposure,egger_intercept,se,pval
sMdq8Z,5L6KN8,hipv,fish,-0.008702395876292875,0.0054736098209906235,0.11489672995536265
