id.exposure,id.outcome,outcome,exposure,method,nsnp,b,se,pval
bsIbUE,5RNExY,hipv,fish,Inverse variance weighted (fixed effects),317,0.11908954273853893,0.049023457013023894,0.015130683061221985
bsIbUE,5RNExY,hipv,fish,Weighted median,317,0.10843089934637717,0.07587242727916142,0.15296938215090242
bsIbUE,5RNExY,hipv,fish,Weighted mode,317,0.22985700213182003,0.2718047536757598,0.3983770004100572
bsIbUE,5RNExY,hipv,fish,MR Egger,317,0.4860854864067111,0.20160412307162037,0.01647705914765008
