id.exposure,id.outcome,outcome,exposure,method,nsnp,b,se,pval
1ZIq5m,tR3xpp,hipv,fish,Inverse variance weighted (fixed effects),105,0.2422806169659977,0.07099806176240932,6.437082110867789e-4
1ZIq5m,tR3xpp,hipv,fish,Weighted median,105,0.25906294100568217,0.11329091641206136,0.022213029108513735
1ZIq5m,tR3xpp,hipv,fish,Weighted mode,105,0.25949707418408074,0.30373062344958396,0.3948660611033532
1ZIq5m,tR3xpp,hipv,fish,MR Egger,105,0.7591209701611311,0.38596555951696704,0.05189541212128666
