id.exposure,id.outcome,outcome,exposure,method,nsnp,b,se,pval
uveN2W,TcYGRc,dbp,load,Inverse variance weighted (fixed effects),78,0.0374631538413805,0.011871962076163183,0.0016016879847426237
uveN2W,TcYGRc,dbp,load,Weighted median,78,0.0148232049818403,0.019956910216117063,0.4576266826211557
uveN2W,TcYGRc,dbp,load,Weighted mode,78,0.018979840990676067,0.016118772287590236,0.24262306727946276
uveN2W,TcYGRc,dbp,load,MR Egger,78,-0.009410683076409658,0.04024373213517959,0.8157362375838251
