id.exposure,id.outcome,outcome,exposure,method,nsnp,b,se,pval
uveN2W,TcYGRc,dbp,load,Inverse variance weighted (fixed effects),76,0.043438186953147426,0.01192503799015976,2.6989424147181207e-4
uveN2W,TcYGRc,dbp,load,Weighted median,76,0.014907751022851906,0.019879933833664713,0.4533213382561578
uveN2W,TcYGRc,dbp,load,Weighted mode,76,0.012826885922502362,0.016213406540160052,0.43136385734406335
uveN2W,TcYGRc,dbp,load,MR Egger,76,-0.01868698633534556,0.03885853975716141,0.6320079650557531
