id.exposure,id.outcome,outcome,exposure,method,nsnp,b,se,pval
8k8GwF,5M5NZ5,alcd,tau,Inverse variance weighted (fixed effects),11,0.024150408646773678,0.23244728311405194,0.9172516570937639
8k8GwF,5M5NZ5,alcd,tau,Weighted median,11,0.19520415595826707,0.3376335902674358,0.563160261656099
8k8GwF,5M5NZ5,alcd,tau,Weighted mode,11,0.2733801392042854,0.4720019721388315,0.5752731343453363
8k8GwF,5M5NZ5,alcd,tau,MR Egger,11,0.4237119044642834,0.9043520402984955,0.6505491422600134
