id.exposure,id.outcome,outcome,exposure,egger_intercept,se,pval
8k8GwF,5M5NZ5,alcd,tau,-0.014367792669896837,0.03102129764723616,0.6542461263162362
