id.exposure,id.outcome,outcome,exposure,method,nsnp,b,se,pval
PNt7Pz,kpWJrp,hipv2015,ldl,Inverse variance weighted (fixed effects),292,-16.72969498600965,7.1071399077652595,0.01857621332958648
PNt7Pz,kpWJrp,hipv2015,ldl,Weighted median,292,-27.626258851788233,14.367328548553846,0.05449853081730312
PNt7Pz,kpWJrp,hipv2015,ldl,Weighted mode,292,-20.000990963032223,12.919726855358084,0.12268575581320518
PNt7Pz,kpWJrp,hipv2015,ldl,MR Egger,292,-32.086608402681854,11.833780637414364,0.00709882836406213
