id.exposure,id.outcome,outcome,exposure,method,nsnp,b,se,pval
MBojKm,4l28pu,hipv2015,ldl,Inverse variance weighted (fixed effects),192,-22.79349496080239,7.872242807949464,0.003786445297029512
MBojKm,4l28pu,hipv2015,ldl,Weighted median,192,-17.013618738377517,13.263239903396496,0.19957445125966478
MBojKm,4l28pu,hipv2015,ldl,Weighted mode,192,-13.320855819677718,17.203762119569618,0.4397113973507797
MBojKm,4l28pu,hipv2015,ldl,MR Egger,192,-26.6260681735295,14.816469012864038,0.07391444399497174
