id.exposure,id.outcome,outcome,exposure,method,nsnp,b,se,pval
nOjYVM,1wqbAs,hipv2015,ldl,Inverse variance weighted (fixed effects),293,-16.305757537177616,7.4735794721578985,0.029125266327824664
nOjYVM,1wqbAs,hipv2015,ldl,Weighted median,293,-15.534191491747505,13.046812465921768,0.23379088688790836
nOjYVM,1wqbAs,hipv2015,ldl,Weighted mode,293,-12.993120402543582,14.966861369421677,0.3860383091741435
nOjYVM,1wqbAs,hipv2015,ldl,MR Egger,293,-34.25371891212233,13.477076063194339,0.011552604835334207
