id.exposure,id.outcome,outcome,exposure,method,nsnp,b,se,pval
MBojKm,4l28pu,hipv2015,ldl,Inverse variance weighted (fixed effects),192,-22.79349496080239,7.872242807949464,0.003786445297029512
MBojKm,4l28pu,hipv2015,ldl,Weighted median,192,-17.013618738377517,13.591181045303834,0.2106379685412612
MBojKm,4l28pu,hipv2015,ldl,Weighted mode,192,-13.320855819677718,15.578036803635031,0.39356441470762904
MBojKm,4l28pu,hipv2015,ldl,MR Egger,192,-26.6260681735295,14.816469012864038,0.07391444399497174
