id.exposure,id.outcome,outcome,exposure,method,nsnp,b,se,pval
VAZzEs,T0bmhi,hipv2015,ldl,Inverse variance weighted (fixed effects),304,-16.601911396651186,7.40068468811839,0.024877863429639734
VAZzEs,T0bmhi,hipv2015,ldl,Weighted median,304,-15.644380668451378,13.135545295760087,0.23365519213593644
VAZzEs,T0bmhi,hipv2015,ldl,Weighted mode,304,-13.011919284932787,15.201044163604541,0.39268053442906703
VAZzEs,T0bmhi,hipv2015,ldl,MR Egger,304,-34.11357764845018,13.396369946260807,0.011377865606261835
