id.exposure,id.outcome,outcome,exposure,method,nsnp,b,se,pval
f4lRnz,uOOYjc,hipv2015,ldl,Inverse variance weighted (fixed effects),199,-23.279483874515357,7.803849326239549,0.0028536613910569385
f4lRnz,uOOYjc,hipv2015,ldl,Weighted median,199,-17.360734547301966,13.938741983978542,0.2129471878070755
f4lRnz,uOOYjc,hipv2015,ldl,Weighted mode,199,-13.73636259493287,15.316632260712474,0.3709005885369828
f4lRnz,uOOYjc,hipv2015,ldl,MR Egger,199,-27.30620977157643,14.680848658746378,0.06437783552625213
