id.exposure,id.outcome,outcome,exposure,method,nsnp,b,se,pval
VAZzEs,T0bmhi,hipv2015,ldl,Inverse variance weighted (fixed effects),304,-16.601911396651186,7.40068468811839,0.024877863429639734
VAZzEs,T0bmhi,hipv2015,ldl,Weighted median,304,-15.644380668451378,12.769052935070144,0.22050763265988355
VAZzEs,T0bmhi,hipv2015,ldl,Weighted mode,304,-13.011919284932787,14.829856576338097,0.38095713220391714
VAZzEs,T0bmhi,hipv2015,ldl,MR Egger,304,-34.11357764845018,13.396369946260807,0.011377865606261835
