id.exposure,id.outcome,outcome,exposure,method,nsnp,b,se,pval
JWOfbg,I37ccY,hipv2015,ldl,Inverse variance weighted (fixed effects),191,-22.577545595098538,7.447342655734998,0.0024324167998483223
JWOfbg,I37ccY,hipv2015,ldl,Weighted median,191,-27.689464003833184,15.010094684611971,0.06507787140792112
JWOfbg,I37ccY,hipv2015,ldl,Weighted mode,191,-19.463806317772196,12.834377499153131,0.13104565123224632
JWOfbg,I37ccY,hipv2015,ldl,MR Egger,191,-26.214031580568374,12.736372680313986,0.04094301378711617
