id.exposure,id.outcome,outcome,exposure,method,nsnp,b,se,pval
4Brb4t,EHbpJn,ab42,dbp,Inverse variance weighted (fixed effects),1104,4.7564748343557e-4,9.11728324950257e-4,0.6018801287717228
4Brb4t,EHbpJn,ab42,dbp,Weighted median,1104,4.366086809262198e-4,0.001511888212667099,0.772746901945863
4Brb4t,EHbpJn,ab42,dbp,Weighted mode,1104,-8.497399092566582e-4,0.0041669247928008074,0.8384497687635103
4Brb4t,EHbpJn,ab42,dbp,MR Egger,1104,0.003361349436205891,0.0025478565960946817,0.18734783518098427
