id.exposure,id.outcome,outcome,exposure,method,nsnp,b,se,pval
zAUiS8,M7FtYY,nft4,mdd,Inverse variance weighted (fixed effects),177,0.05380750880613602,0.1339166443578106,0.6878323152952754
zAUiS8,M7FtYY,nft4,mdd,Weighted median,177,0.10106109807524036,0.1960108825287663,0.6061413408270078
zAUiS8,M7FtYY,nft4,mdd,Weighted mode,177,0.24283640051910282,0.570083957261887,0.6706530681962122
zAUiS8,M7FtYY,nft4,mdd,MR Egger,177,0.05123380829386158,0.7329639756815143,0.944353469014652
