id.exposure,id.outcome,outcome,exposure,method,nsnp,b,se,pval
cyZqOA,ZvSqTE,nft4,mdd,Inverse variance weighted (fixed effects),45,0.06267596960142074,0.2292226074333208,0.7845239282047171
cyZqOA,ZvSqTE,nft4,mdd,Weighted median,45,0.2947566601105909,0.31669594053998024,0.35199611060282066
cyZqOA,ZvSqTE,nft4,mdd,Weighted mode,45,0.4512723204666882,0.7214081822245204,0.5348456159326046
cyZqOA,ZvSqTE,nft4,mdd,MR Egger,45,-0.5873740769162232,1.414535915377338,0.6800298340664039
