id.exposure,id.outcome,outcome,exposure,method,nsnp,b,se,pval
qG0Dps,emckre,diab,aaos,Inverse variance weighted (fixed effects),7,-0.07510797679707458,0.03210889869128159,0.019326952444992232
qG0Dps,emckre,diab,aaos,Weighted median,7,-0.13746243439218,0.043008176480787676,0.0013925390997790899
qG0Dps,emckre,diab,aaos,Weighted mode,7,-0.1467115937078343,0.04394844004361889,0.01564533229077414
qG0Dps,emckre,diab,aaos,MR Egger,7,-0.4777383563244509,0.17004021790248935,0.03756766527132056
