id.exposure,id.outcome,outcome,exposure,method,nsnp,b,se,pval
qG0Dps,emckre,diab,aaos,Inverse variance weighted (fixed effects),7,-0.07510797679707458,0.03210889869128159,0.019326952444992232
qG0Dps,emckre,diab,aaos,Weighted median,7,-0.13746243439218,0.042210365998155315,0.0011275373266830741
qG0Dps,emckre,diab,aaos,Weighted mode,7,-0.1467115937078343,0.045231669781740286,0.017608047154018126
qG0Dps,emckre,diab,aaos,MR Egger,7,-0.4777383563244509,0.17004021790248935,0.03756766527132056
