id.exposure,id.outcome,outcome,exposure,method,nsnp,b,se,pval
pkvzBq,X7nkm1,diab,aaos,Inverse variance weighted (fixed effects),26,-0.04114484772448895,0.018594572508622783,0.02691597162371144
pkvzBq,X7nkm1,diab,aaos,Weighted median,26,-0.07467462974517514,0.028683789138022657,0.009231120250380545
pkvzBq,X7nkm1,diab,aaos,Weighted mode,26,-0.12094009163229158,0.04935302566010903,0.021606401814292592
pkvzBq,X7nkm1,diab,aaos,MR Egger,26,-0.1716893148164897,0.07470083888376099,0.03055722754866176
