id.exposure,id.outcome,outcome,exposure,method,nsnp,b,se,pval
pkvzBq,X7nkm1,diab,aaos,Inverse variance weighted (fixed effects),28,-0.041050308575356326,0.01819697676720937,0.024077759668446403
pkvzBq,X7nkm1,diab,aaos,Weighted median,28,-0.0746391741749811,0.029216776322838405,0.010628901251402988
pkvzBq,X7nkm1,diab,aaos,Weighted mode,28,-0.11734787761025545,0.04399170660829047,0.012759386414144713
pkvzBq,X7nkm1,diab,aaos,MR Egger,28,-0.06662800053736756,0.09653058795205054,0.49616726962865354
