id.exposure,id.outcome,outcome,exposure,method,nsnp,b,se,pval
BKvf88,CgG6cI,diab,aaos,Inverse variance weighted (fixed effects),26,-0.0343941385170516,0.01923653778092815,0.07378264246806618
BKvf88,CgG6cI,diab,aaos,Weighted median,26,-0.06610010690594845,0.030385934763294493,0.029603741298307427
BKvf88,CgG6cI,diab,aaos,Weighted mode,26,-0.11725071080973515,0.0501716624819793,0.027749674774522008
BKvf88,CgG6cI,diab,aaos,MR Egger,26,-0.06253365519408938,0.11516709529167857,0.5921498274912832
