id.exposure,id.outcome,outcome,exposure,method,nsnp,b,se,pval
sa4EmX,ELDBTy,load,insom,Inverse variance weighted (fixed effects),33,-0.045427288994880265,0.05144878629893558,0.37725716287847644
sa4EmX,ELDBTy,load,insom,Weighted median,33,-0.027141904849426215,0.07679443328062091,0.7237617227081151
sa4EmX,ELDBTy,load,insom,Weighted mode,33,0.1422384722637262,0.14538570013047405,0.33523891028656383
sa4EmX,ELDBTy,load,insom,MR Egger,33,-0.1011326341712457,0.151776919300016,0.5101326985061434
