id.exposure,id.outcome,outcome,exposure,method,nsnp,b,se,pval
2YvRwC,TtXOUr,load,insom,Inverse variance weighted (fixed effects),33,-0.045427288994880265,0.05144878629893558,0.37725716287847644
2YvRwC,TtXOUr,load,insom,Weighted median,33,-0.027141904849426215,0.07485122244556762,0.7168952102313402
2YvRwC,TtXOUr,load,insom,Weighted mode,33,0.1422384722637262,0.15487187192538046,0.36526662979368896
2YvRwC,TtXOUr,load,insom,MR Egger,33,-0.1011326341712457,0.151776919300016,0.5101326985061434
