id.exposure,id.outcome,outcome,exposure,method,nsnp,b,se,pval
oBC6v6,l1aGGv,hips,cpd,Inverse variance weighted (fixed effects),47,-0.05287602098986003,0.5298174817301401,0.9205027539410854
oBC6v6,l1aGGv,hips,cpd,Weighted median,47,0.2099424481028414,0.8383826677662114,0.8022674892496142
oBC6v6,l1aGGv,hips,cpd,Weighted mode,47,0.023326134624877426,0.9259272714177255,0.9800106386092933
oBC6v6,l1aGGv,hips,cpd,MR Egger,47,-1.0731324566690363,1.0181343851113442,0.2975010787905392
