exposure,outcome,method,nsnp,b,se,pval,Signif
ptau,load,IVW,6,6.747834345103713,0.18178690072295753,1.3630672368576787e-301,***
ptau,load,Weighted median,6,0.8123738491038117,0.29700143489786934,0.006233248504670257,**
ptau,load,MR Egger,6,14.629275375161768,9.730398075984782,0.2071511548382663, 
load,ptau,IVW,25,-0.0057376827515567014,0.004422640136075714,0.19451307641032714, 
load,ptau,Weighted median,25,-0.056077579148722974,0.01667533516149123,7.712671361536192e-4,***
load,ptau,MR Egger,25,-0.03621060498697197,0.016629453528361628,0.0399550142100404,*
