id.exposure,id.outcome,outcome,exposure,method,nsnp,b,se,pval
vZlcN7,AT5fgo,hipv2015,smkukbb,Inverse variance weighted (fixed effects),692,8.539013454426419,26.044417995252847,0.7430148893892736
vZlcN7,AT5fgo,hipv2015,smkukbb,Weighted median,692,3.262806350146593,39.014400629102724,0.9333499612619994
vZlcN7,AT5fgo,hipv2015,smkukbb,Weighted mode,692,232.31135413200263,151.8806674072963,0.12658206689883694
vZlcN7,AT5fgo,hipv2015,smkukbb,MR Egger,692,18.37397515519078,107.26847263523007,0.8640462666057143
