id.exposure,id.outcome,outcome,exposure,method,nsnp,b,se,pval
qS5HdB,euTaIs,hipv2015,smkukbb,Inverse variance weighted (fixed effects),189,-41.16055276615501,41.86759334789665,0.32555209165201116
qS5HdB,euTaIs,hipv2015,smkukbb,Weighted median,189,-21.04616496511718,62.30125876910775,0.7355042355833563
qS5HdB,euTaIs,hipv2015,smkukbb,Weighted mode,189,188.4814190390921,181.81092214520413,0.30121230436841806
qS5HdB,euTaIs,hipv2015,smkukbb,MR Egger,189,119.29593377925907,185.16891906541156,0.5201997816500998
