id.exposure,id.outcome,outcome,exposure,method,nsnp,b,se,pval
kVhshx,rbYCza,hipv2015,smkukbb,Inverse variance weighted (fixed effects),631,-7.2962887058140575,27.23649106828853,0.7887866730053691
kVhshx,rbYCza,hipv2015,smkukbb,Weighted median,631,-17.370282563351566,40.797914271438685,0.67027983249713
kVhshx,rbYCza,hipv2015,smkukbb,Weighted mode,631,132.74757502187595,154.74890508037282,0.39131498149502475
kVhshx,rbYCza,hipv2015,smkukbb,MR Egger,631,19.931039246973576,112.26873243380825,0.8591494582504076
