id.exposure,id.outcome,outcome,exposure,method,nsnp,b,se,pval
NoxJSS,hP61Ro,vbiany,mdd,Inverse variance weighted (fixed effects),176,-0.07399383567910266,0.17675080591880052,0.6754838904332102
NoxJSS,hP61Ro,vbiany,mdd,Weighted median,176,-0.09140406525035775,0.26705389263761364,0.7321490361840004
NoxJSS,hP61Ro,vbiany,mdd,Weighted mode,176,-1.0576423349927602,0.7638454426189628,0.16792888154508773
NoxJSS,hP61Ro,vbiany,mdd,MR Egger,176,-0.5992827811254038,0.9834584299910246,0.5430789711569587
