exposure,outcome,method,nsnp,b,se,pval,Signif
alcc,mvpa,IVW,8,-0.024932594166320276,0.048426252399740466,0.606652963258757, 
alcc,mvpa,Weighted median,8,-0.050500153130511864,0.06210121475272267,0.4161085198605087, 
alcc,mvpa,MR Egger,8,0.12797080204067351,0.34595647528670814,0.7241591502741445, 
mvpa,alcc,IVW,37,-0.08347328645237923,0.028678723339399727,0.003606954882334533,**
mvpa,alcc,Weighted median,37,-0.15453425557557668,0.04059793484326618,1.4097231793196502e-4,***
mvpa,alcc,MR Egger,37,-0.2884372393533815,0.1536086173357825,0.06876968681242919,.
