exposure,outcome,method,nsnp,b,se,pval,Signif
LOAD,alcc,IVW,29,-0.0012432462386519191,0.0014733163414126901,0.398757690707867, 
LOAD,alcc,Weighted median,29,-5.901634753211399e-4,0.0023607646378051104,0.8025964173790713, 
LOAD,alcc,MR Egger,29,0.001184372780501504,0.0023593800130466977,0.6197474965023504, 
AAOS,alcc,IVW,13,-2.628723302581652e-4,0.0026444718841212877,0.9208171325405081, 
AAOS,alcc,Weighted median,13,7.395868256070202e-5,0.004067291226465853,0.9854922512640555, 
AAOS,alcc,MR Egger,13,0.0023122326270862766,0.004272522152186717,0.5991676534052996, 
HV,alcc,IVW,8,0.008366464612891122,0.011735549011481586,0.47589752926120543, 
HV,alcc,Weighted median,8,0.006738316406601984,0.014929503263015025,0.6517428592515394, 
HV,alcc,MR Egger,8,-0.0128595598759665,0.03780905180228869,0.7453584503117623, 
