exposure,outcome,method,nsnp,b,se,pval,Signif
alcc,mvpa,IVW,53,0.01791794799184129,0.024945147854805717,0.4725760793677395, 
alcc,mvpa,Weighted median,53,-0.0021198024320817155,0.04189660010098391,0.9596474112277026, 
alcc,mvpa,MR Egger,53,0.10449480266805458,0.15640934358709063,0.5070914510027393, 
mvpa,alcc,IVW,152,-0.020054953852981495,0.014189394987961491,0.1575451254959615, 
mvpa,alcc,Weighted median,152,-0.0377860508596307,0.024235531939679162,0.11896848559788331, 
mvpa,alcc,MR Egger,152,-0.031250007434641756,0.04051501453749669,0.44173111516566443, 
