id.exposure,id.outcome,outcome,exposure,method,nsnp,b,se,pval
HylQvc,t7x4ZG,hipv,pp,Inverse variance weighted (fixed effects),2277,-0.0012299087525282002,0.0013818750947131504,0.3734503752573571
HylQvc,t7x4ZG,hipv,pp,Weighted median,2277,-0.00402406613368544,0.0021916892391999807,0.0663492428744191
HylQvc,t7x4ZG,hipv,pp,Weighted mode,2277,-0.008146340544935404,0.008143394255160669,0.31724178974077294
HylQvc,t7x4ZG,hipv,pp,MR Egger,2277,-0.002441879863871736,0.003893096505483566,0.5305692447933081
