id.exposure,id.outcome,outcome,exposure,method,nsnp,b,se,pval
emxBSZ,rovz8D,hipv,pp,Inverse variance weighted (fixed effects),1134,-0.0029022508360432124,0.001656444238625667,0.07975714511167457
emxBSZ,rovz8D,hipv,pp,Weighted median,1134,-0.00459261522553349,0.0027190206307826413,0.09120608319136485
emxBSZ,rovz8D,hipv,pp,Weighted mode,1134,-0.009422536972071405,0.008671145531176844,0.2774207748667203
emxBSZ,rovz8D,hipv,pp,MR Egger,1134,2.8302366474697565e-4,0.0050252302983320825,0.9550963982197618
