id.exposure,id.outcome,outcome,exposure,method,nsnp,b,se,pval
sd0VEu,81oGvg,hipv,pp,Inverse variance weighted (fixed effects),1147,-0.0026066479268422454,0.0016500084971370372,0.11415760399897124
sd0VEu,81oGvg,hipv,pp,Weighted median,1147,-0.004526360158012009,0.0026833528672476283,0.09163604218542498
sd0VEu,81oGvg,hipv,pp,Weighted mode,1147,-0.008938073447417816,0.009675864316349937,0.3558112804033501
sd0VEu,81oGvg,hipv,pp,MR Egger,1147,7.126897994573497e-4,0.004949701793097532,0.8855365369794673
