id.exposure,id.outcome,outcome,exposure,method,nsnp,b,se,pval
HylQvc,t7x4ZG,hipv,pp,Inverse variance weighted (fixed effects),2278,-0.0013381250515760424,0.001381699334899111,0.33281305584417586
HylQvc,t7x4ZG,hipv,pp,Weighted median,2278,-0.004024705419142327,0.0022572029126008706,0.07457818141293147
HylQvc,t7x4ZG,hipv,pp,Weighted mode,2278,-0.007617449760677519,0.009017620458185662,0.39835064604384685
HylQvc,t7x4ZG,hipv,pp,MR Egger,2278,-0.0023391675244979503,0.003909565146453286,0.5496865646935649
