id.exposure,id.outcome,outcome,exposure,method,nsnp,b,se,pval
ZRFoH1,hzBCq0,hipv,pp,Inverse variance weighted (fixed effects),2299,-0.001270457022284942,0.0013766763123446116,0.3560886786704936
ZRFoH1,hzBCq0,hipv,pp,Weighted median,2299,-0.003999522929186248,0.0021900433030051037,0.06781561406543835
ZRFoH1,hzBCq0,hipv,pp,Weighted mode,2299,-0.0068134789932638995,0.008955627135553394,0.44685206479621264
ZRFoH1,hzBCq0,hipv,pp,MR Egger,2299,-0.002437575197681314,0.0038774177082315756,0.5296345513116292
