id.exposure,id.outcome,outcome,exposure,method,nsnp,b,se,pval
oCbVdQ,y8yzBT,alcd,load,Inverse variance weighted (fixed effects),42,0.0049905363930004025,0.019293592233528164,0.7958953520767684
oCbVdQ,y8yzBT,alcd,load,Weighted median,42,0.02363098998205737,0.030243146188395197,0.4345867992183621
oCbVdQ,y8yzBT,alcd,load,Weighted mode,42,0.01733722210890809,0.026633579671866053,0.5187083322637576
oCbVdQ,y8yzBT,alcd,load,MR Egger,42,0.017324028999129756,0.029572471238515613,0.5612901731659405
