id.exposure,id.outcome,outcome,exposure,method,nsnp,b,se,pval
OCfcIT,YFEpOU,alcd,load,Inverse variance weighted (fixed effects),87,0.013180867106946702,0.017468982817496585,0.4505311929506552
OCfcIT,YFEpOU,alcd,load,Weighted median,87,0.024141917038365587,0.02855413886401655,0.3978436039378821
OCfcIT,YFEpOU,alcd,load,Weighted mode,87,0.022339374617865726,0.02602074959949856,0.39299105773081455
OCfcIT,YFEpOU,alcd,load,MR Egger,87,0.007802255391491657,0.02943821519258433,0.791621611964251
