id.exposure,id.outcome,outcome,exposure,method,nsnp,b,se,pval
OCfcIT,YFEpOU,alcd,load,Inverse variance weighted (fixed effects),87,0.013180867106946702,0.017468982817496585,0.4505311929506552
OCfcIT,YFEpOU,alcd,load,Weighted median,87,0.024141917038365587,0.02887379853714376,0.40308824342247085
OCfcIT,YFEpOU,alcd,load,Weighted mode,87,0.022339374617865726,0.027330413115443822,0.41596917233883346
OCfcIT,YFEpOU,alcd,load,MR Egger,87,0.007802255391491657,0.02943821519258433,0.791621611964251
