id.exposure,id.outcome,outcome,exposure,method,nsnp,b,se,pval
veuVp4,u1aLFR,alcd,load,Inverse variance weighted (fixed effects),87,0.013180867106946714,0.01746898281749659,0.45053119295065497
veuVp4,u1aLFR,alcd,load,Weighted median,87,0.024141917038365587,0.02887379853714376,0.40308824342247085
veuVp4,u1aLFR,alcd,load,Weighted mode,87,0.022339374617865726,0.027330413115443822,0.41596917233883346
veuVp4,u1aLFR,alcd,load,MR Egger,87,0.0078022553914916465,0.02943821519258432,0.7916216119642511
