query_snp_rsid,rsID,ld.r2,Dprime,ref.proxy,alt.proxy,CHR,POS,Effect_allele.proxy,Non_Effect_allele.proxy,EAF,Beta,SE,P,r2,N,ref,alt,Effect_allele,Non_Effect_allele
rs116874152,NA,NA,NA,NA,NA,NA,NA,NA,NA,NA,NA,NA,NA,NA,NA,NA,NA,NA,NA
rs1372502,rs1899386,0.97,0.99,C,T,5,103704857,T,C,0.3534,0.017,0.016,0.2906,1.3207787832e-4,54162,A,T,T,A
rs138057142,rs146851283,0.85,0.92,C,T,15,82312727,T,C,0.0111,0.1461,0.0774,0.05907,4.6860377535180007e-4,54162,A,T,T,A
rs143888887,NA,NA,NA,NA,NA,NA,NA,NA,NA,NA,NA,NA,NA,NA,NA,NA,NA,NA,NA
rs145629243,NA,NA,NA,NA,NA,NA,NA,NA,NA,NA,NA,NA,NA,NA,NA,NA,NA,NA,NA
rs146420746,NA,NA,NA,NA,NA,NA,NA,NA,NA,NA,NA,NA,NA,NA,NA,NA,NA,NA,NA
rs1476535,rs12533005,0.97,-1,G,C,7,114056055,C,G,0.4443,-0.0043,0.0157,0.7859,9.130269919800001e-6,54162,C,T,T,C
rs183970751,NA,NA,NA,NA,NA,NA,NA,NA,NA,NA,NA,NA,NA,NA,NA,NA,NA,NA,NA
rs184586260,rs117739450,1,1,A,G,11,108508979,G,A,0.9871,0.0199,0.1113,0.8584,1.0085257951800019e-5,54162,C,T,T,C
rs189286754,NA,NA,NA,NA,NA,NA,NA,NA,NA,NA,NA,NA,NA,NA,NA,NA,NA,NA,NA
rs56399421,rs111463682,0.98,1,G,A,15,66540097,A,G,0.0632,0.0115,0.0352,0.7444,1.565992352e-5,54162,A,T,T,A
rs6824784,rs11732408,1,1,A,T,4,82273827,T,A,0.6784,1e-4,0.0166,0.9966,4.3634688e-9,54162,A,G,G,A
rs71597563,NA,NA,NA,NA,NA,NA,NA,NA,NA,NA,NA,NA,NA,NA,NA,NA,NA,NA,NA
rs72852768,rs72851580,0.84,0.93,A,T,17,78724684,T,A,0.9565,0.0089,0.0428,0.8343,6.591499754999997e-6,54162,G,C,C,G
rs76735900,rs146930962,0.87,1,C,G,3,103436666,G,C,NA,0.0442,0.0847,0.6022,NA,54162,C,A,A,C
rs78633569,NA,NA,NA,NA,NA,NA,NA,NA,NA,NA,NA,NA,NA,NA,NA,NA,NA,NA,NA
rs7915847,rs10884325,1,1,A,G,10,108242222,G,A,0.9236,-0.0269,0.0284,0.3447,1.0212024274880003e-4,54162,T,A,A,T
