id.exposure,id.outcome,outcome,exposure,method,nsnp,b,se,pval
Am34km,eY8DDx,hipv,hear,Inverse variance weighted (fixed effects),127,0.2999380817542519,0.13804987932836602,0.029804481039398784
Am34km,eY8DDx,hipv,hear,Weighted median,127,0.2861399886422404,0.20952160362168526,0.17203863762356078
Am34km,eY8DDx,hipv,hear,Weighted mode,127,0.48001911132618513,0.5361502132776452,0.3723301009629073
Am34km,eY8DDx,hipv,hear,MR Egger,127,0.543249692106029,0.40570290992385366,0.18298977492196694
