id.exposure,id.outcome,outcome,exposure,egger_intercept,se,pval
Am34km,eY8DDx,hipv,hear,-0.0018522173010432008,0.0029041292090789842,0.5247786154048597
