id.exposure,id.outcome,outcome,exposure,method,nsnp,b,se,pval
gXTyGU,7kRGRu,diab,ptau,Inverse variance weighted (fixed effects),4,-0.015017976642060171,0.11981620236167084,0.9002529735811683
gXTyGU,7kRGRu,diab,ptau,Weighted median,4,-0.026893263226010766,0.14952334688092048,0.8572625096073178
gXTyGU,7kRGRu,diab,ptau,Weighted mode,4,-0.39675658578881534,0.46819830721832534,0.4590175266083106
gXTyGU,7kRGRu,diab,ptau,MR Egger,4,0.14247377710456036,1.3702902688685892,0.9266775792121584
