id.exposure,id.outcome,outcome,exposure,method,nsnp,b,se,pval
ooJAN7,tvKpFU,diab,ptau,Inverse variance weighted (fixed effects),10,-0.05312041971418654,0.08403049444348172,0.5272846463730476
ooJAN7,tvKpFU,diab,ptau,Weighted median,10,-0.22127380830487478,0.1232540659964688,0.07261136263675233
ooJAN7,tvKpFU,diab,ptau,Weighted mode,10,-0.296390136417479,0.24438887380883642,0.2560853337328182
ooJAN7,tvKpFU,diab,ptau,MR Egger,10,-0.3225531439547411,0.4203704529443318,0.46493977073870196
