id.exposure,id.outcome,outcome,exposure,method,nsnp,b,se,pval
Eg4q7d,sP8RdX,diab,ptau,Inverse variance weighted (fixed effects),10,-0.1435384557256789,0.08632198294650617,0.09634722853673706
Eg4q7d,sP8RdX,diab,ptau,Weighted median,10,-0.22168142640799318,0.12336309897526151,0.07233827394413343
Eg4q7d,sP8RdX,diab,ptau,Weighted mode,10,-0.24683038277088043,0.22289272320627868,0.29684036382149354
Eg4q7d,sP8RdX,diab,ptau,MR Egger,10,-0.3073044384603722,0.3212740562152175,0.3668187308889201
