id.exposure,id.outcome,outcome,exposure,method,nsnp,b,se,pval
PZjCGh,LXJGwS,diab,ptau,Inverse variance weighted (fixed effects),4,-0.01501797664206017,0.11981620236167084,0.9002529735811683
PZjCGh,LXJGwS,diab,ptau,Weighted median,4,-0.026893263226010766,0.14952334688092048,0.8572625096073178
PZjCGh,LXJGwS,diab,ptau,Weighted mode,4,-0.39675658578881534,0.46819830721832534,0.4590175266083106
PZjCGh,LXJGwS,diab,ptau,MR Egger,4,0.1424737771045586,1.3702902688685887,0.9266775792121593
