id.exposure,id.outcome,outcome,exposure,method,nsnp,b,se,pval
ooJAN7,tvKpFU,diab,ptau,Inverse variance weighted (fixed effects),9,-0.1484521851248476,0.09014640182629133,0.09960123561624877
ooJAN7,tvKpFU,diab,ptau,Weighted median,9,-0.22319487389616666,0.13134630429147012,0.08926539822373304
ooJAN7,tvKpFU,diab,ptau,Weighted mode,9,-0.29166862033778596,0.21963902330352447,0.22083304450737828
ooJAN7,tvKpFU,diab,ptau,MR Egger,9,-0.30664818483858475,0.3433328763921325,0.40143741225067986
