id.exposure,id.outcome,outcome,exposure,method,nsnp,b,se,pval
Eg4q7d,sP8RdX,diab,ptau,Inverse variance weighted (fixed effects),11,-0.055758928315952055,0.08090714504036667,0.4907151176777418
Eg4q7d,sP8RdX,diab,ptau,Weighted median,11,-0.22034099602923318,0.12588285893859402,0.08005528887135177
Eg4q7d,sP8RdX,diab,ptau,Weighted mode,11,-0.2598884587471054,0.22848522725680206,0.2818735264560227
Eg4q7d,sP8RdX,diab,ptau,MR Egger,11,-0.3213926051146757,0.39679324987809517,0.4388448852419178
