SNP,rsID,ld.r2,Dprime,ref.proxy,alt.proxy,CHR,POS,Effect_allele.proxy,Non_Effect_allele.proxy,EAF,Beta,SE,P,r2,N,ref,alt,Effect_allele,Non_Effect_allele
rs11961509,rs9468464,1,1,T,C,6,28984512,C,T,0.0538343,-0.003213,0.01208,0.7902,1.0516657183829974e-6,2194,A,G,G,A
rs9257681,NA,NA,NA,NA,NA,NA,NA,NA,NA,NA,NA,NA,NA,NA,NA,NA,NA,NA,NA
rs1233393,rs1235162,0.96,0.98,A,G,6,29537224,G,A,0.0843548,0.01403,0.009036,0.1205,3.040761520913471e-5,2833,C,G,G,C
rs28986310,rs115938232,0.97,1,A,G,6,29725013,G,A,0.0482445,-0.002816,0.01286,0.8266,7.282298918783877e-7,2445,C,T,T,C
rs2523734,rs2257914,0.93,0.98,C,A,6,30120563,A,C,0.117709,0.006829,0.007521,0.364,9.686474519754146e-6,2833,A,C,C,A
rs3130116,rs3130141,0.95,0.98,C,A,6,30432177,A,C,0.0974746,0.009754,0.008699,0.2623,1.6739650760526985e-5,2624,T,C,C,T
rs17476793,rs28780106,0.92,0.96,G,A,6,30451515,A,G,0.0678164,-0.009406,0.01067,0.3782,1.118603398128979e-5,2627,G,C,C,G
rs2284174,rs3095329,0.93,0.97,A,G,6,30693816,G,A,0.229181,0.002823,0.006522,0.6652,2.8156766098827415e-6,2833,T,C,C,T
rs1634726,NA,NA,NA,NA,NA,NA,NA,NA,NA,NA,NA,NA,NA,NA,NA,NA,NA,NA,NA
rs2596505,rs2442727,0.96,0.99,G,A,6,31319667,A,G,0.146135,0.003018,0.007454,0.6856,2.27306535444943e-6,2822,C,T,T,C
rs10501696,NA,NA,NA,NA,NA,NA,NA,NA,NA,NA,NA,NA,NA,NA,NA,NA,NA,NA,NA
rs28541419,NA,NA,NA,NA,NA,NA,NA,NA,NA,NA,NA,NA,NA,NA,NA,NA,NA,NA,NA
