id.exposure,id.outcome,outcome,exposure,method,nsnp,b,se,pval
7fSYgr,EwLyu8,diab,ab42,Inverse variance weighted (fixed effects),10,0.2895494699602123,0.11705130056784868,0.013372299577223941
7fSYgr,EwLyu8,diab,ab42,Weighted median,10,0.4248420866207607,0.17449187002250638,0.01490255221852407
7fSYgr,EwLyu8,diab,ab42,Weighted mode,10,0.5573627047932082,0.2602665209563263,0.06087182375367163
7fSYgr,EwLyu8,diab,ab42,MR Egger,10,-0.25364250872548144,0.5171420095127028,0.636970243195457
