id.exposure,id.outcome,outcome,exposure,egger_intercept,se,pval
7fSYgr,EwLyu8,diab,ab42,0.014940431129823666,0.013521869826483963,0.3013188617706973
