id.exposure,id.outcome,outcome,exposure,method,nsnp,b,se,pval
Byw60l,fNFsdR,sociso,tau,Inverse variance weighted (fixed effects),11,-0.008917112241765363,0.019903053323322747,0.654133458025871
Byw60l,fNFsdR,sociso,tau,Weighted median,11,-6.390240771186328e-4,0.026604300014276515,0.9808369916924807
Byw60l,fNFsdR,sociso,tau,Weighted mode,11,0.012499655260519021,0.03618227644027514,0.7369028079538109
Byw60l,fNFsdR,sociso,tau,MR Egger,11,-0.02618863069316916,0.05965644378175201,0.6710183645847649
