id.exposure,id.outcome,outcome,exposure,method,nsnp,b,se,pval
OwsQQG,LmT3bH,hipv2015,alcc,Inverse variance weighted (fixed effects),7,-100.85207858100642,101.38243191205363,0.3198487314324933
OwsQQG,LmT3bH,hipv2015,alcc,Weighted median,7,-77.94926005108823,115.67153870420374,0.5003847305311692
OwsQQG,LmT3bH,hipv2015,alcc,Weighted mode,7,-73.04949782345147,108.01530468704104,0.5240561983401745
OwsQQG,LmT3bH,hipv2015,alcc,MR Egger,7,-207.66772351426016,545.7520859636643,0.7191916264988869
