id.exposure,id.outcome,outcome,exposure,method,nsnp,b,se,pval
OwsQQG,LmT3bH,hipv2015,alcc,Inverse variance weighted (fixed effects),7,-100.85207858100642,101.38243191205363,0.3198487314324933
OwsQQG,LmT3bH,hipv2015,alcc,Weighted median,7,-77.94926005108823,121.09588112417718,0.519770839534512
OwsQQG,LmT3bH,hipv2015,alcc,Weighted mode,7,-73.04949782345147,104.18131708381638,0.5094594366509497
OwsQQG,LmT3bH,hipv2015,alcc,MR Egger,7,-207.66772351426044,545.7520859636644,0.7191916264988867
