id.exposure,id.outcome,outcome,exposure,method,nsnp,b,se,pval
nOFwjl,LtxB9u,hipv2015,alcc,Inverse variance weighted (fixed effects),11,-114.80977628622719,90.48386612976228,0.20449723822003069
nOFwjl,LtxB9u,hipv2015,alcc,Weighted median,11,-75.44629286019466,107.45822013612765,0.48261751901064504
nOFwjl,LtxB9u,hipv2015,alcc,Weighted mode,11,-78.51565457356764,101.25496612500628,0.4560342646630581
nOFwjl,LtxB9u,hipv2015,alcc,MR Egger,11,-339.21491132471715,427.3381466064429,0.4477425548817061
