id.exposure,id.outcome,outcome,exposure,method,nsnp,b,se,pval
RdhCIk,PxFNtH,hipv2015,alcc,Inverse variance weighted (fixed effects),40,-47.350684781985365,57.54525088114911,0.4105974986182798
RdhCIk,PxFNtH,hipv2015,alcc,Weighted median,40,-88.9150173098091,80.25918469777513,0.2679272505449118
RdhCIk,PxFNtH,hipv2015,alcc,Weighted mode,40,-78.02142096212356,98.97679255271898,0.43529844123993544
RdhCIk,PxFNtH,hipv2015,alcc,MR Egger,40,-240.99209476148673,250.56106340809967,0.3422258130410566
