id.exposure,id.outcome,outcome,exposure,method,nsnp,b,se,pval
VQs0vj,10WUBU,hipv2015,alcc,Inverse variance weighted (fixed effects),47,-59.01320888861533,54.17678363679356,0.2760343191559586
VQs0vj,10WUBU,hipv2015,alcc,Weighted median,47,-82.39806305866027,75.24369819124868,0.273480460163337
VQs0vj,10WUBU,hipv2015,alcc,Weighted mode,47,-77.28931156146655,85.07861245489534,0.3683777802199105
VQs0vj,10WUBU,hipv2015,alcc,MR Egger,47,-304.03670935086353,243.3650166915439,0.2180135723177451
