id.exposure,id.outcome,outcome,exposure,method,nsnp,b,se,pval
Z6TEA3,lWoeZz,hipv2015,alcc,Inverse variance weighted (fixed effects),11,-114.80977628622715,90.48386612976228,0.20449723822003088
Z6TEA3,lWoeZz,hipv2015,alcc,Weighted median,11,-75.44629286019466,105.68573875561081,0.47530514396838874
Z6TEA3,lWoeZz,hipv2015,alcc,Weighted mode,11,-78.51565457356764,102.74187553273585,0.46239723090673557
Z6TEA3,lWoeZz,hipv2015,alcc,MR Egger,11,-339.21491132471726,427.33814660644293,0.4477425548817059
