id.exposure,id.outcome,outcome,exposure,method,nsnp,b,se,pval
VQs0vj,10WUBU,hipv2015,alcc,Inverse variance weighted (fixed effects),47,-59.01320888861533,54.17678363679356,0.2760343191559586
VQs0vj,10WUBU,hipv2015,alcc,Weighted median,47,-82.39806305866027,78.38175439779889,0.29314821468727775
VQs0vj,10WUBU,hipv2015,alcc,Weighted mode,47,-77.28931156146655,100.70193493695658,0.44670271925033045
VQs0vj,10WUBU,hipv2015,alcc,MR Egger,47,-304.03670935086353,243.3650166915439,0.2180135723177451
