id.exposure,id.outcome,outcome,exposure,method,nsnp,b,se,pval
MWCj2L,6xgzgI,diab,hipv,Inverse variance weighted (fixed effects),6,-0.01914773415367393,0.05035143758525591,0.7037362611837126
MWCj2L,6xgzgI,diab,hipv,Weighted median,6,0.0403893122356821,0.07471705444247928,0.5888084837450606
MWCj2L,6xgzgI,diab,hipv,Weighted mode,6,0.052567090885400014,0.0824245310226671,0.5516871486314778
MWCj2L,6xgzgI,diab,hipv,MR Egger,6,0.24695838823515903,0.2523949202674958,0.3832484099162444
