id.exposure,id.outcome,outcome,exposure,method,nsnp,b,se,pval
4vaUmX,aW9zwC,diab,hipv,Inverse variance weighted (fixed effects),5,-0.0740376652729609,0.05436205733883779,0.17321795396189077
4vaUmX,aW9zwC,diab,hipv,Weighted median,5,0.02401095119716888,0.0788368883658227,0.760697535358812
4vaUmX,aW9zwC,diab,hipv,Weighted mode,5,0.04872099641826966,0.08573316876483963,0.6002239630351123
4vaUmX,aW9zwC,diab,hipv,MR Egger,5,0.2987341867470849,0.13770093983062048,0.11851824457713736
