id.exposure,id.outcome,outcome,exposure,method,nsnp,b,se,pval
I2FnIp,tQIt7y,diab,hipv,Inverse variance weighted (fixed effects),18,0.04381982061882571,0.03698466658348858,0.2360923874970252
I2FnIp,tQIt7y,diab,hipv,Weighted median,18,0.05249037354343744,0.058843561204771515,0.3723754713965527
I2FnIp,tQIt7y,diab,hipv,Weighted mode,18,0.07198400290983831,0.07827428857869351,0.3706277029429391
I2FnIp,tQIt7y,diab,hipv,MR Egger,18,0.19342133182682267,0.15659601626940475,0.23460133655879914
