id.exposure,id.outcome,outcome,exposure,method,nsnp,b,se,pval
MWCj2L,6xgzgI,diab,hipv,Inverse variance weighted (fixed effects),4,-0.02306107285168043,0.05903805051456816,0.696082778724523
MWCj2L,6xgzgI,diab,hipv,Weighted median,4,0.03865726546547282,0.07436146456564938,0.603163832752929
MWCj2L,6xgzgI,diab,hipv,Weighted mode,4,0.05297647839252151,0.0743350803579915,0.5274792599836096
MWCj2L,6xgzgI,diab,hipv,MR Egger,4,0.2649851134936312,0.14086735644432527,0.20069217256323427
