id.exposure,id.outcome,outcome,exposure,method,nsnp,b,se,pval
Ytnp2O,fpptMd,diab,hipv,Inverse variance weighted (fixed effects),18,0.012643924472985034,0.036377213343561116,0.7281570189689419
Ytnp2O,fpptMd,diab,hipv,Weighted median,18,0.037678846743677365,0.05500916692300128,0.49337182655604184
Ytnp2O,fpptMd,diab,hipv,Weighted mode,18,0.06340161077103845,0.080175147463447,0.4399607279939901
Ytnp2O,fpptMd,diab,hipv,MR Egger,18,0.19239163439488854,0.17192451699006114,0.2796393490984547
