id.exposure,id.outcome,outcome,exposure,method,nsnp,b,se,pval
TvlfMk,IzTW4g,trig,tau,Inverse variance weighted (fixed effects),10,0.3534947531750523,0.045985978128011196,1.506113345585377e-14
TvlfMk,IzTW4g,trig,tau,Weighted median,10,0.14456794563624825,0.0898715603425158,0.10770248628796812
TvlfMk,IzTW4g,trig,tau,Weighted mode,10,0.05927492776950871,0.18080336679320058,0.7505291097757358
TvlfMk,IzTW4g,trig,tau,MR Egger,10,0.4029839127121724,0.49207875836278814,0.43653379489188804
