id.exposure,id.outcome,outcome,exposure,method,nsnp,b,se,pval
P7a5Ov,QKiXfC,trig,tau,Inverse variance weighted (fixed effects),8,0.4101409219410872,0.05200625903637547,3.1108794342732294e-15
P7a5Ov,QKiXfC,trig,tau,Weighted median,8,0.38158303390491366,0.09231732990091748,3.574597444786938e-5
P7a5Ov,QKiXfC,trig,tau,Weighted mode,8,0.431581619858435,0.08708117790006449,0.0016448741508633482
P7a5Ov,QKiXfC,trig,tau,MR Egger,8,0.447295202919277,0.584866199385276,0.4733978599610281
