id.exposure,id.outcome,outcome,exposure,method,nsnp,b,se,pval
P7a5Ov,QKiXfC,trig,tau,Inverse variance weighted (fixed effects),7,0.46376195440033613,0.05378182885844106,6.520927583188678e-18
P7a5Ov,QKiXfC,trig,tau,Weighted median,7,0.4350963131913019,0.0837585440040158,2.0510544102245317e-7
P7a5Ov,QKiXfC,trig,tau,Weighted mode,7,0.46503696608255474,0.09089502517665726,0.002186365731909256
P7a5Ov,QKiXfC,trig,tau,MR Egger,7,0.29553139320321264,0.6047227170602859,0.6457299321745822
