id.exposure,id.outcome,outcome,exposure,method,nsnp,b,se,pval
6LYtpV,C2kqld,aaos,sleep,Inverse variance weighted (fixed effects),29,-0.057940532462623824,0.13394481166654607,0.6653270508077638
6LYtpV,C2kqld,aaos,sleep,Weighted median,29,-0.13261307998003527,0.21116433623790037,0.5299981175866944
6LYtpV,C2kqld,aaos,sleep,Weighted mode,29,-0.29116563717191024,0.3605995632902184,0.42621451705963376
6LYtpV,C2kqld,aaos,sleep,MR Egger,29,0.11538875342434117,0.39141530574588235,0.7704024728051697
