query_snp_rsid,rsID,ld.r2,Dprime,ref.proxy,alt.proxy,CHR,POS,Effect_allele.proxy,Non_Effect_allele.proxy,EAF,Beta,SE,P,r2,N,ref,alt,Effect_allele,Non_Effect_allele
rs12592721,rs11634450,0.99,0.99,A,G,15,79093201,A,G,0.5678,-0.05,0.0442,0.2578,0.0012270158000000002,4914,G,C,G,C
rs28399459,rs28399462,0.94,1,G,A,19,41350615,A,G,0.0152,-0.1464,0.3222,0.6495,6.416582418432e-4,4914,C,G,G,C
rs35405967,rs73048928,0.93,0.99,G,T,19,41323793,T,G,0.3148,0.0332,0.053,0.5318,4.7550845230080003e-4,4914,C,G,G,C
rs3844442,rs10417121,0.93,1,A,G,19,41424828,A,G,0.4453,-0.0226,0.0452,0.6168,2.5232352022319996e-4,4914,T,A,T,A
