id.exposure,id.outcome,outcome,exposure,method,nsnp,b,se,pval
I8tyGQ,GmGsYm,tau,diab,Inverse variance weighted (fixed effects),376,0.007430810908135314,0.0060903083891044275,0.22242537267306897
I8tyGQ,GmGsYm,tau,diab,Weighted median,376,0.023232705233053375,0.01239979526156325,0.06098058547126594
I8tyGQ,GmGsYm,tau,diab,Weighted mode,376,0.021770056792961956,0.01532640288040578,0.15631390611480236
I8tyGQ,GmGsYm,tau,diab,MR Egger,376,0.027802829753982128,0.01577251455928695,0.07876118150339899
