id.exposure,id.outcome,outcome,exposure,method,nsnp,b,se,pval
YRagCQ,bE5I2c,tau,diab,Inverse variance weighted (fixed effects),400,0.008550811801685215,0.005930170522394896,0.14932587958805033
YRagCQ,bE5I2c,tau,diab,Weighted median,400,0.023331116601934702,0.012047982231463038,0.05280447145696302
YRagCQ,bE5I2c,tau,diab,Weighted mode,400,0.02176493343251984,0.016057984845299297,0.1760580702753272
YRagCQ,bE5I2c,tau,diab,MR Egger,400,0.02686518871123686,0.015413236723538568,0.08210683613625368
