id.exposure,id.outcome,outcome,exposure,method,nsnp,b,se,pval
I8tyGQ,GmGsYm,tau,diab,Inverse variance weighted (fixed effects),376,0.007430810908135314,0.0060903083891044275,0.22242537267306897
I8tyGQ,GmGsYm,tau,diab,Weighted median,376,0.023232705233053375,0.012088340809510751,0.05461706095879057
I8tyGQ,GmGsYm,tau,diab,Weighted mode,376,0.021770056792961956,0.014931390172198961,0.14567584326012425
I8tyGQ,GmGsYm,tau,diab,MR Egger,376,0.027802829753982128,0.01577251455928695,0.07876118150339899
