id.exposure,id.outcome,outcome,exposure,method,nsnp,b,se,pval
QkmjN8,uPiKo9,tau,diab,Inverse variance weighted (fixed effects),176,0.011266341988731969,0.007335599650763417,0.12457646884648779
QkmjN8,uPiKo9,tau,diab,Weighted median,176,0.023483876399902022,0.014035268918713442,0.0942870267513506
QkmjN8,uPiKo9,tau,diab,Weighted mode,176,0.022549735740614696,0.01586758405275199,0.15706144533463304
QkmjN8,uPiKo9,tau,diab,MR Egger,176,0.017193078110347548,0.01842070861525959,0.3519295861357731
