id.exposure,id.outcome,outcome,exposure,method,nsnp,b,se,pval
8Vv41y,IbgTKo,tau,diab,Inverse variance weighted (fixed effects),176,0.011266341988731986,0.007335599650763417,0.12457646884648721
8Vv41y,IbgTKo,tau,diab,Weighted median,176,0.023483876399902022,0.014337822230441315,0.10144317633701785
8Vv41y,IbgTKo,tau,diab,Weighted mode,176,0.022549735740614696,0.015426815188173834,0.14561038816077088
8Vv41y,IbgTKo,tau,diab,MR Egger,176,0.017193078110347593,0.018420708615259587,0.35192958613577174
