id.exposure,id.outcome,outcome,exposure,method,nsnp,b,se,pval
evujxA,mWzJHv,tau,diab,Inverse variance weighted (fixed effects),167,0.01142707417102907,0.00749789343002605,0.12749923012417214
evujxA,mWzJHv,tau,diab,Weighted median,167,0.023427408509730352,0.014145030938376267,0.0976754802261246
evujxA,mWzJHv,tau,diab,Weighted mode,167,0.018707781331470774,0.01567273151037649,0.2343173299526055
evujxA,mWzJHv,tau,diab,MR Egger,167,0.014136367313142132,0.01867897248891099,0.4502451043164709
