id.exposure,id.outcome,outcome,exposure,method,nsnp,b,se,pval
ecO4aT,IBgUta,load,tc,Inverse variance weighted (fixed effects),367,0.5132401754308689,0.026842957519041734,1.717602979851101e-81
ecO4aT,IBgUta,load,tc,Weighted median,367,0.057346867144819125,0.05367034883053592,0.28529419524274496
ecO4aT,IBgUta,load,tc,Weighted mode,367,0.012951243831112791,0.0699163654933782,0.8531441189787174
ecO4aT,IBgUta,load,tc,MR Egger,367,1.0704040961514196,0.16793542902637795,5.565064784845578e-10
