id.exposure,id.outcome,outcome,exposure,method,nsnp,b,se,pval
NMOe9w,KSXmgZ,load,tc,Inverse variance weighted (fixed effects),227,0.5583683191633875,0.029163870609519898,1.0472960674444386e-81
NMOe9w,KSXmgZ,load,tc,Weighted median,227,0.055989599249438256,0.05624792124323331,0.31953814188866897
NMOe9w,KSXmgZ,load,tc,Weighted mode,227,0.01052707152785537,0.06964322911868231,0.8799865925011219
NMOe9w,KSXmgZ,load,tc,MR Egger,227,1.1589330339718389,0.2260326880126895,6.331565262154696e-7
