id.exposure,id.outcome,outcome,exposure,method,nsnp,b,se,pval
IMy5FY,KKt0HF,load,tc,Inverse variance weighted (fixed effects),357,0.5209478400287372,0.027328493374026437,5.179902825243035e-81
IMy5FY,KKt0HF,load,tc,Weighted median,357,0.05747488820446285,0.05186430246260926,0.2677848732149328
IMy5FY,KKt0HF,load,tc,Weighted mode,357,0.015047399386315163,0.06749148019868476,0.823700283108553
IMy5FY,KKt0HF,load,tc,MR Egger,357,1.1210455000967519,0.17193272467112355,2.4145199075247556e-10
