id.exposure,id.outcome,outcome,exposure,method,nsnp,b,se,pval
6f0mpm,6EyJI7,load,tc,Inverse variance weighted (fixed effects),228,0.5638053026832138,0.02955062121152779,3.7521792619088244e-81
6f0mpm,6EyJI7,load,tc,Weighted median,228,0.05689482128384829,0.05595727966424806,0.3092701863538449
6f0mpm,6EyJI7,load,tc,Weighted mode,228,0.01198680596338697,0.07256451036015096,0.868942809936787
6f0mpm,6EyJI7,load,tc,MR Egger,228,1.2749201167195499,0.23387152723052082,1.3051714943182834e-7
