id.exposure,id.outcome,outcome,exposure,method,nsnp,b,se,pval
NlHrkR,LwpY1U,load,tc,Inverse variance weighted (fixed effects),358,0.5061607167810567,0.027103964835333866,7.940899653177361e-78
NlHrkR,LwpY1U,load,tc,Weighted median,358,0.05710902224388786,0.052232951029671265,0.27423910532111395
NlHrkR,LwpY1U,load,tc,Weighted mode,358,0.014633852010939918,0.06552628457945187,0.8234079945844129
NlHrkR,LwpY1U,load,tc,MR Egger,358,1.0759150131951767,0.17097726973895996,9.165730788030598e-10
