id.exposure,id.outcome,outcome,exposure,egger_intercept,se,pval
6f0mpm,6EyJI7,load,tc,-0.03284968618267661,0.01025075954480153,0.0015450626395736005
