id.exposure,id.outcome,outcome,exposure,method,nsnp,b,se,pval
qUADtM,shmzns,load,tc,Inverse variance weighted (fixed effects),217,0.09602507046520543,0.03346755643791622,0.004115131511924396
qUADtM,shmzns,load,tc,Weighted median,217,0.05428729846763398,0.05864537685124185,0.3546083509953149
qUADtM,shmzns,load,tc,Weighted mode,217,0.03493420496259825,0.08401583928764483,0.6779655096987975
qUADtM,shmzns,load,tc,MR Egger,217,0.03180002614075625,0.09863173330382372,0.7474541068838443
