id.exposure,id.outcome,outcome,exposure,method,nsnp,b,se,pval
NMOe9w,KSXmgZ,load,tc,Inverse variance weighted (fixed effects),231,0.5248374393915833,0.02872585431700166,1.4198667904667977e-74
NMOe9w,KSXmgZ,load,tc,Weighted median,231,0.054945503252165906,0.05334013978479122,0.30296460291130994
NMOe9w,KSXmgZ,load,tc,Weighted mode,231,0.011861891001464286,0.06277012620869679,0.8502802251143224
NMOe9w,KSXmgZ,load,tc,MR Egger,231,1.1327927926252799,0.22269030786855318,7.576242837074969e-7
