id.exposure,id.outcome,outcome,exposure,method,nsnp,b,se,pval
NlHrkR,LwpY1U,load,tc,Inverse variance weighted (fixed effects),360,0.486006216760334,0.026714604931910826,5.914727625820891e-74
NlHrkR,LwpY1U,load,tc,Weighted median,360,0.05595780743029111,0.05196460125313478,0.281549634735508
NlHrkR,LwpY1U,load,tc,Weighted mode,360,0.015247041937977102,0.06399270554816068,0.8118136840216482
NlHrkR,LwpY1U,load,tc,MR Egger,360,1.0168321014230917,0.16693514321494285,2.8934291198904683e-9
