id.exposure,id.outcome,outcome,exposure,method,nsnp,b,se,pval
qUADtM,shmzns,load,tc,Inverse variance weighted (fixed effects),233,0.5754610431088546,0.02948536656814347,7.898127601205397e-85
qUADtM,shmzns,load,tc,Weighted median,233,0.05770369596287381,0.058086750645541106,0.3205123958217307
qUADtM,shmzns,load,tc,Weighted mode,233,0.01325727635932239,0.06968318500879322,0.8492790291603083
qUADtM,shmzns,load,tc,MR Egger,233,1.2988147383329178,0.23180945661387745,5.972471427149821e-8
