id.exposure,id.outcome,outcome,exposure,method,nsnp,b,se,pval
FYAPqL,UVICUd,ptau,educ,Inverse variance weighted (fixed effects),2435,-0.014366615025601447,0.013412693964442885,0.28411513239888087
FYAPqL,UVICUd,ptau,educ,Weighted median,2435,0.012355254739797442,0.020422416403450473,0.5451889910036212
FYAPqL,UVICUd,ptau,educ,Weighted mode,2435,0.11262613012454681,0.08417734255267902,0.18103363742904235
FYAPqL,UVICUd,ptau,educ,MR Egger,2435,0.07729272382246244,0.04570220627175993,0.09092186739361097
