id.exposure,id.outcome,outcome,exposure,method,nsnp,b,se,pval
1FcHYE,tlFEGY,ptau,educ,Inverse variance weighted (fixed effects),2247,-0.01708800899004043,0.014019833350373807,0.222902887045804
1FcHYE,tlFEGY,ptau,educ,Weighted median,2247,0.008348465470499463,0.021419089264891607,0.6967084575358546
1FcHYE,tlFEGY,ptau,educ,Weighted mode,2247,0.11215557866341808,0.09408059520644488,0.2333392206628662
1FcHYE,tlFEGY,ptau,educ,MR Egger,2247,0.07728652380217875,0.04817749946087907,0.10880981392526921
