id.exposure,id.outcome,outcome,exposure,method,nsnp,b,se,pval
sPxXQv,4Uby8g,trig,hipv,Inverse variance weighted (fixed effects),3,-0.024138018756926564,0.046649981054066245,0.6048572329983783
sPxXQv,4Uby8g,trig,hipv,Weighted median,3,-0.026736193352937112,0.0517037270336538,0.6050837060987335
sPxXQv,4Uby8g,trig,hipv,Weighted mode,3,-0.038686417521366666,0.06234406667371347,0.5981963623116409
sPxXQv,4Uby8g,trig,hipv,MR Egger,3,0.06652587912765598,0.26315380615160017,0.8423638099987288
