id.exposure,id.outcome,outcome,exposure,method,nsnp,b,se,pval
nNOchp,akdHHs,trig,hipv,Inverse variance weighted (fixed effects),5,-0.010948511768361967,0.03258540530425054,0.7368751341921846
nNOchp,akdHHs,trig,hipv,Weighted median,5,-0.00808590583175001,0.040603794906273506,0.8421519586509719
nNOchp,akdHHs,trig,hipv,Weighted mode,5,-0.019324820504462437,0.05065547745234762,0.7222349727676945
nNOchp,akdHHs,trig,hipv,MR Egger,5,0.10433148771680115,0.08276998392093673,0.2966117549663341
