id.exposure,id.outcome,outcome,exposure,method,nsnp,b,se,pval
auhP4J,hOsd55,trig,hipv,Inverse variance weighted (fixed effects),8,-0.04332150409162383,0.03313155044064229,0.19102244820172487
auhP4J,hOsd55,trig,hipv,Weighted median,8,-0.036183193310293064,0.0432199771985046,0.4024875902630563
auhP4J,hOsd55,trig,hipv,Weighted mode,8,-0.0250467894489948,0.05619966281700861,0.6692898300676988
auhP4J,hOsd55,trig,hipv,MR Egger,8,0.005586498568985877,0.15734350941410805,0.9728287217786482
