id.exposure,id.outcome,outcome,exposure,method,nsnp,b,se,pval
auhP4J,hOsd55,trig,hipv,Inverse variance weighted (fixed effects),8,-0.04332150409162383,0.03313155044064229,0.19102244820172487
auhP4J,hOsd55,trig,hipv,Weighted median,8,-0.036183193310293064,0.04138516629515494,0.38195302575374196
auhP4J,hOsd55,trig,hipv,Weighted mode,8,-0.0250467894489948,0.049587229557960355,0.6289955353659556
auhP4J,hOsd55,trig,hipv,MR Egger,8,0.005586498568985877,0.15734350941410805,0.9728287217786482
