id.exposure,id.outcome,outcome,exposure,method,nsnp,b,se,pval
byFNa8,LP3Cfz,trig,hipv,Inverse variance weighted (fixed effects),19,-0.06297734502384446,0.02187250872902097,0.003985687896639309
byFNa8,LP3Cfz,trig,hipv,Weighted median,19,-0.03233933494884542,0.030410832461691267,0.2875938000881987
byFNa8,LP3Cfz,trig,hipv,Weighted mode,19,-0.007780498443251682,0.039297742032413464,0.8452729238900965
byFNa8,LP3Cfz,trig,hipv,MR Egger,19,-0.008520540682013147,0.10661986195240139,0.9372379814408256
