target_snp,proxy_snp,ld.r2,Dprime,PHASE,X12,CHR,POS,Effect_allele.proxy,Non_Effect_allele.proxy,EAF,Beta,SE,P,r2,N,ref,ref.proxy,alt,alt.proxy,Effect_allele,Non_Effect_allele,proxy.outcome
rs2842356,rs2842359,0.842963,0.985973,GG/CA,NA,6,7265235,G,A,0.3931,1.1777,4.7547,0.8044,0.6617889739020462,12964,G,G,C,A,G,C,TRUE
rs13234269,rs6973807,0.995991,1,AG/TA,NA,7,130423972,G,A,0.4604,1.1169,4.7672,0.8148,0.6198203536580449,13163,A,G,T,A,A,T,TRUE
rs17411031,rs17411045,1,1,GC/CT,NA,8,19852362,C,T,0.2731,-6.8757,5.1775,0.1842,18.769824127241066,13163,G,C,C,T,G,C,TRUE
rs2466321,rs2464579,1,1,CC/GT,NA,8,118216638,C,T,0.1847,-3.7988,6.5157,0.5599,4.346174827489022,13163,C,C,G,T,C,G,TRUE
rs1758632,rs2486675,1,1,CT/GG,NA,9,33845079,T,G,0.405,6.1604,4.767,0.1963,18.290257046712004,13163,C,T,G,G,C,G,TRUE
rs11591741,rs11597086,1,1,CC/GA,NA,10,101953705,C,A,0.4169,3.5643,4.7364,0.4517,6.176656267527021,12671,C,C,G,A,C,G,TRUE
rs7932966,rs6483215,0.994519,1,AA/TG,NA,11,92792115,A,G,0.2414,0.5726,5.4438,0.9162,0.12008334782118078,13163,A,A,T,G,A,T,TRUE
rs2915640,rs25643,0.925582,0.983423,AC/TT,NA,12,121660787,C,T,0.4815,3.3645,4.6377,0.4682,5.652181680658875,13163,A,C,T,T,A,T,TRUE
rs963740,rs9316500,1,1,TG/AT,NA,13,51094114,G,T,0.2863,-6.0299,5.0758,0.2348,14.858920535912924,13163,T,G,A,T,T,A,TRUE
rs4932143,rs7111,0.994944,1,GT/CC,NA,15,90373873,T,C,0.2652,1.7451,5.1876,0.7366,1.1868977322794594,13163,G,T,C,C,G,C,TRUE
rs9844972,NA,NA,NA,NA,NA,NA,NA,NA,NA,NA,NA,NA,NA,NA,NA,NA,NA,NA,NA,NA,NA,NA
rs7729395,NA,NA,NA,NA,NA,NA,NA,NA,NA,NA,NA,NA,NA,NA,NA,NA,NA,NA,NA,NA,NA,NA
rs9271775,NA,NA,NA,NA,NA,NA,NA,NA,NA,NA,NA,NA,NA,NA,NA,NA,NA,NA,NA,NA,NA,NA
rs10830963,NA,NA,NA,NA,NA,NA,NA,NA,NA,NA,NA,NA,NA,NA,NA,NA,NA,NA,NA,NA,NA,NA
